time,mean_sn,n_days,sum_n_obs,A,sum_sigma,sum_n_sig2,mean_n_obs,B,pooled,naive_disp,naive_sem,published,published_n_obs,ratio_disp,ratio_sem,rho_eff_disp,rho_eff_sem
1818-01-01,58.125,8,8.0,747.3199999999999,74.4,747.3199999999999,1.0,5535.360000000001,9.665143558168186,3.4171442755611006,3.4171442755611006,9.7,8.0,0.35228291500629905,0.35228291500629905,1.1015864529118384,1.1015864529118384
1818-02-01,37.42857142857143,14,14.0,860.2,87.4,860.2,1.0,7638.760000000001,7.838549428488484,2.094940455049757,2.094940455049757,7.8,14.0,0.2685821096217637,0.2685821096217637,1.6322699806448562,1.6322699806448562
1818-03-01,42.357142857142854,14,14.0,957.53,109.1,957.53,1.0,11902.81,8.270126963958896,2.2102844031610824,2.2102844031610824,8.3,14.0,0.2662993256820581,0.2662993256820581,1.1461479286048417,1.1461479286048417
1818-04-01,57.523809523809526,21,21.0,1932.91,198.5,1932.91,1.0,39402.25,9.593921686845965,2.09356534959286,2.09356534959286,9.6,21.0,0.21807972391592292,0.21807972391592292,1.033101997526511,1.033101997526511
1818-05-01,88.48,25,25.0,3550.11,288.3,3550.11,1.0,83116.89,11.916559906281678,2.3833119812563357,2.3833119812563357,11.9,25.0,0.20027831775263324,0.20027831775263324,1.0677337954357335,1.0677337954357335
1818-06-01,60.8,25,25.0,2440.12,238.2,2440.12,1.0,56739.24,9.879514158095022,1.9759028316190044,1.9759028316190044,9.9,25.0,0.19958614460798024,0.19958614460798024,1.0831875360042669,1.0831875360042669
1818-07-01,46.76190476190476,21,21.0,1573.37,177.9,1573.37,1.0,31648.410000000003,8.655771539983073,1.8888442038198532,1.8888442038198532,8.7,21.0,0.21710852917469578,0.21710852917469578,1.057552043156052,1.057552043156052
1818-08-01,52.55,20,20.0,1686.2,177.4,1686.2,1.0,31470.760000000002,9.182047701901793,2.0531682834098133,2.0531682834098133,9.2,20.0,0.2231704655880232,0.2231704655880232,1.080083103460316,1.080083103460316
1818-09-01,43.388888888888886,18,18.0,1252.75,145.3,1252.75,1.0,21112.090000000004,8.342494963871554,1.9663449203227321,1.9663449203227321,8.3,18.0,0.23690902654490748,0.23690902654490748,1.060841397548962,1.060841397548962
1818-10-01,52.77272727272727,22,22.0,1862.96,188.6,1862.96,1.0,35569.96,9.202173656261873,1.961910015543758,1.961910015543758,9.2,22.0,0.21325108864606068,0.21325108864606068,1.16007950870739,1.16007950870739
1818-11-01,18.333333333333332,12,12.0,363.11,61.3,363.11,1.0,3757.6899999999996,5.500833270211584,1.5879537846619538,1.5879537846619538,5.5,12.0,0.28871886993853707,0.28871886993853707,1.176254499820302,1.176254499820302
1818-12-01,43.0,13,13.0,910.8199999999999,97.0,910.8199999999999,1.0,9409.0,8.370368983687452,2.3215226588645006,2.3215226588645006,8.4,13.0,0.27637174510291673,0.27637174510291673,1.2960210303853297,1.2960210303853297
1819-01-01,54.666666666666664,12,12.0,1056.09,110.5,1056.09,1.0,12210.25,9.381231262472959,2.7081281973594478,2.7081281973594478,9.4,12.0,0.28809874439994126,0.28809874439994126,1.0460447043972834,1.0460447043972834
1819-02-01,34.6,10,10.0,560.25,69.1,560.25,1.0,4774.8099999999995,7.484984969924789,2.366960075708925,2.366960075708925,7.5,10.0,0.31559467676119,0.31559467676119,1.2017268706579098,1.2017268706579098
1819-03-01,6.260869565217392,23,23.0,294.64000000000004,72.0,294.64000000000004,1.0,5184.0,3.5791667721145233,0.7463078623000116,0.7463078623000116,3.6,23.0,0.20730773952778098,0.20730773952778098,1.3419343226925406,1.3419343226925406
1819-04-01,33.73913043478261,23,23.0,1270.9,150.6,1270.9,1.0,22680.359999999997,7.433473060362191,1.5499862795904726,1.5499862795904726,7.4,23.0,0.20945760535006386,0.20945760535006386,1.2936869963091087,1.2936869963091087
1819-05-01,32.61290322580645,31,31.0,1668.38,199.0,1668.38,1.0,39601.0,7.3361236138317185,1.3176066973680012,1.3176066973680012,7.3,31.0,0.1804940681326029,0.1804940681326029,1.306087214645337,1.306087214645337
1819-06-01,58.26086956521739,23,23.0,2149.75,215.5,2149.75,1.0,46440.25,9.667853500356108,2.015886807816393,2.015886807816393,9.7,23.0,0.2078233822491127,0.2078233822491127,1.0752612862803534,1.0752612862803534
1819-07-01,52.46666666666667,15,15.0,1256.27,131.5,1256.27,1.0,17292.25,9.151575456353585,2.362926622267865,2.362926622267865,9.2,15.0,0.2568398502465071,0.2568398502465071,1.1092387244184638,1.1092387244184638
1819-08-01,43.458333333333336,24,24.0,1692.37,182.3,1692.37,1.0,33233.29,8.39734581083015,1.714101035852645,1.714101035852645,8.4,24.0,0.20405964712531485,0.20405964712531485,1.2349097616683342,1.2349097616683342
1819-09-01,24.814814814814813,27,27.0,1109.3799999999999,151.4,1109.3799999999999,1.0,22921.960000000003,6.410003755704683,1.2336057979542037,1.2336057979542037,6.4,27.0,0.1927509059303443,0.1927509059303443,1.318067830582169,1.318067830582169
1819-10-01,45.90909090909091,22,22.0,1624.8500000000001,181.1,1624.8500000000001,1.0,32797.21,8.59399896333588,1.832246735342583,1.832246735342583,8.6,22.0,0.2130519459700678,0.2130519459700678,1.096220818699643,1.096220818699643
1819-11-01,41.78947368421053,19,19.0,1304.24,131.2,1304.24,1.0,17213.44,8.28518017464411,1.9007506900158075,1.9007506900158075,8.3,19.0,0.22900610723082016,0.22900610723082016,1.4812215573378928,1.4812215573378928
1819-12-01,50.9,20,20.0,1639.29,178.5,1639.29,1.0,31862.25,9.053424766352235,2.0244073206743747,2.0244073206743747,9.1,20.0,0.22246234293124997,0.22246234293124997,1.0417480617384927,1.0417480617384927
1820-01-01,32.0,19,19.0,1002.36,119.4,1002.36,1.0,14256.36,7.263318076036889,1.6663194467493194,1.6663194467493194,7.3,19.0,0.2282629379108657,0.2282629379108657,1.375835974045571,1.375835974045571
1820-02-01,44.357142857142854,14,14.0,996.22,115.6,996.22,1.0,13363.359999999999,8.435554008396332,2.254496640503333,2.254496640503333,8.4,14.0,0.2683924572027777,0.2683924572027777,1.0377128422577897,1.0377128422577897
1820-03-01,7.478260869565218,23,23.0,350.35,70.3,350.35,1.0,4942.089999999999,3.9028974743967044,0.8138103799986658,0.8138103799986658,3.9,23.0,0.2086693282047861,0.2086693282047861,1.6759964632143807,1.6759964632143807
1820-04-01,32.26315789473684,19,19.0,1006.43,122.1,1006.43,1.0,14908.409999999998,7.2780491891715045,1.6696989958798276,1.6696989958798276,7.3,19.0,0.22872588984655173,0.22872588984655173,1.3114146330234975,1.3114146330234975
1820-05-01,48.9,20,20.0,1566.03,171.5,1566.03,1.0,29412.25,8.848813479783603,1.9786548461012596,1.9786548461012596,8.8,20.0,0.22484714160241584,0.22484714160241584,1.056156634545012,1.056156634545012
1820-06-01,17.92,25,25.0,772.53,114.9,772.53,1.0,13202.010000000002,5.5588847802414465,1.1117769560482893,1.1117769560482893,5.6,25.0,0.1985315992943374,0.1985315992943374,1.5147431750966247,1.5147431750966247
1820-07-01,34.142857142857146,7,7.0,387.55999999999995,48.0,387.55999999999995,1.0,2304.0,7.440814087565572,2.8123633753663557,2.8123633753663557,7.4,7.0,0.38004910477923726,0.38004910477923726,1.1978877502035024,1.1978877502035024
1820-08-01,43.11764705882353,17,17.0,1173.0,139.2,1173.0,1.0,19376.639999999996,8.306623862918075,2.0146522105345537,2.0146522105345537,8.3,17.0,0.24272918199211488,0.24272918199211488,1.0292562366647553,1.0292562366647553
1820-09-01,8.64,25,25.0,408.88,86.2,408.88,1.0,7430.4400000000005,4.044156277890359,0.8088312555780718,0.8088312555780718,4.0,25.0,0.20220781389451795,0.20220781389451795,1.3659528651752602,1.3659528651752602
1820-10-01,14.884615384615385,26,26.0,689.82,104.8,689.82,1.0,10983.039999999999,5.150877445789063,1.010170177238592,1.010170177238592,5.2,26.0,0.19426349562280615,0.19426349562280615,1.7088160944777244,1.7088160944777244
1820-11-01,13.23076923076923,13,13.0,301.18,54.4,301.18,1.0,2959.3599999999997,4.813282903351133,1.334964485488207,1.334964485488207,4.8,13.0,0.27811760114337647,0.27811760114337647,1.3515187082891302,1.3515187082891302
1820-12-01,15.0625,16,16.0,432.62,65.8,432.62,1.0,4329.639999999999,5.199879806303219,1.2999699515758047,1.2999699515758047,5.2,16.0,0.24999422145688552,0.24999422145688552,1.6652775710671235,1.6652775710671235
1821-01-01,36.0,8,8.0,465.16999999999996,58.5,465.16999999999996,1.0,3422.25,7.625368843537996,2.6959750091571695,2.6959750091571695,7.6,8.0,0.3547335538364697,0.3547335538364697,1.092790861255022,1.092790861255022
1821-02-01,7.0,24,24.0,349.83,72.1,349.83,1.0,5198.409999999999,3.8178855404529872,0.779322622538317,0.779322622538317,3.8,24.0,0.20508490066797816,0.20508490066797816,1.6432873129864831,1.6432873129864831
1821-03-01,9.517241379310345,29,29.0,512.66,104.0,512.66,1.0,10816.0,4.204513174492709,0.7807584958072934,0.7807584958072934,4.2,29.0,0.18589487995411746,0.18589487995411746,1.3900909802064185,1.3900909802064185
1821-04-01,15.222222222222221,18,18.0,480.7,78.8,480.7,1.0,6209.44,5.167741823616535,1.2180484289668625,1.2180484289668625,5.2,18.0,0.2342400824936274,0.2342400824936274,1.445389387544207,1.445389387544207
1821-05-01,2.806451612903226,31,31.0,245.63,77.1,245.63,1.0,5944.409999999999,2.814879817522726,0.5055673397952422,0.5055673397952422,2.8,31.0,0.1805597642125865,0.1805597642125865,1.2789772547808478,1.2789772547808478
1821-06-01,2.9655172413793105,29,29.0,241.39000000000001,72.3,241.39000000000001,1.0,5227.29,2.8850984564566033,0.5357493335457993,0.5357493335457993,2.9,29.0,0.1847411494985515,0.1847411494985515,1.3701478168434988,1.3701478168434988
1821-07-01,4.25,24,24.0,247.18,64.0,247.18,1.0,4096.0,3.209231476018311,0.6550816318936477,0.6550816318936477,3.2,24.0,0.2047130099667649,0.2047130099667649,1.468257803690482,1.468257803690482
1821-08-01,8.038461538461538,26,26.0,402.79999999999995,87.4,402.79999999999995,1.0,7638.760000000001,3.936026891715514,0.7719183818032062,0.7719183818032062,3.9,26.0,0.1979277902059503,0.1979277902059503,1.3652867069469703,1.3652867069469703
1821-09-01,7.275862068965517,29,29.0,431.42,90.8,431.42,1.0,8244.64,3.8570133165621727,0.7162293921724051,0.7162293921724051,3.9,29.0,0.1836485620954885,0.1836485620954885,1.5819585267021792,1.5819585267021792
1821-10-01,31.392857142857142,28,28.0,1434.27,185.5,1434.27,1.0,34410.25,7.157089392443591,1.352562760247436,1.352562760247436,7.2,28.0,0.18785593892325497,0.18785593892325497,1.188995444562982,1.188995444562982
1821-11-01,7.333333333333333,27,27.0,406.32,83.8,406.32,1.0,7022.44,3.879289740260308,0.7465696586012807,0.7465696586012807,3.9,27.0,0.19142811759007197,0.19142811759007197,1.6145066897214682,1.6145066897214682
1821-12-01,0.41935483870967744,31,31.0,141.16,64.6,141.16,1.0,4173.159999999999,2.133904493433756,0.3832605610394618,0.3832605610394618,2.1,31.0,0.1825050290664104,0.1825050290664104,1.0160838293650798,1.0160838293650798
1822-01-01,0.0,31,31.0,124.0,62.0,124.0,1.0,3844.0,2.0,0.35921060405354976,0.35921060405354976,2.0,31.0,0.17960530202677488,0.17960530202677488,1.0,1.0
1822-02-01,1.5,28,28.0,175.24,62.2,175.24,1.0,3868.84,2.5017136983618706,0.4727794498106546,0.4727794498106546,2.5,28.0,0.18911177992426184,0.18911177992426184,1.2791747888239116,1.2791747888239116
1822-03-01,26.857142857142858,28,28.0,1233.54,167.8,1233.54,1.0,28156.840000000004,6.637394066951276,1.2543495753349052,1.2543495753349052,6.6,28.0,0.19005296595983412,0.19005296595983412,1.2226398695553662,1.2226398695553662
1822-04-01,21.653846153846153,26,26.0,937.4,138.6,937.4,1.0,19209.96,6.004485502842534,1.177576490310733,1.177576490310733,6.0,26.0,0.19626274838512217,0.19626274838512217,1.2805321202940365,1.2805321202940365
1822-05-01,2.433333333333333,30,30.0,229.29,71.3,229.29,1.0,5083.69,2.764597619907823,0.5047441596162027,0.5047441596162027,2.8,30.0,0.18026577129150095,0.18026577129150095,1.4062932597231377,1.4062932597231377
1822-06-01,9.310344827586206,29,29.0,520.53,98.5,520.53,1.0,9702.25,4.236662642319729,0.7867285021076441,0.7867285021076441,4.2,29.0,0.18731631002562954,0.18731631002562954,1.5590444927529918,1.5590444927529918
1822-07-01,13.241379310344827,29,29.0,703.1,111.6,703.1,1.0,12454.56,4.923903693839564,0.9143459615787726,0.9143459615787726,4.9,29.0,0.18660121664872908,0.18660121664872908,1.658458608547364,1.658458608547364
1822-08-01,3.4193548387096775,31,31.0,283.07,78.3,283.07,1.0,6130.889999999999,3.0218024956275094,0.542731749892441,0.542731749892441,3.0,31.0,0.18091058329748033,0.18091058329748033,1.4306066192187858,1.4306066192187858
1822-09-01,0.0,30,30.0,120.0,60.0,120.0,1.0,3600.0,2.0,0.36514837167011077,0.36514837167011077,2.0,30.0,0.18257418583505539,0.18257418583505539,1.0,1.0
1822-10-01,0.5806451612903226,31,31.0,149.16,65.4,149.16,1.0,4277.160000000001,2.1935388994102216,0.39397121653605227,0.39397121653605227,2.2,31.0,0.17907782569820557,0.17907782569820557,1.0906201550387598,1.0906201550387598
1822-11-01,0.0,30,30.0,120.0,60.0,120.0,1.0,3600.0,2.0,0.36514837167011077,0.36514837167011077,2.0,30.0,0.18257418583505539,0.18257418583505539,1.0,1.0
1822-12-01,0.0,30,30.0,120.0,60.0,120.0,1.0,3600.0,2.0,0.36514837167011077,0.36514837167011077,2.0,30.0,0.18257418583505539,0.18257418583505539,1.0,1.0
1823-01-01,0.0,31,31.0,124.0,62.0,124.0,1.0,3844.0,2.0,0.35921060405354976,0.35921060405354976,2.0,31.0,0.17960530202677488,0.17960530202677488,1.0,1.0
1823-02-01,0.0,28,28.0,112.0,56.0,112.0,1.0,3136.0,2.0,0.37796447300922725,0.37796447300922725,2.0,28.0,0.18898223650461363,0.18898223650461363,1.0,1.0
1823-03-01,0.9655172413793104,29,29.0,156.89,62.7,156.89,1.0,3931.2900000000004,2.325940669922601,0.431916339281036,0.431916339281036,2.3,29.0,0.18778971273088524,0.18778971273088524,1.1371343789741413,1.1371343789741413
1823-04-01,0.0,30,30.0,120.0,60.0,120.0,1.0,3600.0,2.0,0.36514837167011077,0.36514837167011077,2.0,30.0,0.18257418583505539,0.18257418583505539,1.0,1.0
1823-05-01,0.0,25,25.0,100.0,50.0,100.0,1.0,2500.0,2.0,0.4,0.4,2.0,25.0,0.2,0.2,1.0,1.0
1823-06-01,0.0,23,23.0,92.0,46.0,92.0,1.0,2116.0,2.0,0.4170288281141495,0.4170288281141495,2.0,23.0,0.20851441405707474,0.20851441405707474,1.0,1.0
1823-07-01,0.75,24,24.0,121.16,51.4,121.16,1.0,2641.96,2.2468496463567234,0.4586362635272338,0.4586362635272338,2.2,24.0,0.20847102887601535,0.20847102887601535,1.0578705172960967,1.0578705172960967
1823-08-01,0.0,27,27.0,108.0,54.0,108.0,1.0,2916.0,2.0,0.3849001794597505,0.3849001794597505,2.0,27.0,0.19245008972987526,0.19245008972987526,1.0,1.0
1823-09-01,0.0,27,27.0,108.0,54.0,108.0,1.0,2916.0,2.0,0.3849001794597505,0.3849001794597505,2.0,27.0,0.19245008972987526,0.19245008972987526,1.0,1.0
1823-10-01,0.0,20,20.0,80.0,40.0,80.0,1.0,1600.0,2.0,0.447213595499958,0.447213595499958,2.0,20.0,0.223606797749979,0.223606797749979,1.0,1.0
1823-11-01,0.0,20,20.0,80.0,40.0,80.0,1.0,1600.0,2.0,0.447213595499958,0.447213595499958,2.0,20.0,0.223606797749979,0.223606797749979,1.0,1.0
1823-12-01,34.0,18,18.0,982.24,132.2,982.24,1.0,17476.839999999997,7.38707580094376,1.7411504639954598,1.7411504639954598,7.4,18.0,0.23529060324262968,0.23529060324262968,1.016090114340451,1.016090114340451
1824-01-01,36.0,3,3.0,173.34,22.8,173.34,1.0,519.84,7.601315675591956,4.388621651498338,4.388621651498338,7.6,3.0,0.5774502173024129,0.5774502173024129,1.0,1.0
1824-03-01,0.0,21,21.0,84.0,42.0,84.0,1.0,1764.0,2.0,0.4364357804719847,0.4364357804719847,2.0,21.0,0.21821789023599236,0.21821789023599236,1.0,1.0
1824-04-01,32.25,8,8.0,417.7,55.4,417.7,1.0,3069.16,7.225821752575966,2.5547137804458644,2.5547137804458644,7.2,8.0,0.3548213583952589,0.3548213583952589,1.0937596644867358,1.0937596644867358
1824-05-01,4.631578947368421,19,19.0,205.76999999999998,51.699999999999996,205.76999999999998,1.0,2672.8899999999994,3.2908965343808667,0.7549834435270749,0.7549834435270749,3.3,19.0,0.2287828616748712,0.2287828616748712,1.5100684198579721,1.5100684198579721
1824-06-01,0.0,25,25.0,100.0,50.0,100.0,1.0,2500.0,2.0,0.4,0.4,2.0,25.0,0.2,0.2,1.0,1.0
1824-07-01,0.0,21,21.0,84.0,42.0,84.0,1.0,1764.0,2.0,0.4364357804719847,0.4364357804719847,2.0,21.0,0.21821789023599236,0.21821789023599236,1.0,1.0
1824-08-01,2.3333333333333335,15,15.0,112.25,35.5,112.25,1.0,1260.25,2.735568192045911,0.7063206700139031,0.7063206700139031,2.7,15.0,0.2616002481532974,0.2616002481532974,1.3310104529616726,1.3310104529616726
1824-09-01,34.26315789473684,19,19.0,1068.32,122.2,1068.32,1.0,14932.84,7.498491076280122,1.720271833186663,1.720271833186663,7.5,19.0,0.22936957775822175,0.22936957775822175,1.3875655269710023,1.3875655269710023
1824-10-01,42.0,25,25.0,1681.3700000000001,199.1,1681.3700000000001,1.0,39640.81,8.200902389371551,1.64018047787431,1.64018047787431,8.2,25.0,0.2000220094968671,0.2000220094968671,1.0628088823228161,1.0628088823228161
1824-11-01,0.0,18,18.0,72.0,36.0,72.0,1.0,1296.0,2.0,0.4714045207910316,0.4714045207910316,2.0,18.0,0.2357022603955158,0.2357022603955158,1.0,1.0
1824-12-01,1.4,20,20.0,118.18,45.4,118.18,1.0,2061.16,2.430843475010269,0.5435531252784773,0.5435531252784773,2.4,20.0,0.22648046886603224,0.22648046886603224,1.1249832731165532,1.1249832731165532
1825-01-01,8.413793103448276,29,29.0,480.69,93.3,480.69,1.0,8704.89,4.071304120472862,0.7560221954728329,0.7560221954728329,4.1,29.0,0.18439565743239827,0.18439565743239827,1.660528683640962,1.660528683640962
1825-02-01,25.875,24,24.0,1036.74,130.6,1036.74,1.0,17056.359999999997,6.572480505866868,1.3416019653136073,1.3416019653136073,6.6,24.0,0.20327302504751626,0.20327302504751626,1.501522508024535,1.501522508024535
1825-03-01,37.407407407407405,27,27.0,1662.48,174.6,1662.48,1.0,30485.159999999996,7.84686774027276,1.5101304007139562,1.5101304007139562,7.8,27.0,0.1936064616299944,0.1936064616299944,1.4811211171202678,1.4811211171202678
1825-04-01,6.24,25,25.0,331.40000000000003,74.8,331.40000000000003,1.0,5595.04,3.6408790147435552,0.7281758029487111,0.7281758029487111,3.6,25.0,0.20227105637464196,0.20227105637464196,1.4758988076692177,1.4758988076692177
1825-05-01,25.76,25,25.0,1033.83,159.1,1033.83,1.0,25312.809999999998,6.430645379742223,1.2861290759484445,1.2861290759484445,6.4,25.0,0.20095766811694443,0.20095766811694443,1.011828750631205,1.011828750631205
1825-06-01,25.642857142857142,28,28.0,1174.09,168.1,1174.09,1.0,28257.609999999997,6.4754757133577225,1.2237498827416506,1.2237498827416506,6.5,28.0,0.18826921272948471,0.18826921272948471,1.179680853891961,1.179680853891961
1825-07-01,51.5,30,30.0,2482.11,256.9,2482.11,1.0,65997.60999999999,9.095988126641327,1.660692626586871,1.660692626586871,9.1,30.0,0.18249369522932649,0.18249369522932649,1.1343198116995064,1.1343198116995064
1825-08-01,42.766666666666666,30,30.0,2072.33,233.9,2072.33,1.0,54709.21,8.31129753207444,1.517428380151396,1.517428380151396,8.3,30.0,0.18282269640378263,0.18282269640378263,1.1385300572526338,1.1385300572526338
1825-09-01,26.153846153846153,26,26.0,1129.19,149.5,1129.19,1.0,22350.25,6.59017333727912,1.2924393247978894,1.2924393247978894,6.6,26.0,0.19582414012089233,0.19582414012089233,1.334399412658934,1.334399412658934
1825-10-01,26.0,25,25.0,1079.64,143.6,1079.64,1.0,20620.96,6.571575153644672,1.3143150307289346,1.3143150307289346,6.6,25.0,0.19913864101953557,0.19913864101953557,1.3379526050440809,1.3379526050440809
1825-11-01,19.555555555555557,18,18.0,578.4399999999999,93.2,578.4399999999999,1.0,8686.24,5.668823119092318,1.3361544229524176,1.3361544229524176,5.7,18.0,0.23441305665831888,0.23441305665831888,1.2270060928981967,1.2270060928981967
1825-12-01,36.73913043478261,23,23.0,1371.48,160.6,1371.48,1.0,25792.359999999997,7.722018208822827,1.6101521021507537,1.6101521021507537,7.7,23.0,0.209110662616981,0.209110662616981,1.2281674534251021,1.2281674534251021
1826-01-01,29.428571428571427,21,21.0,1010.2,135.4,1010.2,1.0,18333.16,6.935759648716347,1.5135068377268088,1.5135068377268088,6.9,21.0,0.21934881706185633,0.21934881706185633,1.1537179558227926,1.1537179558227926
1826-02-01,30.24,25,25.0,1215.6399999999999,167.6,1215.6399999999999,1.0,28089.76,6.973205862442324,1.3946411724884649,1.3946411724884649,7.0,25.0,0.19923445321263783,0.19923445321263783,1.0943376006358534,1.0943376006358534
1826-03-01,61.32142857142857,28,28.0,2747.64,272.4,2747.64,1.0,74201.76,9.906058752097122,1.872069137917416,1.872069137917416,9.9,28.0,0.1890978927189309,0.1890978927189309,1.0369199144849872,1.0369199144849872
1826-04-01,39.96296296296296,27,27.0,1758.4199999999998,200.2,1758.4199999999998,1.0,40080.03999999999,8.070109458158958,1.5530932893526062,1.5530932893526062,8.1,27.0,0.19173991226575385,0.19173991226575385,1.2022265760163586,1.2022265760163586
1826-05-01,53.9,30,30.0,2597.9100000000003,271.5,2597.9100000000003,1.0,73712.25,9.305750910055567,1.6989898959872207,1.6989898959872207,9.3,30.0,0.18268708559002372,0.18268708559002372,1.0580579106829933,1.0580579106829933
1826-06-01,61.6551724137931,29,29.0,2872.65,277.9,2872.65,1.0,77228.40999999999,9.952733119687483,1.8481761424463115,1.8481761424463115,10.0,29.0,0.18481761424463114,0.18481761424463114,1.0924150328098323,1.0924150328098323
1826-07-01,87.5,30,30.0,4212.8,347.4,4212.8,1.0,120686.75999999998,11.850175807415967,2.16353620004124,2.16353620004124,11.9,30.0,0.1818097647093479,0.1818097647093479,1.0580579556151437,1.0580579556151437
1826-08-01,66.03225806451613,31,31.0,3323.12,284.0,3323.12,1.0,80656.0,10.353618659910104,1.8595648064832067,1.8595648064832067,10.4,31.0,0.17880430831569294,0.17880430831569294,1.3011107306491108,1.3011107306491108
1826-09-01,31.566666666666666,30,30.0,1557.62,186.4,1557.62,1.0,34744.96,7.205599674327368,1.315556493993659,1.315556493993659,7.2,30.0,0.18271617972134152,0.18271617972134152,1.3589031239020664,1.3589031239020664
1826-10-01,84.42857142857143,28,28.0,3795.79,322.3,3795.79,1.0,103877.29000000001,11.643192370283527,2.2003565341896345,2.2003565341896345,11.6,28.0,0.18968590811979608,0.18968590811979608,1.0161643260742494,1.0161643260742494
1826-11-01,65.81818181818181,22,22.0,2318.59,213.5,2318.59,1.0,45582.25,10.26598531780825,2.188715423852898,2.188715423852898,10.3,22.0,0.21249664309251434,0.21249664309251434,1.1332598767649338,1.1332598767649338
1826-12-01,113.63157894736842,19,19.0,3464.45,247.5,3464.45,1.0,61256.25,13.503313433532176,3.097872561037999,3.097872561037999,13.5,19.0,0.22947204155837028,0.22947204155837028,1.0784886437176209,1.0784886437176209
1827-01-01,57.69565217391305,23,23.0,2148.01,204.9,2148.01,1.0,41984.01,9.663940145222071,2.015070816863622,2.015070816863622,9.7,23.0,0.20773925947047653,0.20773925947047653,1.1955417210563308,1.1955417210563308
1827-02-01,79.0,25,25.0,3169.69,272.7,3169.69,1.0,74365.29,11.26,2.252,2.252,11.3,25.0,0.19929203539823007,0.19929203539823007,1.076422700279231,1.076422700279231
1827-03-01,96.25,28,28.0,4337.22,341.8,4337.22,1.0,116827.24,12.44591154900734,2.352056199870007,2.352056199870007,12.4,28.0,0.1896819516024199,0.1896819516024199,1.0330749341141552,1.0330749341141552
1827-04-01,76.66666666666667,27,27.0,3321.7799999999997,295.0,3321.7799999999997,1.0,87025.0,11.091838841638879,2.1346253803427175,2.1346253803427175,11.1,27.0,0.19230859282366825,0.19230859282366825,1.0333928611109584,1.0333928611109584
1827-05-01,93.76666666666667,30,30.0,4526.32,361.2,4526.32,1.0,130465.43999999999,12.283213477479471,2.242597700088994,2.242597700088994,12.3,30.0,0.18232501626739786,0.18232501626739786,1.045224708573476,1.045224708573476
1827-06-01,94.42307692307692,26,26.0,3945.73,309.7,3945.73,1.0,95914.09,12.319044043830923,2.4159633064731865,2.4159633064731865,12.3,26.0,0.1964197810140802,0.1964197810140802,1.069131927545517,1.069131927545517
1827-07-01,70.38709677419355,31,31.0,3504.7000000000003,318.2,3504.7000000000003,1.0,101251.23999999999,10.632724895795876,1.9096937662770272,1.9096937662770272,10.6,31.0,0.18015978927141768,0.18015978927141768,1.0688179857824125,1.0688179857824125
1827-08-01,89.44827586206897,29,29.0,4173.3,343.2,4173.3,1.0,117786.23999999999,11.996120062408684,2.227623571801497,2.227623571801497,12.0,29.0,0.18563529765012476,0.18563529765012476,1.0292023074132226,1.0292023074132226
1827-09-01,82.63333333333334,30,30.0,3983.1,339.6,3983.1,1.0,115328.16000000002,11.522586515188333,2.1037268517244976,2.1037268517244976,11.5,30.0,0.1829327697151737,0.1829327697151737,1.0332016525924004,1.0332016525924004
1827-10-01,93.48148148148148,27,27.0,4047.04,324.4,4047.04,1.0,105235.35999999999,12.242972284962928,2.356161114801491,2.356161114801491,12.2,27.0,0.19312796022963044,0.19312796022963044,1.0323061001506892,1.0323061001506892
1827-11-01,80.35,20,20.0,2581.46,219.0,2581.46,1.0,47961.0,11.36102988289354,2.540403511255643,2.540403511255643,11.4,20.0,0.22284241326803886,0.22284241326803886,1.0886522869116786,1.0886522869116786
1827-12-01,76.84,25,25.0,3088.33,273.1,3088.33,1.0,74583.61000000002,11.114549023689625,2.222909804737925,2.222909804737925,11.1,25.0,0.20026214457098426,0.20026214457098426,1.0338853138277098,1.0338853138277098
1828-01-01,88.0,18,18.0,2539.7200000000003,205.20000000000002,2539.7200000000003,1.0,42107.04000000001,11.878365020302901,2.7997574850884215,2.7997574850884215,11.9,18.0,0.2352737382427245,0.2352737382427245,1.0953969083577053,1.0953969083577053
1828-02-01,107.27272727272727,22,22.0,3797.63,287.7,3797.63,1.0,82771.29,13.138475766029538,2.801132445138325,2.801132445138325,13.1,22.0,0.21382690420903244,0.21382690420903244,1.0036461524006866,1.0036461524006866
1828-03-01,108.45833333333333,24,24.0,4178.11,310.1,4178.11,1.0,96162.01000000001,13.194238010081015,2.693262555794448,2.693262555794448,13.2,24.0,0.20403504210564002,0.20403504210564002,1.0456626648793972,1.0456626648793972
1828-04-01,101.86206896551724,29,29.0,4741.900000000001,354.40000000000003,4741.900000000001,1.0,125599.36000000003,12.787251194195267,2.3745329348610005,2.3745329348610005,12.8,29.0,0.18551038553601565,0.18551038553601565,1.100863281422595,1.100863281422595
1828-05-01,148.59259259259258,27,27.0,6446.35,412.1,6446.35,1.0,169826.41000000003,15.451656988934996,2.9736727739957938,2.9736727739957938,15.5,27.0,0.19184985638682542,0.19184985638682542,1.032536651045421,1.032536651045421
1828-06-01,163.3846153846154,26,26.0,6825.6,410.4,6825.6,1.0,168428.15999999997,16.202563899675784,3.177584211333878,3.177584211333878,16.2,26.0,0.19614717353912828,0.19614717353912828,1.0555763473053894,1.0555763473053894
1828-07-01,90.35483870967742,31,31.0,4494.0199999999995,360.4,4494.0199999999995,1.0,129888.15999999999,12.040281852879282,2.1624984586738805,2.1624984586738805,12.0,31.0,0.18020820488949005,0.18020820488949005,1.0677530863882476,1.0677530863882476
1828-08-01,127.3225806451613,31,31.0,6348.32,436.8,6348.32,1.0,190794.24000000002,14.310294061584907,2.5702046870229207,2.5702046870229207,14.3,31.0,0.17973459349810633,0.17973459349810633,1.0310153241665632,1.0310153241665632
1828-09-01,83.93333333333334,30,30.0,4054.4900000000002,340.9,4054.4900000000002,1.0,116212.80999999998,11.625388882384394,2.122495910217235,2.122495910217235,11.6,30.0,0.18297378536355477,0.18297378536355477,1.0436096938684531,1.0436096938684531
1828-10-01,91.11538461538461,26,26.0,3804.71,302.5,3804.71,1.0,91506.25,12.09690042944886,2.3723973593749488,2.3723973593749488,12.1,26.0,0.19606589746900405,0.19606589746900405,1.0851400100842015,1.0851400100842015
1828-11-01,94.95454545454545,22,22.0,3353.0699999999997,266.5,3353.0699999999997,1.0,71022.25,12.345536550805425,2.6320772364260887,2.6320772364260887,12.3,22.0,0.21399001922163322,0.21399001922163322,1.032542288823361,1.032542288823361
1828-12-01,78.13333333333334,15,15.0,1883.95,162.5,1883.95,1.0,26406.25,11.206991865200344,2.893632857000195,2.893632857000195,11.2,15.0,0.25836007651787457,0.25836007651787457,1.0741264073924548,1.0741264073924548
1829-01-01,71.57142857142857,14,14.0,1610.3500000000001,148.9,1610.3500000000001,1.0,22171.210000000003,10.724970862431283,2.86636903216795,2.86636903216795,10.7,14.0,0.2678849562773785,0.2678849562773785,1.01307484220018,1.01307484220018
1829-02-01,82.3,20,20.0,2646.92,224.4,2646.92,1.0,50355.36,11.504173155859572,2.5724113201430288,2.5724113201430288,11.5,20.0,0.2236879408820025,0.2236879408820025,1.0533373130624266,1.0533373130624266
1829-03-01,120.61538461538461,26,26.0,5035.59,357.9,5035.59,1.0,128092.40999999999,13.916771840536097,2.7293035069658513,2.7293035069658513,13.9,26.0,0.19635277028531303,0.19635277028531303,1.020458435379689,1.020458435379689
1829-04-01,158.41379310344828,29,29.0,7374.51,457.3,7374.51,1.0,209123.29,15.94658108422812,2.961205767203519,2.961205767203519,15.9,29.0,0.18623935642789427,0.18623935642789427,1.0172983450011444,1.0172983450011444
1829-05-01,112.34482758620689,29,29.0,5233.820000000001,379.2,5233.820000000001,1.0,143792.63999999998,13.434156159734707,2.4946601712052603,2.4946601712052603,13.4,29.0,0.18616866949292987,0.18616866949292987,1.0520884920931053,1.0520884920931053
1829-06-01,123.17857142857143,28,28.0,5534.7,380.4,5534.7,1.0,144704.15999999997,14.059440143293656,2.65698444228238,2.65698444228238,14.1,28.0,0.18843861292782838,0.18843861292782838,1.0802107013995745,1.0802107013995745
1829-07-01,151.53571428571428,28,28.0,6817.99,432.5,6817.99,1.0,187056.25,15.604475090727751,2.9489686021262638,2.9489686021262638,15.6,28.0,0.18903644885424767,0.18903644885424767,1.0207391593771489,1.0207391593771489
1829-08-01,129.2962962962963,27,27.0,5605.12,381.6,5605.12,1.0,145618.56000000003,14.40822810192277,2.7728647910635478,2.7728647910635478,14.4,27.0,0.19256005493496858,0.19256005493496858,1.0396167682188222,1.0396167682188222
1829-09-01,88.03846153846153,26,26.0,3671.1600000000003,297.8,3671.1600000000003,1.0,88684.84000000001,11.882695886812115,2.330388392343988,2.330388392343988,11.9,26.0,0.1958309573398309,0.1958309573398309,1.082851606941377,1.082851606941377
1829-10-01,95.34782608695652,23,23.0,3520.95,280.5,3520.95,1.0,78680.25,12.372743536043073,2.5798953686964805,2.5798953686964805,12.4,23.0,0.2080560781206839,0.2080560781206839,1.0353753959922458,1.0353753959922458
1829-11-01,112.73684210526316,19,19.0,3436.38,250.6,3436.38,1.0,62800.36,13.448498253082308,3.0852970961878454,3.0852970961878454,13.4,19.0,0.23024605195431683,0.23024605195431683,1.034040844296491,1.034040844296491
1829-12-01,94.0909090909091,22,22.0,3324.4,264.4,3324.4,1.0,69907.35999999999,12.292643772154586,2.620800458127691,2.620800458127691,12.3,22.0,0.21307320797786103,0.21307320797786103,1.0498175509169319,1.0498175509169319
1830-01-01,87.0,17,17.0,2377.98,191.0,2377.98,1.0,36481.0,11.827137289749714,2.8685021349599684,2.8685021349599684,11.8,17.0,0.2430934012677939,0.2430934012677939,1.110235398507229,1.110235398507229
1830-02-01,120.05555555555556,18,18.0,3472.97,246.3,3472.97,1.0,60663.69,13.890384363932402,3.2739949923413967,3.2739949923413967,13.9,18.0,0.23553920808211487,0.23553920808211487,1.03385776573542,1.03385776573542
1830-03-01,140.95,20,20.0,4531.74,298.2,4531.74,1.0,88923.23999999999,15.052807047192228,3.365909980970971,3.365909980970971,15.1,20.0,0.22290794575966696,0.22290794575966696,1.0270259445560277,1.0270259445560277
1830-04-01,177.30769230769232,26,26.0,7390.06,434.2,7390.06,1.0,188529.63999999998,16.85921341353377,3.3063637761320734,3.3063637761320734,16.9,26.0,0.19564282699006352,0.19564282699006352,1.0250785609638708,1.0250785609638708
1830-05-01,110.5,28,28.0,4971.31,366.3,4971.31,1.0,134175.69,13.324668315357261,2.518125618918378,2.518125618918378,13.3,28.0,0.18933275330213367,0.18933275330213367,1.0348755204738416,1.0348755204738416
1830-06-01,108.44444444444444,27,27.0,4708.49,351.9,4708.49,1.0,123833.60999999999,13.205624503162223,2.5414236205726093,2.5414236205726093,13.2,27.0,0.19253209246762193,0.19253209246762193,1.0267563214207045,1.0267563214207045
1830-07-01,73.15384615384616,26,26.0,3055.31,276.3,3055.31,1.0,76341.69,10.840291650916182,2.1259561023484057,2.1259561023484057,10.8,26.0,0.196847787254482,0.196847787254482,1.0342075840012839,1.0342075840012839
1830-08-01,84.6,25,25.0,3405.45,278.7,3405.45,1.0,77673.68999999999,11.671246720038095,2.334249344007619,2.334249344007619,11.7,25.0,0.19950849094082215,0.19950849094082215,1.1061363511509092,1.1061363511509092
1830-09-01,103.41666666666667,24,24.0,4000.26,306.6,4000.26,1.0,94003.56000000001,12.910364053736053,2.635317027101926,2.635317027101926,12.9,24.0,0.20428814163580822,0.20428814163580822,1.0205392468942804,1.0205392468942804
1830-10-01,140.6,25,25.0,5653.69,372.9,5653.69,1.0,139054.40999999997,15.038204680080664,3.007640936016133,3.007640936016133,15.0,25.0,0.20050939573440887,0.20050939573440887,1.011773474685894,1.011773474685894
1830-11-01,135.42105263157896,19,19.0,4130.14,278.6,4130.14,1.0,77617.96,14.743669471121638,3.382429751662368,3.382429751662368,14.7,19.0,0.23009726201784816,0.23009726201784816,1.005314213974506,1.005314213974506
1830-12-01,136.84615384615384,13,13.0,2855.39,191.7,2855.39,1.0,36748.88999999999,14.820438070967558,4.110449953054781,4.110449953054781,14.8,13.0,0.27773310493613385,0.27773310493613385,1.007932789472908,1.007932789472908
1831-01-01,79.04545454545455,22,22.0,2809.08,222.2,2809.08,1.0,49372.84,11.299798871902745,2.409125214163984,2.409125214163984,11.3,22.0,0.21319692160743217,0.21319692160743217,1.2669268976560315,1.2669268976560315
1831-02-01,83.57142857142857,21,21.0,2821.1,229.8,2821.1,1.0,52808.04000000001,11.590431192932177,2.5292394418470963,2.5292394418470963,11.6,21.0,0.21803788291785314,0.21803788291785314,1.1306925368906355,1.1306925368906355
1831-03-01,155.76,25,25.0,6246.46,391.8,6246.46,1.0,153507.24000000002,15.80690988144109,3.1613819762882183,3.1613819762882183,15.8,25.0,0.2000874668536847,0.2000874668536847,1.0170972882256903,1.0170972882256903
1831-04-01,90.85185185185185,27,27.0,3939.6,319.6,3939.6,1.0,102144.16000000002,12.079367165175132,2.3246752948180633,2.3246752948180633,12.1,27.0,0.19212192519157548,0.19212192519157548,1.0467262416327712,1.0467262416327712
1831-05-01,63.38709677419355,31,31.0,3162.14,298.59999999999997,3162.14,1.0,89161.95999999998,10.099728517590572,1.8139647907902863,1.8139647907902863,10.1,31.0,0.17960047433567192,0.17960047433567192,1.103135680981658,1.103135680981658
1831-06-01,55.55555555555556,27,27.0,2408.78,243.4,2408.78,1.0,59243.560000000005,9.445320220832858,1.8177527240266886,1.8177527240266886,9.4,27.0,0.19337794936454133,0.19337794936454133,1.0909809099287444,1.0909809099287444
1831-07-01,75.41379310344827,29,29.0,3520.3199999999997,303.0,3520.3199999999997,1.0,91809.0,11.017728660099875,2.045940849480243,2.045940849480243,11.0,29.0,0.1859946226800221,0.1859946226800221,1.1127211325393018,1.1127211325393018
1831-08-01,91.60714285714286,28,28.0,4116.33,330.9,4116.33,1.0,109494.80999999998,12.124841677905971,2.2913796975550227,2.2913796975550227,12.1,28.0,0.18937022293843164,0.18937022293843164,1.0502059813350888,1.0502059813350888
1831-09-01,63.22727272727273,22,22.0,2231.98,216.4,2231.98,1.0,46828.96,10.07241958834303,2.1474470716690166,2.1474470716690166,10.1,22.0,0.2126185219474274,0.2126185219474274,1.0570415306148533,1.0570415306148533
1831-10-01,77.08695652173913,23,23.0,2842.61,248.9,2842.61,1.0,61951.21000000001,11.117182157832747,2.3180927236062616,2.3180927236062616,11.1,23.0,0.20883718230687043,0.20883718230687043,1.0545923943385562,1.0545923943385562
1831-11-01,72.53333333333333,15,15.0,1750.55,160.3,1750.55,1.0,25696.090000000004,10.802931700854788,2.7893049711751177,2.7893049711751177,10.8,15.0,0.2582689788125109,0.2582689788125109,1.0228815052824034,1.0228815052824034
1831-12-01,48.266666666666666,15,15.0,1164.92,125.6,1164.92,1.0,15775.359999999999,8.812566784616916,2.2753949596107974,2.2753949596107974,8.8,15.0,0.2585676090466815,0.2585676090466815,1.1128398597167508,1.1128398597167508
1832-01-01,51.45454545454545,11,11.0,918.05,90.9,918.05,1.0,8262.810000000001,9.135594721149298,2.7544854478912444,2.7544854478912444,9.1,11.0,0.30269070855947744,0.30269070855947744,1.2392453939951744,1.2392453939951744
1832-02-01,92.6086956521739,23,23.0,3426.88,274.8,3426.88,1.0,75515.04000000001,12.206341901187908,2.545198229306517,2.545198229306517,12.2,23.0,0.20862280568086206,0.20862280568086206,1.0446858402267443,1.0446858402267443
1832-03-01,91.85714285714286,21,21.0,3095.87,251.1,3095.87,1.0,63051.21,12.141761855364358,2.6495496558254588,2.6495496558254588,12.1,21.0,0.21897104593598835,0.21897104593598835,1.0252788158652757,1.0252788158652757
1832-04-01,44.81481481481482,27,27.0,1942.8,218.8,1942.8,1.0,47873.44,8.482662055955993,1.6324890738169389,1.6324890738169389,8.5,27.0,0.19205753809611045,0.19205753809611045,1.1044359495099567,1.1044359495099567
1832-05-01,68.85714285714286,28,28.0,3091.28,288.2,3091.28,1.0,83059.23999999999,10.507276390333374,1.9856885918173248,1.9856885918173248,10.5,28.0,0.1891131992206976,0.1891131992206976,1.0422264116778772,1.0422264116778772
1832-06-01,44.54545454545455,22,22.0,1568.16,182.20000000000002,1568.16,1.0,33196.840000000004,8.442748367682173,1.8,1.8,8.4,22.0,0.21428571428571427,0.21428571428571427,1.0301688214620401,1.0301688214620401
1832-07-01,23.28,25,25.0,966.8799999999999,137.6,966.8799999999999,1.0,18933.76,6.218938816229019,1.2437877632458039,1.2437877632458039,6.2,25.0,0.2006109295557748,0.2006109295557748,1.2833680639042508,1.2833680639042508
1832-08-01,14.774193548387096,31,31.0,799.61,134.3,799.61,1.0,18036.49,5.078766677820703,0.9121734230935075,0.9121734230935075,5.1,31.0,0.17885753393990345,0.17885753393990345,1.4037343185077575,1.4037343185077575
1832-09-01,13.655172413793103,29,29.0,693.36,121.8,693.36,1.0,14835.24,4.889679490236695,0.9079906865168975,0.9079906865168975,4.9,29.0,0.18530422173814234,0.18530422173814234,1.3788159707195935,1.3788159707195935
1832-10-01,35.2,25,25.0,1414.06,181.4,1414.06,1.0,32905.96,7.52079783001777,1.504159566003554,1.504159566003554,7.5,25.0,0.20055460880047388,0.20055460880047388,1.0714561522169195,1.0714561522169195
1832-11-01,23.833333333333332,18,18.0,702.8499999999999,103.7,702.8499999999999,1.0,10753.69,6.248777658248229,1.4728510187581056,1.4728510187581056,6.2,18.0,0.2375566159287267,0.2375566159287267,1.1692266517027434,1.1692266517027434
1832-12-01,45.8235294117647,17,17.0,1254.57,135.3,1254.57,1.0,18306.090000000004,8.59058992701419,2.0835240973792124,2.0835240973792124,8.6,17.0,0.24227024388130378,0.24227024388130378,1.1799458347408323,1.1799458347408323
1833-01-01,18.727272727272727,22,22.0,718.16,99.2,718.16,1.0,9840.640000000001,5.713460979444627,1.2181139736874222,1.2181139736874222,5.7,22.0,0.21370420591007408,0.21370420591007408,1.6450570458910296,1.6450570458910296
1833-02-01,24.904761904761905,21,21.0,876.23,114.7,876.23,1.0,13156.09,6.459507573742607,1.4095801147055256,1.4095801147055256,6.5,21.0,0.21685847918546547,0.21685847918546547,1.4459464521582492,1.4459464521582492
1833-03-01,19.57894736842105,19,19.0,634.05,95.9,634.05,1.0,9196.810000000001,5.776768355367813,1.325281551646945,1.325281551646945,5.8,19.0,0.22849681924947327,0.22849681924947327,1.344191592430478,1.344191592430478
1833-04-01,4.62962962962963,27,27.0,286.61,75.5,286.61,1.0,5700.25,3.258095330892757,0.6270207387787988,0.6270207387787988,3.3,27.0,0.1900062844784239,0.1900062844784239,1.4135036685113895,1.4135036685113895
1833-05-01,21.464285714285715,28,28.0,996.11,151.3,996.11,1.0,22891.690000000002,5.9645081224571355,1.1271860846318833,1.1271860846318833,6.0,28.0,0.18786434743864722,0.18786434743864722,1.2435336264214054,1.2435336264214054
1833-06-01,1.6666666666666667,30,30.0,191.38,68.6,191.38,1.0,4705.959999999999,2.5257342166849885,0.46113386824700314,0.46113386824700314,2.5,30.0,0.18445354729880126,0.18445354729880126,1.2035715393237025,1.2035715393237025
1833-07-01,11.592592592592593,27,27.0,566.02,105.6,566.02,1.0,11151.359999999999,4.578613731655435,0.8811546234955273,0.8811546234955273,4.6,27.0,0.1915553529338103,0.1915553529338103,1.4037924147925338,1.4037924147925338
1833-08-01,9.5,30,30.0,540.09,105.9,540.09,1.0,11214.810000000001,4.242994225779714,0.7746612162745726,0.7746612162745726,4.2,30.0,0.1844431467320411,0.1844431467320411,1.4366568865506542,1.4366568865506542
1833-09-01,19.3125,16,16.0,531.58,74.8,531.58,1.0,5595.04,5.764004684245148,1.441001171061287,1.441001171061287,5.8,16.0,0.2484484777691874,0.2484484777691874,1.59579813013236,1.59579813013236
1833-10-01,12.482758620689655,29,29.0,651.15,114.1,651.15,1.0,13018.81,4.738506966952995,0.8799186536826527,0.8799186536826527,4.7,29.0,0.1872167348260963,0.1872167348260963,1.4494690183915147,1.4494690183915147
1833-11-01,9.75,24,24.0,433.05999999999995,89.39999999999999,433.05999999999995,1.0,7992.359999999999,4.24784258967616,0.8670872376974406,0.8670872376974406,4.2,24.0,0.2064493423089144,0.2064493423089144,1.2868360827060707,1.2868360827060707
1833-12-01,16.57894736842105,19,19.0,530.92,91.4,530.92,1.0,8353.960000000001,5.286128819347561,1.2127211224249468,1.2127211224249468,5.3,19.0,0.2288153061179145,0.2288153061179145,1.2283677445085284,1.2283677445085284
1834-01-01,8.181818181818182,11,11.0,175.45999999999998,36.6,175.45999999999998,1.0,1339.5600000000002,3.9938589222591587,1.204193773704257,1.204193773704257,4.0,11.0,0.30104844342606424,0.30104844342606424,1.5123614809724248,1.5123614809724248
1834-02-01,30.1,20,20.0,989.2800000000001,128.8,989.2800000000001,1.0,16589.440000000002,7.0330647658044505,1.5726410906497388,1.5726410906497388,7.0,20.0,0.2246630129499627,0.2246630129499627,1.1929826360755273,1.1929826360755273
1834-03-01,6.5,24,24.0,326.45,72.9,326.45,1.0,5314.410000000001,3.688100233634294,0.752830307720287,0.752830307720287,3.7,24.0,0.2034676507352127,0.2034676507352127,1.5154471968500147,1.5154471968500147
1834-04-01,2.4,25,25.0,187.94,59.8,187.94,1.0,3576.0399999999995,2.7418242102658588,0.5483648420531718,0.5483648420531718,2.7,25.0,0.20309808964932288,0.20309808964932288,1.2893096425725339,1.2893096425725339
1834-05-01,14.766666666666667,30,30.0,762.74,131.6,762.74,1.0,17318.559999999998,5.042287840521073,0.9205915972291344,0.9205915972291344,5.0,30.0,0.18411831944582688,0.18411831944582688,1.3129678868216739,1.3129678868216739
1834-06-01,13.071428571428571,28,28.0,640.68,116.6,640.68,1.0,13595.56,4.783453623840057,0.9039877640493926,0.9039877640493926,4.8,28.0,0.1883307841769568,0.1883307841769568,1.3448739008003163,1.3448739008003163
1834-07-01,14.409090909090908,22,22.0,555.0,94.2,555.0,1.0,8873.640000000001,5.022675853295007,1.0708380899445225,1.0708380899445225,5.0,22.0,0.2141676179889045,0.2141676179889045,1.3878470519219486,1.3878470519219486
1834-08-01,6.620689655172414,29,29.0,392.46999999999997,90.1,392.46999999999997,1.0,8118.009999999999,3.6787835320744366,0.6831329520687318,0.6831329520687318,3.7,29.0,0.18463052758614373,0.18463052758614373,1.4394877251298943,1.4394877251298943
1834-09-01,19.19047619047619,21,21.0,667.11,109.9,667.11,1.0,12078.010000000002,5.636234812101325,1.229927269571406,1.229927269571406,5.6,21.0,0.21962986956632252,0.21962986956632252,1.1535154983393068,1.1535154983393068
1834-10-01,41.25,20,20.0,1349.38,147.2,1349.38,1.0,21667.839999999997,8.213951545997823,1.8366954020740622,1.8366954020740622,8.2,20.0,0.22398724415537347,0.22398724415537347,1.2573108395026003,1.2573108395026003
1834-11-01,50.93333333333333,15,15.0,1239.67,118.9,1239.67,1.0,14137.210000000001,9.090911212120965,2.3472631817596517,2.3472631817596517,9.1,15.0,0.2579410089845771,0.2579410089845771,1.348519174974452,1.348519174974452
1834-12-01,57.46666666666667,15,15.0,1394.05,132.7,1394.05,1.0,17609.289999999997,9.640366521386346,2.4891319325776564,2.4891319325776564,9.6,15.0,0.25928457631017254,0.25928457631017254,1.1928253914218971,1.1928253914218971
1835-01-01,12.363636363636363,22,22.0,486.4,87.2,486.4,1.0,7603.84,4.7020305091620695,1.0024762728792889,1.0024762728792889,4.7,22.0,0.21329282401686997,0.21329282401686997,1.4338245211761533,1.4338245211761533
1835-02-01,40.733333333333334,15,15.0,983.14,117.0,983.14,1.0,13689.0,8.095842554463783,2.0903375591303694,2.0903375591303694,8.1,15.0,0.258066365324737,0.258066365324737,1.084468898602692,1.084468898602692
1835-03-01,32.666666666666664,18,18.0,955.3,121.4,955.3,1.0,14737.960000000001,7.285068443207807,1.7171070992001216,1.7171070992001216,7.3,18.0,0.23522015057535914,0.23522015057535914,1.1834188756016617,1.1834188756016617
1835-04-01,102.35714285714286,14,14.0,2304.5499999999997,177.5,2304.5499999999997,1.0,31506.25,12.830070704626467,3.428980630342683,3.428980630342683,12.8,14.0,0.2678891117455221,0.2678891117455221,1.0207655718673916,1.0207655718673916
1835-05-01,72.5909090909091,22,22.0,2571.49,221.1,2571.49,1.0,48885.21,10.81137868594515,2.304993680635284,2.304993680635284,10.8,22.0,0.21342534079956335,0.21342534079956335,1.1634191768659483,1.1634191768659483
1835-06-01,55.1764705882353,17,17.0,1509.83,154.9,1509.83,1.0,23994.010000000002,9.424093028603055,2.28567829309279,2.28567829309279,9.4,17.0,0.24315726522263723,0.24315726522263723,1.068582888057292,1.068582888057292
1835-07-01,99.61538461538461,13,13.0,2080.95,161.7,2080.95,1.0,26146.889999999996,12.65199892993502,3.509033144538172,3.509033144538172,12.7,13.0,0.2763018224045805,0.2763018224045805,1.0461698150996803,1.0461698150996803
1835-08-01,98.5,2,2.0,315.40999999999997,25.1,315.40999999999997,1.0,630.0100000000001,12.558065137591857,8.879893017373576,8.879893017373576,12.6,2.0,0.7047534140772679,0.7047534140772679,1.0159885568976474,1.0159885568976474
1835-09-01,168.0,11,11.0,2971.29,179.5,2971.29,1.0,32220.25,16.43524483320138,4.955412768123291,4.955412768123291,16.4,11.0,0.302159315129469,0.302159315129469,1.0110742399045982,1.0110742399045982
1835-10-01,158.625,16,16.0,4077.69,248.9,4077.69,1.0,61951.21000000001,15.964198226030645,3.991049556507661,3.991049556507661,16.0,16.0,0.24944059728172882,0.24944059728172882,1.0619417999803709,1.0619417999803709
1835-11-01,166.66666666666666,15,15.0,4011.69,241.7,4011.69,1.0,58418.88999999999,16.3537763223055,4.222526889592692,4.222526889592692,16.4,15.0,0.2574711518044325,0.2574711518044325,1.0385447146701172,1.0385447146701172
1835-12-01,129.25,8,8.0,1660.4199999999998,113.4,1660.4199999999998,1.0,12859.560000000001,14.406682477239512,5.093531437028734,5.093531437028734,14.4,8.0,0.3537174609047732,0.3537174609047732,1.0367421069832148,1.0367421069832148
1836-01-01,147.64705882352942,17,17.0,4030.85,258.7,4030.85,1.0,66925.68999999999,15.398338336632682,3.7346456129961356,3.7346456129961356,15.4,17.0,0.24250945538935945,0.24250945538935945,1.02565472779643,1.02565472779643
1836-02-01,179.35714285714286,14,14.0,4025.05,234.3,4025.05,1.0,54896.490000000005,16.955930273169074,4.5316629825876396,4.5316629825876396,17.0,14.0,0.2665684107404494,0.2665684107404494,1.0343514946697006,1.0343514946697006
1836-03-01,163.66666666666666,12,12.0,3152.06,190.4,3152.06,1.0,36252.16,16.20714862851164,4.678600811733734,4.678600811733734,16.2,12.0,0.2888025192428231,0.2888025192428231,1.0465013700864951,1.0465013700864951
1836-04-01,238.0,16,16.0,6115.86,311.2,6115.86,1.0,96845.43999999999,19.550991023475,4.88774775586875,4.88774775586875,19.6,16.0,0.24937488550350762,0.24937488550350762,1.0165273552462166,1.0165273552462166
1836-05-01,185.69565217391303,23,23.0,6854.58,395.4,6854.58,1.0,156341.15999999997,17.2634068883087,3.5996691719445577,3.5996691719445577,17.3,23.0,0.20807336254014783,0.20807336254014783,1.0132670772185706,1.0132670772185706
1836-06-01,207.93333333333334,15,15.0,5006.0199999999995,271.8,5006.0199999999995,1.0,73875.24,18.268406243202133,4.716882209444898,4.716882209444898,18.3,15.0,0.25775312619917473,0.25775312619917473,1.0214175505399947,1.0214175505399947
1836-07-01,194.6,15,15.0,4688.45,261.7,4688.45,1.0,68486.89,17.679460776090806,4.56481714371513,4.56481714371513,17.7,15.0,0.25789927365622206,0.25789927365622206,1.0314013947676461,1.0314013947676461
1836-08-01,179.625,16,16.0,4627.75,270.5,4627.75,1.0,73170.25,17.006891985309956,4.251722996327489,4.251722996327489,17.0,16.0,0.2501013527251464,0.2501013527251464,1.0118721960827224,1.0118721960827224
1836-09-01,158.5,12,12.0,3056.56,186.2,3056.56,1.0,34670.439999999995,15.959741017113446,4.60718038621358,4.60718038621358,16.0,12.0,0.28794877413834874,0.28794877413834874,1.0693859785638462,1.0693859785638462
1836-10-01,228.9090909090909,11,11.0,4037.51,204.1,4037.51,1.0,41656.81,19.158454103511684,5.77649125678118,5.77649125678118,19.2,11.0,0.30085891962401984,0.30085891962401984,1.0783807779517427,1.0783807779517427
1836-11-01,201.54545454545453,11,11.0,3554.53,194.5,3554.53,1.0,37830.25,17.976069951718895,5.419989021366698,5.419989021366698,18.0,11.0,0.30111050118703875,0.30111050118703875,1.0400793914759485,1.0400793914759485
1836-12-01,343.75,4,4.0,2205.45,93.9,2205.45,1.0,8817.210000000001,23.481109428644974,11.740554714322487,11.740554714322487,23.5,4.0,0.49959807294989306,0.49959807294989306,1.0028419059372995,1.0028419059372995
1837-01-01,313.4,10,10.0,5029.77,223.3,5029.77,1.0,49862.89000000001,22.427148726487726,7.092087139904585,7.092087139904585,22.4,10.0,0.3166110330314547,0.3166110330314547,1.006983899402941,1.006983899402941
1837-02-01,292.61538461538464,13,13.0,6094.93,279.1,6094.93,1.0,77896.81000000001,21.652731218734722,6.005387127922147,6.005387127922147,21.7,13.0,0.2767459505954907,0.2767459505954907,1.023447854011622,1.023447854011622
1837-03-01,224.33333333333334,12,12.0,4311.5,227.0,4311.5,1.0,51529.0,18.954990547786267,5.471834447625606,5.471834447625606,19.0,12.0,0.2879912867171372,0.2879912867171372,1.0096362577434215,1.0096362577434215
1837-04-01,230.3,10,10.0,3697.8199999999997,190.4,3697.8199999999997,1.0,36252.16,19.22971658657506,6.080970317309566,6.080970317309566,19.2,10.0,0.3167172040265399,0.3167172040265399,1.0187944218804619,1.0187944218804619
1837-05-01,186.06666666666666,15,15.0,4486.13,256.1,4486.13,1.0,65587.21,17.293794648177517,4.465238577674833,4.465238577674833,17.3,15.0,0.25810627616617526,0.25810627616617526,1.0286908185583625,1.0286908185583625
1837-06-01,263.3888888888889,18,18.0,7606.650000000001,368.1,7606.650000000001,1.0,135497.61000000002,20.55703448133185,4.845339494278478,4.845339494278478,20.6,18.0,0.235210655062062,0.235210655062062,1.0155994606655545,1.0155994606655545
1837-07-01,271.22222222222223,9,9.0,3917.7200000000003,186.8,3917.7200000000003,1.0,34894.240000000005,20.863897579844046,6.954632526614683,6.954632526614683,20.9,9.0,0.3327575371585973,0.3327575371585973,1.015733529783203,1.015733529783203
1837-08-01,223.45454545454547,11,11.0,3939.4500000000003,207.1,3939.4500000000003,1.0,42890.409999999996,18.92437101152422,5.70591254897312,5.70591254897312,18.9,11.0,0.3019001348663027,0.3019001348663027,1.008523538315872,1.008523538315872
1837-09-01,160.3684210526316,19,19.0,4898.55,303.1,4898.55,1.0,91869.61000000002,16.056725103601657,3.6836653732006455,3.6836653732006455,16.1,19.0,0.22879909150314567,0.22879909150314567,1.0196065219855892,1.0196065219855892
1837-10-01,206.16666666666666,18,18.0,5962.94,324.2,5962.94,1.0,105105.64,18.200946251347606,4.290004172779921,4.290004172779921,18.2,18.0,0.23571451498790774,0.23571451498790774,1.0223528308186078,1.0223528308186078
1837-11-01,178.42857142857142,7,7.0,2007.3200000000002,116.80000000000001,2007.3200000000002,1.0,13642.240000000003,16.93398948859955,6.400446413002322,6.400446413002322,16.9,7.0,0.3787246398226226,0.3787246398226226,1.0303096196621888,1.0303096196621888
1837-12-01,216.125,8,8.0,2777.83,146.1,2777.83,1.0,21345.21,18.63407497033325,6.5881403863305765,6.5881403863305765,18.6,8.0,0.3542010960392783,0.3542010960392783,1.0428832716301386,1.0428832716301386
1838-01-01,241.45454545454547,11,11.0,4259.79,209.9,4259.79,1.0,44058.01,19.678761047475433,5.933369703048839,5.933369703048839,19.7,11.0,0.30118627934258063,0.30118627934258063,1.072889692051554,1.072889692051554
1838-02-01,141.33333333333334,18,18.0,4087.41,263.3,4087.41,1.0,69326.89,15.069118532061964,3.5518253001749627,3.5518253001749627,15.1,18.0,0.2352202185546333,0.2352202185546333,1.0697177537282638,1.0697177537282638
1838-03-01,234.5,12,12.0,4510.87,229.9,4510.87,1.0,52854.01,19.38829114010137,5.596917554432181,5.596917554432181,19.4,12.0,0.28850090486763824,0.28850090486763824,1.0277563683285775,1.0277563683285775
1838-04-01,211.0625,16,16.0,5418.56,290.6,5418.56,1.0,84448.36000000002,18.402717190675947,4.600679297668987,4.600679297668987,18.4,16.0,0.2500369183515754,0.2500369183515754,1.0281286299598376,1.0281286299598376
1838-05-01,229.35,20,20.0,7368.400000000001,382.8,7368.400000000001,1.0,146535.84,19.19426997830342,4.291969244996986,4.291969244996986,19.2,20.0,0.22354006484359304,0.22354006484359304,1.0066118914021844,1.0066118914021844
1838-06-01,157.57894736842104,19,19.0,4804.79,297.1,4804.79,1.0,88268.41000000002,15.90231694472621,3.648241712116633,3.648241712116633,15.9,19.0,0.22944916428406495,0.22944916428406495,1.035895878947019,1.035895878947019
1838-07-01,180.42857142857142,21,21.0,6083.16,354.4,6083.16,1.0,125599.35999999999,17.019820378437775,3.7140292951782405,3.7140292951782405,17.0,21.0,0.21847231148107296,0.21847231148107296,1.0154760609858748,1.0154760609858748
1838-08-01,131.26666666666668,15,15.0,3163.04,215.2,3163.04,1.0,46311.03999999999,14.52134061763353,3.7493940251133324,3.7493940251133324,14.5,15.0,0.2585788982836781,0.2585788982836781,1.0230650319829426,1.0230650319829426
1838-09-01,122.69565217391305,23,23.0,4532.0199999999995,313.4,4532.0199999999995,1.0,98219.55999999998,14.037248584608273,2.926968663593096,2.926968663593096,14.0,23.0,0.20906919025664972,0.20906919025664972,1.0583262192603202,1.0583262192603202
1838-10-01,151.5,16,16.0,3889.33,246.3,3889.33,1.0,60663.69,15.591123275761756,3.897780818940439,3.897780818940439,15.6,16.0,0.2498577448038743,0.2498577448038743,1.0288241029929706,1.0288241029929706
1838-11-01,129.1875,16,16.0,3318.52,227.8,3318.52,1.0,51892.840000000004,14.401649211114677,3.600412302778669,3.600412302778669,14.4,16.0,0.25002863213740756,0.25002863213740756,1.0245257164691137,1.0245257164691137
1838-12-01,132.92857142857142,14,14.0,2993.0499999999997,200.3,2993.0499999999997,1.0,40120.090000000004,14.621534998565837,3.907769602382684,3.907769602382684,14.6,14.0,0.26765545221799203,0.26765545221799203,1.0446916856285875,1.0446916856285875
1839-01-01,175.93333333333334,15,15.0,4240.67,248.1,4240.67,1.0,61553.61,16.81402192615834,4.341361793518506,4.341361793518506,16.8,15.0,0.2584143924713396,0.2584143924713396,1.034030534814651,1.034030534814651
1839-02-01,170.75,12,12.0,3289.0,197.8,3289.0,1.0,39124.840000000004,16.55546234127375,4.779150319646556,4.779150319646556,16.6,12.0,0.28790062166545516,0.28790062166545516,1.0155096127229055,1.0155096127229055
1839-03-01,129.46666666666667,15,15.0,3117.57,210.7,3117.57,1.0,44394.49,14.416587668377009,3.7223469299175576,3.7223469299175576,14.4,15.0,0.25849631457760813,0.25849631457760813,1.054788729391631,1.054788729391631
1839-04-01,102.92857142857143,14,14.0,2312.79,179.1,2312.79,1.0,32076.809999999998,12.85298742371927,3.435105381147984,3.435105381147984,12.9,14.0,0.26628723884868094,0.26628723884868094,1.0181275916358075,1.0181275916358075
1839-05-01,89.5909090909091,22,22.0,3163.63,261.5,3163.63,1.0,68382.25,11.991720628682259,2.556643428371409,2.556643428371409,12.0,22.0,0.21305361903095074,0.21305361903095074,1.0201437871577166,1.0201437871577166
1839-06-01,91.15,20,20.0,2929.39,239.5,2929.39,1.0,57360.25,12.102458427939341,2.7061919739737608,2.7061919739737608,12.1,20.0,0.22365222925402983,0.22365222925402983,1.0221152118485726,1.0221152118485726
1839-07-01,141.28,25,25.0,5664.4,364.8,5664.4,1.0,133079.04,15.052441662401485,3.010488332480297,3.010488332480297,15.1,25.0,0.1993700882437283,0.1993700882437283,1.0739884364936398,1.0739884364936398
1839-08-01,218.76470588235293,17,17.0,5968.18,316.2,5968.18,1.0,99982.43999999999,18.7368463665769,4.5443527447274725,4.5443527447274725,18.7,17.0,0.24301351576082741,0.24301351576082741,1.0114660265368256,1.0114660265368256
1839-09-01,221.11111111111111,18,18.0,6392.26,333.4,6392.26,1.0,111155.55999999998,18.84477528535577,4.441756131403906,4.441756131403906,18.8,18.0,0.23626362401084608,0.23626362401084608,1.032062754800584,1.032062754800584
1839-10-01,151.5,16,16.0,3887.08,243.8,3887.08,1.0,59438.44,15.586612845644174,3.8966532114110435,3.8966532114110435,15.6,16.0,0.2497854622699387,0.2497854622699387,1.0515148504015022,1.0515148504015022
1839-11-01,114.72727272727273,11,11.0,2022.5500000000002,144.3,2022.5500000000002,1.0,20822.49,13.559800213062942,4.088433594446453,4.088433594446453,13.6,11.0,0.3006201172387098,0.3006201172387098,1.0828550516650581,1.0828550516650581
1839-12-01,106.22222222222223,9,9.0,1534.0900000000001,113.9,1534.0900000000001,1.0,12973.210000000001,13.05582032828441,4.351940109428138,4.351940109428138,13.1,9.0,0.3322091686586365,0.3322091686586365,1.0810551860632633,1.0810551860632633
1840-01-01,135.44444444444446,18,18.0,3910.56,261.2,3910.56,1.0,68225.43999999999,14.739516048138531,3.474137249682233,3.474137249682233,14.7,18.0,0.23633586732532197,0.23633586732532197,1.0277963668749752,1.0277963668749752
1840-02-01,146.14285714285714,14,14.0,3286.13,206.5,3286.13,1.0,42642.25,15.320690957935659,4.094626892374335,4.094626892374335,15.3,14.0,0.2676226727042049,0.2676226727042049,1.0823096890648776,1.0823096890648776
1840-03-01,112.94444444444444,18,18.0,3266.3,237.4,3266.3,1.0,56358.76,13.47075020595034,3.1750862727658555,3.1750862727658555,13.5,18.0,0.23519157576043373,0.23519157576043373,1.0506708485536365,1.0506708485536365
1840-04-01,109.80952380952381,21,21.0,3719.8100000000004,258.7,3719.8100000000004,1.0,66925.68999999999,13.309162615424365,2.9042973867456476,2.9042973867456476,13.3,21.0,0.21836822456734192,0.21836822456734192,1.1753444458015618,1.1753444458015618
1840-05-01,115.36363636363636,22,22.0,4070.45,294.9,4070.45,1.0,86966.00999999998,13.602222411997774,2.9000035622662645,2.9000035622662645,13.6,22.0,0.21323555604899005,0.21323555604899005,1.0308174527079617,1.0308174527079617
1840-06-01,80.88888888888889,27,27.0,3504.43,304.9,3504.43,1.0,92964.00999999998,11.392703968053576,2.1925269009178163,2.1925269009178163,11.4,27.0,0.1923269211331418,0.1923269211331418,1.0198618191589992,1.0198618191589992
1840-07-01,101.04347826086956,23,23.0,3738.18,285.6,3738.18,1.0,81567.36000000002,12.748708374474306,2.6582894566880317,2.6582894566880317,12.7,23.0,0.20931413044787653,0.20931413044787653,1.0482473283156777,1.0482473283156777
1840-08-01,96.41666666666667,24,24.0,3704.51,294.5,3704.51,1.0,86730.25,12.42395200140975,2.5360285826903097,2.5360285826903097,12.4,24.0,0.2045184340879282,0.2045184340879282,1.0221077222557728,1.0221077222557728
1840-09-01,123.25,20,20.0,3959.01,275.9,3959.01,1.0,76120.80999999998,14.069488263614993,3.1460332166078606,3.1460332166078606,14.1,20.0,0.22312292316367807,0.22312292316367807,1.0471605475473176,1.0471605475473176
1840-10-01,91.6842105263158,19,19.0,2796.62,222.6,2796.62,1.0,49550.759999999995,12.132210281551728,2.7833199252141645,2.7833199252141645,12.1,19.0,0.23002644010034418,0.23002644010034418,1.070651497386114,1.070651497386114
1840-11-01,90.4,20,20.0,2903.17,236.7,2903.17,1.0,56026.88999999999,12.048174135527757,2.6940536371794828,2.6940536371794828,12.0,20.0,0.2245044697649569,0.2245044697649569,1.0296121958326716,1.0296121958326716
1840-12-01,89.5,22,22.0,3164.74,259.0,3164.74,1.0,67081.0,11.993824168371745,2.5570919045400897,2.5570919045400897,12.0,22.0,0.21309099204500748,0.21309099204500748,1.040912906981729,1.040912906981729
1841-01-01,40.06666666666667,15,15.0,989.86,103.8,989.86,1.0,10774.439999999999,8.123463957368598,2.0974693746936515,2.0974693746936515,8.1,15.0,0.2589468363819323,0.2589468363819323,1.407560671996141,1.407560671996141
1841-02-01,49.9,20,20.0,1600.9,171.6,1600.9,1.0,29446.559999999998,8.946787132820363,2.0005624209206774,2.0005624209206774,8.9,20.0,0.22478229448546935,0.22478229448546935,1.080351480266584,1.080351480266584
1841-03-01,49.59090909090909,22,22.0,1759.54,181.6,1759.54,1.0,32978.56,8.9431029798997,1.9066759617566105,1.9066759617566105,8.9,22.0,0.21423325412995622,0.21423325412995622,1.1716607375888164,1.1716607375888164
1841-04-01,66.92857142857143,28,28.0,3011.55,282.9,3011.55,1.0,80032.40999999999,10.370889891559795,1.95991396625006,1.95991396625006,10.4,28.0,0.18845326598558268,0.18845326598558268,1.0618667462295281,1.0618667462295281
1841-05-01,112.44444444444444,27,27.0,4885.51,360.3,4885.51,1.0,129816.09000000001,13.45157294946635,2.588756421132762,2.588756421132762,13.5,27.0,0.1917597348987231,0.1917597348987231,1.0243668123529082,1.0243668123529082
1841-06-01,92.75,24,24.0,3579.0299999999997,290.9,3579.0299999999997,1.0,84622.80999999998,12.211725922243751,2.4927081156846262,2.4927081156846262,12.2,24.0,0.2043203373511989,0.2043203373511989,1.013684332098034,1.013684332098034
1841-07-01,51.370370370370374,27,27.0,2233.87,229.5,2233.87,1.0,52670.25,9.095929085361535,1.7505123686544095,1.7505123686544095,9.1,27.0,0.19236399655542963,0.19236399655542963,1.1526326829958848,1.1526326829958848
1841-08-01,65.35714285714286,28,28.0,2943.6,279.8,2943.6,1.0,78288.04000000001,10.253222489957556,1.9376769175315822,1.9376769175315822,10.3,28.0,0.18812397257588176,0.18812397257588176,1.0648557478162954,1.0648557478162954
1841-09-01,60.892857142857146,28,28.0,2736.89,265.1,2736.89,1.0,70278.01000000001,9.886661288249508,1.8684033618169766,1.8684033618169766,9.9,28.0,0.1887276123047451,0.1887276123047451,1.0971531120597349,1.0971531120597349
1841-10-01,47.421052631578945,19,19.0,1445.59,159.5,1445.59,1.0,25440.25,8.72259618522641,2.0011008050902794,2.0011008050902794,8.7,19.0,0.23001158679198616,0.23001158679198616,1.078510801986775,1.078510801986775
1841-11-01,32.9,20,20.0,1065.35,139.5,1065.35,1.0,19460.25,7.298458741405613,1.6319849876760508,1.6319849876760508,7.3,20.0,0.22355958735288367,0.22355958735288367,1.1008839406574649,1.1008839406574649
1841-12-01,64.84210526315789,19,19.0,1980.8300000000002,181.9,1980.8300000000002,1.0,33087.61,10.210495116609959,2.3424482303588605,2.3424482303588605,10.2,19.0,0.22965178729008437,0.22965178729008437,1.1437252586092161,1.1437252586092161
1842-01-01,33.95,20,20.0,1124.36,127.2,1124.36,1.0,16179.84,7.497866363172926,1.676573887426379,1.676573887426379,7.5,20.0,0.22354318499018386,0.22354318499018386,1.4197913317941375,1.4197913317941375
1842-02-01,36.81818181818182,22,22.0,1326.6200000000001,150.8,1326.6200000000001,1.0,22740.640000000003,7.765365998516045,1.6555815936471208,1.6555815936471208,7.8,22.0,0.21225405046757959,0.21225405046757959,1.3131555868538458,1.3131555868538458
1842-03-01,36.16,25,25.0,1485.32,165.2,1485.32,1.0,27291.039999999997,7.707969901342376,1.5415939802684753,1.5415939802684753,7.7,25.0,0.2002070104244773,0.2002070104244773,1.3784126154976497,1.3784126154976497
1842-04-01,44.93333333333333,30,30.0,2176.02,236.6,2176.02,1.0,55979.56,8.516689497686293,1.5549276510500418,1.5549276510500418,8.5,30.0,0.1829326648294167,0.1829326648294167,1.1681197928612133,1.1681197928612133
1842-05-01,41.38709677419355,31,31.0,2085.1,229.4,2085.1,1.0,52624.36,8.201298087655433,1.4729966200449653,1.4729966200449653,8.2,31.0,0.17963373415182507,0.17963373415182507,1.2373062051165766,1.2373062051165766
1842-06-01,34.166666666666664,30,30.0,1651.4099999999999,216.3,1651.4099999999999,1.0,46785.69,7.419366549780379,1.3545848072379962,1.3545848072379962,7.4,30.0,0.1830520009781076,0.1830520009781076,1.0553528271637436,1.0553528271637436
1842-07-01,21.032258064516128,31,31.0,1109.87,152.5,1109.87,1.0,23256.25,5.983498814616421,1.0746681117760322,1.0746681117760322,6.0,31.0,0.17911135196267203,0.17911135196267203,1.512036278615286,1.512036278615286
1842-08-01,44.41935483870968,31,31.0,2216.71,251.1,2216.71,1.0,63051.21,8.456167819618317,1.5187725752316423,1.5187725752316423,8.5,31.0,0.17867912649784026,0.17867912649784026,1.1048917965956817,1.1048917965956817
1842-09-01,30.607142857142858,28,28.0,1397.06,182.8,1397.06,1.0,33415.840000000004,7.063639288638683,1.3349023506287963,1.3349023506287963,7.1,28.0,0.1880144155815206,0.1880144155815206,1.1906880899272239,1.1906880899272239
1842-10-01,63.47826086956522,23,23.0,2343.25,228.7,2343.25,1.0,52303.689999999995,10.093583842352958,2.1046577206241843,2.1046577206241843,10.1,23.0,0.20838195253704797,0.20838195253704797,1.0332182823049596,1.0332182823049596
1842-11-01,67.48,25,25.0,2709.64,253.0,2709.64,1.0,64009.0,10.410840504013112,2.0821681008026225,2.0821681008026225,10.4,25.0,0.2002084712310214,0.2002084712310214,1.058581362024008,1.058581362024008
1842-12-01,29.266666666666666,15,15.0,709.0799999999999,97.0,709.0799999999999,1.0,9409.0,6.875463620731332,1.7752370733698264,1.7752370733698264,6.9,15.0,0.2572807352709893,0.2572807352709893,1.1498002280480741,1.1498002280480741
1843-01-01,22.181818181818183,22,22.0,820.7800000000001,115.8,820.7800000000001,1.0,13409.64,6.108042388374677,1.3022390127319148,1.3022390127319148,6.1,22.0,0.21348180536588768,0.21348180536588768,1.3654024272253404,1.3654024272253404
1843-02-01,5.857142857142857,14,14.0,169.59,42.5,169.59,1.0,1806.25,3.4804556351965514,0.9301908954837261,0.9301908954837261,3.5,14.0,0.2657688272810646,0.2657688272810646,1.3633925189104639,1.3633925189104639
1843-03-01,13.862068965517242,29,29.0,715.29,118.9,715.29,1.0,14137.210000000001,4.96640437477589,0.9222381398979989,0.9222381398979989,5.0,29.0,0.18444762797959977,0.18444762797959977,1.513174717179062,1.513174717179062
1843-04-01,15.827586206896552,29,29.0,789.85,131.9,789.85,1.0,17397.61,5.218831947529229,0.9691127633856425,0.9691127633856425,5.2,29.0,0.18636783911262353,0.18636783911262353,1.321718883220856,1.321718883220856
1843-05-01,35.13333333333333,30,30.0,1726.23,200.5,1726.23,1.0,40200.25,7.585578422243093,1.3849308045289963,1.3849308045289963,7.6,30.0,0.18222773743802584,0.18222773743802584,1.306278106628837,1.306278106628837
1843-06-01,17.566666666666666,30,30.0,890.59,144.5,890.59,1.0,20880.25,5.448516617698191,0.9947584854850169,0.9947584854850169,5.4,30.0,0.1842145343490772,0.1842145343490772,1.2683262246581484,1.2683262246581484
1843-07-01,15.870967741935484,31,31.0,848.74,141.6,848.74,1.0,20050.559999999998,5.232466882591743,0.9397787947929873,0.9397787947929873,5.2,31.0,0.1807266913063437,0.1807266913063437,1.3090790352164539,1.3090790352164539
1843-08-01,19.580645161290324,31,31.0,1030.52,154.79999999999998,1030.52,1.0,23963.039999999994,5.765637921788125,1.0355391403197831,1.0355391403197831,5.8,31.0,0.17854123108961778,0.17854123108961778,1.364765843439797,1.364765843439797
1843-09-01,6.933333333333334,30,30.0,419.28,95.4,419.28,1.0,9101.160000000002,3.73844887620521,0.6825442598591439,0.6825442598591439,3.7,30.0,0.1844714215835524,0.1844714215835524,1.3708689822941575,1.3708689822941575
1843-10-01,8.870967741935484,31,31.0,527.96,106.2,527.96,1.0,11278.44,4.126859307262059,0.7412058123028092,0.7412058123028092,4.1,31.0,0.1807819054397096,0.1807819054397096,1.4535583527433191,1.4535583527433191
1843-11-01,31.74074074074074,27,27.0,1380.34,186.0,1380.34,1.0,34596.0,7.150084174588695,1.3760343409757554,1.3760343409757554,7.2,27.0,0.19111588069107713,0.19111588069107713,1.0962004066756463,1.0962004066756463
1843-12-01,21.1875,16,16.0,580.98,76.2,580.98,1.0,5806.4400000000005,6.025881678227677,1.5064704195569192,1.5064704195569192,6.0,16.0,0.25107840325948655,0.25107840325948655,1.6524899243320204,1.6524899243320204
1844-01-01,15.708333333333334,24,24.0,642.8499999999999,111.3,642.8499999999999,1.0,12387.689999999999,5.175462942256148,1.0564369492675734,1.0564369492675734,5.2,24.0,0.20316095178222565,0.20316095178222565,1.2713830073462051,1.2713830073462051
1844-02-01,24.545454545454547,22,22.0,895.5699999999999,124.1,895.5699999999999,1.0,15400.81,6.380260752722201,1.3602761630159597,1.3602761630159597,6.4,22.0,0.2125431504712437,0.2125431504712437,1.3049815101301325,1.3049815101301325
1844-03-01,22.523809523809526,21,21.0,782.4200000000001,117.4,782.4200000000001,1.0,13782.760000000002,6.103940959584655,1.3319891183256223,1.3319891183256223,6.1,21.0,0.2183588718566594,0.2183588718566594,1.2020600999666158,1.2020600999666158
1844-04-01,34.607142857142854,28,28.0,1581.31,189.3,1581.31,1.0,35834.490000000005,7.515008791934787,1.4202031688516705,1.4202031688516705,7.5,28.0,0.18936042251355606,0.18936042251355606,1.241306354621673,1.241306354621673
1844-05-01,19.24,25,25.0,798.5,131.4,798.5,1.0,17265.960000000003,5.651548460377917,1.1303096920755833,1.1303096920755833,5.7,25.0,0.1982999459781725,0.1982999459781725,1.1846241011060599,1.1846241011060599
1844-06-01,6.172413793103448,29,29.0,378.46,86.8,378.46,1.0,7534.24,3.6125261006096836,0.6708292559261416,0.6708292559261416,3.6,29.0,0.1863414599794838,0.1863414599794838,1.4702659947622763,1.4702659947622763
1844-07-01,35.206896551724135,29,29.0,1684.78,186.2,1684.78,1.0,34670.439999999995,7.622064160643461,1.4153817819178747,1.4153817819178747,7.6,29.0,0.18623444498919403,0.18623444498919403,1.4215686452840417,1.4215686452840417
1844-08-01,39.67857142857143,28,28.0,1824.35,198.1,1824.35,1.0,39243.61,8.071886839076546,1.5254432276608418,1.5254432276608418,8.1,28.0,0.18832632440257308,0.18832632440257308,1.3258918001050795,1.3258918001050795
1844-09-01,11.592592592592593,27,27.0,583.84,99.0,583.84,1.0,9801.0,4.650129428704507,0.894917825809716,0.894917825809716,4.7,27.0,0.19040804804462041,0.19040804804462041,1.683790885695811,1.683790885695811
1844-10-01,35.88,25,25.0,1470.66,162.8,1470.66,1.0,26503.840000000004,7.669837025647938,1.5339674051295875,1.5339674051295875,7.7,25.0,0.19921654612072565,0.19921654612072565,1.4215369361783041,1.4215369361783041
1844-11-01,17.875,16,16.0,501.23,71.9,501.23,1.0,5169.610000000001,5.597041629289531,1.3992604073223827,1.3992604073223827,5.6,16.0,0.24986792987899692,0.24986792987899692,1.6123216190627148,1.6123216190627148
1844-12-01,36.0,20,20.0,1169.82,141.2,1169.82,1.0,19937.439999999995,7.647940899353237,1.7101315738854717,1.7101315738854717,7.6,20.0,0.22501731235335154,0.22501731235335154,1.1687246438280403,1.1687246438280403
1845-01-01,42.76470588235294,17,17.0,1163.99,136.3,1163.99,1.0,18577.690000000002,8.274660113865705,2.006899862679633,2.006899862679633,8.3,17.0,0.241795164178269,0.241795164178269,1.0764639335695458,1.0764639335695458
1845-02-01,72.82352941176471,17,17.0,1979.94,178.4,1979.94,1.0,31826.56,10.791990494043691,2.6174421598590505,2.6174421598590505,10.8,17.0,0.24235575554250466,0.24235575554250466,1.0630691180441874,1.0630691180441874
1845-03-01,72.0909090909091,22,22.0,2552.43,227.5,2552.43,1.0,51756.25,10.771236950998036,2.296435433988802,2.296435433988802,10.8,22.0,0.2126329105545187,0.2126329105545187,1.0954704329867073,1.0954704329867073
1845-04-01,95.04,25,25.0,3801.9,305.8,3801.9,1.0,93513.64000000001,12.331909827759851,2.46638196555197,2.46638196555197,12.3,25.0,0.20051885898796504,0.20051885898796504,1.0116217788218131,1.0116217788218131
1845-05-01,79.66666666666667,27,27.0,3463.49,285.7,3463.49,1.0,81624.48999999999,11.325961654862134,2.179682336755344,2.179682336755344,11.3,27.0,0.19289224219073842,0.19289224219073842,1.1466398843412957,1.1466398843412957
1845-06-01,51.84,25,25.0,2098.63,208.3,2098.63,1.0,43388.89000000001,9.162161317069243,1.8324322634138486,1.8324322634138486,9.2,25.0,0.1991774199362879,0.1991774199362879,1.2303475444329965,1.2303475444329965
1845-07-01,51.041666666666664,24,24.0,1979.06,200.0,1979.06,1.0,40000.0,9.080794752296372,1.8536094668391063,1.8536094668391063,9.1,24.0,0.20369334800429742,0.20369334800429742,1.202482105913215,1.202482105913215
1845-08-01,53.888888888888886,27,27.0,2349.4900000000002,231.3,2349.4900000000002,1.0,53499.69,9.328351845216183,1.7952421496437017,1.7952421496437017,9.3,27.0,0.19303679028426898,0.19303679028426898,1.1867347537253032,1.1867347537253032
1845-09-01,49.34615384615385,26,26.0,2106.4,197.6,2106.4,1.0,39045.759999999995,9.000854660274468,1.7652128289135414,1.7652128289135414,9.0,26.0,0.19613475876817127,0.19613475876817127,1.4252981102000686,1.4252981102000686
1845-10-01,67.78947368421052,19,19.0,2071.59,191.1,2071.59,1.0,36519.21,10.44179355434587,2.3955117311951595,2.3955117311951595,10.4,19.0,0.230337666461073,0.230337666461073,1.073344689705704,1.073344689705704
1845-11-01,65.69565217391305,23,23.0,2435.7599999999998,222.4,2435.7599999999998,1.0,49461.76,10.290899314231588,2.145800840627352,2.145800840627352,10.3,23.0,0.20833017870168466,0.20833017870168466,1.1416205928635224,1.1416205928635224
1845-12-01,99.46153846153847,13,13.0,2077.05,163.5,2077.05,1.0,26732.25,12.640137535765856,3.505743385701602,3.505743385701602,12.6,13.0,0.2782336020398097,0.2782336020398097,1.003982527012557,1.003982527012557
1846-01-01,64.57894736842105,19,19.0,1969.1599999999999,186.2,1969.1599999999999,1.0,34670.439999999995,10.18037327409953,2.3355378057537974,2.3355378057537974,10.2,19.0,0.22897429468174485,0.22897429468174485,1.0883145858510739,1.0883145858510739
1846-02-01,84.85714285714286,21,21.0,2861.63,236.70000000000002,2861.63,1.0,56026.89000000001,11.673392619033049,2.547343109221797,2.547343109221797,11.7,21.0,0.21772163326682029,0.21772163326682029,1.081662348684084,1.081662348684084
1846-03-01,106.5,22,22.0,3762.23,281.9,3762.23,1.0,79467.60999999999,13.07709656404871,2.7880463553066765,2.7880463553066765,13.1,22.0,0.21282796605394477,0.21282796605394477,1.0474422029187358,1.0474422029187358
1846-04-01,115.47368421052632,19,19.0,3518.77,249.5,3518.77,1.0,62250.25,13.608762656929231,3.1220642720097156,3.1220642720097156,13.6,19.0,0.22956354941247908,0.22956354941247908,1.076965709020103,1.076965709020103
1846-05-01,99.9047619047619,21,21.0,3367.4900000000002,257.9,3367.4900000000002,1.0,66512.40999999999,12.663201280350348,2.7633370670317703,2.7633370670317703,12.7,21.0,0.21758559582927325,0.21758559582927325,1.0731092857509361,1.0731092857509361
1846-06-01,108.42857142857143,28,28.0,4881.43,358.7,4881.43,1.0,128665.68999999999,13.203665616573517,2.4952582582791316,2.4952582582791316,13.2,28.0,0.18903471653629786,0.18903471653629786,1.0641314978172507,1.0641314978172507
1846-07-01,77.46153846153847,26,26.0,3229.84,285.4,3229.84,1.0,81453.15999999999,11.145609691022532,2.1858338963620287,2.1858338963620287,11.1,26.0,0.19692197264522782,0.19692197264522782,1.023481488640472,1.023481488640472
1846-08-01,91.3076923076923,26,26.0,3808.53,302.9,3808.53,1.0,91748.40999999999,12.102971663063707,2.373588026247014,2.373588026247014,12.1,26.0,0.1961642996898359,0.1961642996898359,1.082155559002355,1.082155559002355
1846-09-01,178.56521739130434,23,23.0,6587.29,384.3,6587.29,1.0,147686.49000000002,16.92347225138737,3.528787900309201,3.528787900309201,16.9,23.0,0.20880401776977522,0.20880401776977522,1.0241050268180114,1.0241050268180114
1846-10-01,93.4375,16,16.0,2394.86,191.6,2394.86,1.0,36710.56,12.234326708078381,3.0585816770195953,3.0585816770195953,12.2,16.0,0.25070341614914715,0.25070341614914715,1.0405785107108407,1.0405785107108407
1846-11-01,100.625,16,16.0,2578.83,198.3,2578.83,1.0,39322.89000000001,12.695545478631471,3.173886369657868,3.173886369657868,12.7,16.0,0.24991231257148566,0.24991231257148566,1.0535419874668175,1.0535419874668175
1846-12-01,109.1,10,10.0,1754.74,131.0,1754.74,1.0,17161.0,13.246659956381457,4.188961685191212,4.188961685191212,13.2,10.0,0.3173455822114555,0.3173455822114555,1.0170709828342503,1.0170709828342503
1847-01-01,104.36363636363636,11,11.0,1843.5,132.6,1843.5,1.0,17582.76,12.945690753718361,3.9032726256415455,3.9032726256415455,12.9,11.0,0.3025792733055462,0.3025792733055462,1.1621963167264535,1.1621963167264535
1847-02-01,74.9,10,10.0,1198.13,104.5,1198.13,1.0,10920.25,10.945912479094652,3.46140145027993,3.46140145027993,10.9,10.0,0.31755976608072756,0.31755976608072756,1.098821039032639,1.098821039032639
1847-03-01,143.0,19,19.0,4360.16,276.8,4360.16,1.0,76618.24,15.148666781705836,3.4753425068856454,3.4753425068856454,15.1,19.0,0.23015513290633413,0.23015513290633413,1.0787921572231092,1.0787921572231092
1847-04-01,74.55,20,20.0,2394.75,210.5,2394.75,1.0,44310.25,10.942463159636407,2.4468091466234143,2.4468091466234143,10.9,20.0,0.22447790335994625,0.22447790335994625,1.0766721141343893,1.0766721141343893
1847-05-01,125.73076923076923,26,26.0,5254.57,364.7,5254.57,1.0,133006.09,14.216147373808635,2.7880158795061942,2.7880158795061942,14.2,26.0,0.1963391464440982,0.1963391464440982,1.0258513558194844,1.0258513558194844
1847-06-01,142.16,25,25.0,5711.6,375.2,5711.6,1.0,140775.03999999998,15.11502563676291,3.023005127352582,3.023005127352582,15.1,25.0,0.2001990150564624,0.2001990150564624,1.0128177543826813,1.0128177543826813
1847-07-01,87.08,25,25.0,3497.09,281.9,3497.09,1.0,79467.60999999999,11.827239745604214,2.3654479491208424,2.3654479491208424,11.8,25.0,0.20046169060346122,0.20046169060346122,1.0994779290703818,1.0994779290703818
1847-08-01,234.28571428571428,28,28.0,10538.15,531.3,10538.15,1.0,282279.68999999994,19.40006443288269,3.6662675648597793,3.6662675648597793,19.4,28.0,0.18898286416802987,0.18898286416802987,1.047054086762002,1.047054086762002
1847-09-01,268.2,15,15.0,6458.18,308.8,6458.18,1.0,95357.44,20.749586341258308,5.357520156025754,5.357520156025754,20.7,15.0,0.25881739884182386,0.25881739884182386,1.0118427307493894,1.0118427307493894
1847-10-01,300.63157894736844,19,19.0,9176.98,415.6,9176.98,1.0,172723.36000000002,21.977237027625222,5.041923961139923,5.041923961139923,22.0,19.0,0.2291783618699965,0.2291783618699965,1.012232860183148,1.012232860183148
1847-11-01,231.5,20,20.0,7424.4400000000005,379.40000000000003,7424.4400000000005,1.0,143944.36000000002,19.267122255282445,4.30825950936106,4.30825950936106,19.3,20.0,0.22322588131404453,0.22322588131404453,1.0370029516571646,1.0370029516571646
1847-12-01,182.64285714285714,14,14.0,4103.84,236.8,4103.84,1.0,56074.240000000005,17.121081407768276,4.575801479923869,4.575801479923869,17.1,14.0,0.2675907298201093,0.2675907298201093,1.023823561104013,1.023823561104013
1848-01-01,265.2142857142857,14,14.0,5965.42,288.2,5965.42,1.0,83059.23999999999,20.642224409482342,5.5168665315132115,5.5168665315132115,20.6,14.0,0.2678090549278258,0.2678090549278258,1.0014958397443534,1.0014958397443534
1848-02-01,186.3846153846154,13,13.0,3887.07,223.5,3887.07,1.0,49952.25,17.291772165263588,4.795874706576834,4.795874706576834,17.3,13.0,0.2772181911316089,0.2772181911316089,1.0136276467388166,1.0136276467388166
1848-03-01,181.1764705882353,17,17.0,4945.55,288.9,4945.55,1.0,83463.20999999999,17.056221911148814,4.136741441978876,4.136741441978876,17.1,17.0,0.241914704209291,0.241914704209291,1.0132872018855377,1.0132872018855377
1848-04-01,178.55555555555554,18,18.0,5159.4,303.8,5159.4,1.0,92294.44,16.930249062944505,3.990497973195084,3.990497973195084,16.9,18.0,0.23612414042574464,0.23612414042574464,1.0027910700448406,1.0027910700448406
1848-05-01,170.4814814814815,27,27.0,7381.7,443.6,7381.7,1.0,196780.96000000002,16.534699764322795,3.182104453300469,3.182104453300469,16.5,27.0,0.19285481535154358,0.19285481535154358,1.0089192006346803,1.0089192006346803
1848-06-01,214.91666666666666,24,24.0,8270.06,443.4,8270.06,1.0,196603.55999999997,18.56302328106425,3.7891612601676847,3.7891612601676847,18.6,24.0,0.20371834732084326,0.20371834732084326,1.0141737927665553,1.0141737927665553
1848-07-01,231.96296296296296,27,27.0,10053.36,516.8,10053.36,1.0,267082.23999999993,19.296286343922933,3.713572038341335,3.713572038341335,19.3,27.0,0.1924130589814163,0.1924130589814163,1.0173636908039287,1.0173636908039287
1848-08-01,220.9047619047619,21,21.0,7446.57,392.9,7446.57,1.0,154370.40999999997,18.830787860006584,4.109214798292175,4.109214798292175,18.8,21.0,0.21857525522830717,0.21857525522830717,1.0101864340055369,1.0101864340055369
1848-09-01,167.25,20,20.0,5372.56,323.8,5372.56,1.0,104846.44,16.389874923256738,3.664887447112121,3.664887447112121,16.4,20.0,0.22346874677512935,0.22346874677512935,1.027520390277327,1.027520390277327
1848-10-01,220.6153846153846,13,13.0,4610.32,243.4,4610.32,1.0,59243.560000000005,18.83188785013335,5.223025942880238,5.223025942880238,18.8,13.0,0.27782052887660835,0.27782052887660835,1.0089286302624556,1.0089286302624556
1848-11-01,191.0,16,16.0,4907.57,276.3,4907.57,1.0,76341.69,17.51351264024439,4.378378160061097,4.378378160061097,17.5,16.0,0.250193037717777,0.250193037717777,1.0288141017205783,1.0288141017205783
1848-12-01,265.8333333333333,24,24.0,10253.62,494.0,10253.62,1.0,244036.0,20.66964360279748,4.219173332669697,4.219173332669697,20.7,24.0,0.2038247986796955,0.2038247986796955,1.0118667625849302,1.0118667625849302
1849-01-01,298.2903225806452,31,31.0,14172.27,660.7,14172.27,1.0,436524.49000000005,21.38153408902177,3.8402368878545388,3.8402368878545388,21.4,31.0,0.17945032186236162,0.17945032186236162,1.008464664871419,1.008464664871419
1849-02-01,250.25,28,28.0,10673.380000000001,538.4,10673.380000000001,1.0,289874.56,19.524142563942288,3.6897161275687345,3.6897161275687345,19.5,28.0,0.1892162116701915,0.1892162116701915,1.0295179268225156,1.0295179268225156
1849-03-01,182.74193548387098,31,31.0,8494.73,507.5,8494.73,1.0,257556.25,16.55365664700995,2.973124501733752,2.973124501733752,16.6,31.0,0.17910388564661156,0.17910388564661156,1.029137018034741,1.029137018034741
1849-04-01,194.7,30,30.0,8806.06,501.0,8806.06,1.0,251001.0,17.13287288616049,3.128020318206247,3.128020318206247,17.1,30.0,0.18292516480738286,0.18292516480738286,1.05024052112732,1.05024052112732
1849-05-01,153.19354838709677,31,31.0,7067.09,454.3,7067.09,1.0,206388.49000000002,15.098696803409569,2.7118059995870762,2.7118059995870762,15.1,31.0,0.17958980129715738,0.17958980129715738,1.0638622847320958,1.0638622847320958
1849-06-01,154.16666666666666,30,30.0,6902.95,444.5,6902.95,1.0,197580.25,15.168992495658152,2.769466454832852,2.769466454832852,15.2,30.0,0.18220174044952972,0.18220174044952972,1.0543103452796951,1.0543103452796951
1849-07-01,148.19354838709677,31,31.0,6837.63,454.7,6837.63,1.0,206752.09,14.851555799895825,2.66741816500779,2.66741816500779,14.9,31.0,0.17902135335622751,0.17902135335622751,1.0330117191122643,1.0330117191122643
1849-08-01,128.58064516129033,31,31.0,5897.04,423.2,5897.04,1.0,179098.24,13.792283957858233,2.47716732589017,2.47716732589017,13.8,31.0,0.17950487868769346,0.17950487868769346,1.0226014600360738,1.0226014600360738
1849-09-01,178.03333333333333,30,30.0,7992.24,485.8,7992.24,1.0,236001.64,16.32200968018338,2.9799776285513735,2.9799776285513735,16.3,30.0,0.18282071340805972,0.18282071340805972,1.0136808394741619,1.0136808394741619
1849-10-01,135.70967741935485,31,31.0,6259.98,429.6,6259.98,1.0,184556.16000000003,14.210377852459708,2.5522592061056186,2.5522592061056186,14.2,31.0,0.17973656381025485,0.17973656381025485,1.051711034975623,1.051711034975623
1849-11-01,188.16666666666666,30,30.0,8503.6,492.6,8503.6,1.0,242654.76,16.836072384417136,3.073832208245018,3.073832208245018,16.8,30.0,0.18296620287172727,0.18296620287172727,1.0485209639789954,1.0485209639789954
1849-12-01,184.25806451612902,31,31.0,8573.77,508.7,8573.77,1.0,258775.69,16.630490846828653,2.9869243313981757,2.9869243313981757,16.6,31.0,0.17993520068663707,0.17993520068663707,1.024130390366309,1.024130390366309
1850-01-01,148.2258064516129,31,31.0,6846.68,451.6,6846.68,1.0,203942.56000000003,14.861380997783831,2.6691828226419383,2.6691828226419383,14.9,31.0,0.1791397867544925,0.1791397867544925,1.0477384408035317,1.0477384408035317
1850-02-01,169.75,28,28.0,7096.3,440.8,7096.3,1.0,194304.64,15.919776559810307,3.0085549789266754,3.0085549789266754,15.9,28.0,0.18921729427211795,0.18921729427211795,1.0208238585951885,1.0208238585951885
1850-03-01,156.83870967741936,31,31.0,7244.57,469.3,7244.57,1.0,220242.49000000002,15.287112430135814,2.7456464451318077,2.7456464451318077,15.3,31.0,0.17945401602168676,0.17945401602168676,1.0221504510466581,1.0221504510466581
1850-04-01,83.83333333333333,30,30.0,3699.93,315.7,3699.93,1.0,99666.48999999999,11.105449112935505,2.027568330126838,2.027568330126838,11.1,30.0,0.18266381352494035,0.18266381352494035,1.116941880588405,1.116941880588405
1850-05-01,117.03225806451613,31,31.0,5360.08,400.2,5360.08,1.0,160160.03999999998,13.149365249000155,2.361695717007051,2.361695717007051,13.1,31.0,0.180282115802065,0.180282115802065,1.030731080292269,1.030731080292269
1850-06-01,133.0,30,30.0,5931.76,411.6,5931.76,1.0,169414.56000000003,14.061484037374338,2.567263999756247,2.567263999756247,14.1,30.0,0.18207546097562038,0.18207546097562038,1.0581984159801519,1.0581984159801519
1850-07-01,74.3225806451613,31,31.0,3410.65,277.3,3410.65,1.0,76895.29000000001,10.489088031947082,1.8838958239632855,1.8838958239632855,10.5,31.0,0.17941864990126527,0.17941864990126527,1.3953882062972613,1.3953882062972613
1850-08-01,117.03225806451613,31,31.0,5352.07,404.1,5352.07,1.0,163296.81000000003,13.139536496955998,2.359930421027614,2.359930421027614,13.1,31.0,0.18014736038378734,0.18014736038378734,1.0102592843547684,1.0102592843547684
1850-09-01,163.7,30,30.0,7323.95,465.9,7323.95,1.0,217062.80999999997,15.624713330703596,2.8526693152593454,2.8526693152593454,15.6,30.0,0.18286341764482983,0.18286341764482983,1.0093506277282143,1.0093506277282143
1850-10-01,134.90322580645162,31,31.0,6197.02,433.0,6197.02,1.0,187489.0,14.13873654071473,2.5393920466720674,2.5393920466720674,14.1,31.0,0.18009872671433103,0.18009872671433103,1.0196777044412004,1.0196777044412004
1850-11-01,104.1,30,30.0,4614.76,353.2,4614.76,1.0,124750.23999999999,12.402634128818496,2.264400828279108,2.264400828279108,12.4,30.0,0.18261297002250873,0.18261297002250873,1.1134865403625975,1.1134865403625975
1850-12-01,115.87096774193549,31,31.0,5303.53,399.5,5303.53,1.0,159600.25,13.079817005723964,2.3492044837679993,2.3492044837679993,13.1,31.0,0.1793285865471755,0.1793285865471755,1.0344593196796406,1.0344593196796406
1851-01-01,143.4516129032258,31,31.0,6666.8,434.4,6666.8,1.0,188703.36,14.664858148517123,2.6338862769442284,2.6338862769442284,14.7,31.0,0.17917593720709038,0.17917593720709038,1.1041501223710224,1.1041501223710224
1851-02-01,200.07142857142858,28,28.0,8423.64,482.8,8423.64,1.0,233095.84,17.344863381251688,3.2778710736559185,3.2778710736559185,17.3,28.0,0.18947231639629586,0.18947231639629586,1.0068879015739376,1.0068879015739376
1851-03-01,122.80645161290323,31,31.0,5614.25,415.5,5614.25,1.0,172640.25,13.457519782994094,2.4170419051559526,2.4170419051559526,13.5,31.0,0.17904014112266317,0.17904014112266317,1.0149797037586963,1.0149797037586963
1851-04-01,107.33333333333333,30,30.0,4749.15,371.5,4749.15,1.0,138012.25,12.581931489242818,2.2971358978809535,2.2971358978809535,12.6,30.0,0.18231237284769472,0.18231237284769472,1.0365573816007583,1.0365573816007583
1851-05-01,118.93548387096774,31,31.0,5462.2,403.0,5462.2,1.0,162409.0,13.274034804836093,2.384087030236509,2.384087030236509,13.3,31.0,0.17925466392755704,0.17925466392755704,1.0483112111874853,1.0483112111874853
1851-06-01,120.0,30,30.0,5327.78,393.2,5327.78,1.0,154606.24,13.326389858722678,2.4330547785768317,2.4330547785768317,13.3,30.0,0.182936449517055,0.182936449517055,1.030779792342445,1.030779792342445
1851-07-01,68.64516129032258,31,31.0,3114.18,297.8,3114.18,1.0,88684.84000000001,10.022844873330062,1.800156080641958,1.800156080641958,10.0,31.0,0.1800156080641958,0.1800156080641958,1.086655402681246,1.086655402681246
1851-08-01,108.96774193548387,31,31.0,4973.83,388.5,4973.83,1.0,150932.25,12.6667331633795,2.275012435501341,2.275012435501341,12.7,31.0,0.1791348374410505,0.1791348374410505,1.0278671144837002,1.0278671144837002
1851-09-01,128.86666666666667,30,30.0,5726.51,409.3,5726.51,1.0,167526.49000000002,13.816065527734974,2.5224569151699874,2.5224569151699874,13.8,30.0,0.18278673298333242,0.18278673298333242,1.0239153923257593,1.0239153923257593
1851-10-01,118.70967741935483,31,31.0,5450.610000000001,399.7,5450.610000000001,1.0,159760.09,13.259944533528715,2.381556342802708,2.381556342802708,13.3,31.0,0.1790643866768953,0.1790643866768953,1.066303120197152,1.066303120197152
1851-11-01,96.8,30,30.0,4270.47,351.5,4270.47,1.0,123552.25,11.931010015920698,2.178294439846612,2.178294439846612,11.9,30.0,0.18304995292828674,0.18304995292828674,1.0326684427412134,1.0326684427412134
1851-12-01,135.48387096774192,31,31.0,6241.36,432.6,6241.36,1.0,187142.76,14.189228081484456,2.5484605951018118,2.5484605951018118,14.2,31.0,0.17946905599308535,0.17946905599308535,1.0366679307070037,1.0366679307070037
1852-01-01,129.8709677419355,31,31.0,5963.54,423.0,5963.54,1.0,178929.0,13.869832661734463,2.4910954842716455,2.4910954842716455,13.9,31.0,0.179215502465586,0.179215502465586,1.0390009080425653,1.0390009080425653
1852-02-01,126.20689655172414,29,29.0,5446.45,380.7,5446.45,1.0,144932.49,13.704328538445623,2.544829922436083,2.544829922436083,13.7,29.0,0.18575400893694038,0.18575400893694038,1.0925884769543963,1.0925884769543963
1852-03-01,116.2258064516129,31,31.0,5319.79,399.7,5319.79,1.0,159760.09,13.099852252306437,2.352802920281625,2.352802920281625,13.1,31.0,0.17960327635737597,0.17960327635737597,1.0333923205277378,1.0333923205277378
1852-04-01,124.26666666666667,30,30.0,5527.97,396.5,5527.97,1.0,157212.25,13.574449037315167,2.478343981147268,2.478343981147268,13.6,30.0,0.18223117508435796,0.18223117508435796,1.0609934661653797,1.0609934661653797
1852-05-01,104.3225806451613,31,31.0,4764.54,378.4,4764.54,1.0,143186.55999999997,12.39737225018582,2.2266337873329825,2.2266337873329825,12.4,31.0,0.17956724091395018,0.17956724091395018,1.0330641035291932,1.0330641035291932
1852-06-01,89.0,30,30.0,3927.45,329.7,3927.45,1.0,108702.09,11.44180929748438,2.0889790169681772,2.0889790169681772,11.4,30.0,0.18324377341826115,0.18324377341826115,1.0788541005724286,1.0788541005724286
1852-07-01,80.0,31,31.0,3631.93,320.9,3631.93,1.0,102976.80999999998,10.824002598764679,1.9440482558897265,1.9440482558897265,10.8,31.0,0.18000446813793763,0.18000446813793763,1.0917433288962655,1.0917433288962655
1852-08-01,75.3225806451613,31,31.0,3418.73,320.5,3418.73,1.0,102720.25,10.501505268447271,1.88612602547524,1.88612602547524,10.5,31.0,0.17963105004526098,0.17963105004526098,1.0325271959583298,1.0325271959583298
1852-09-01,71.2,30,30.0,3135.85,295.7,3135.85,1.0,87438.48999999999,10.223909884840209,1.8666220232756758,1.8666220232756758,10.2,30.0,0.1830021591446741,0.1830021591446741,1.0735150168488201,1.0735150168488201
1852-10-01,127.93548387096774,31,31.0,5885.35,414.5,5885.35,1.0,171810.25,13.778606605894517,2.4747108009598002,2.4747108009598002,13.8,31.0,0.17932686963476813,0.17932686963476813,1.0675160268290054,1.0675160268290054
1852-11-01,103.06666666666666,30,30.0,4572.25,353.7,4572.25,1.0,125103.68999999999,12.345377002478836,2.25394715505439,2.25394715505439,12.3,30.0,0.18324773618328372,0.18324773618328372,1.0917379730964805,1.0917379730964805
1852-12-01,86.12903225806451,31,31.0,3929.32,337.2,3929.32,1.0,113703.84,11.258430532916927,2.0220738162120093,2.0220738162120093,11.3,31.0,0.17894458550548753,0.17894458550548753,1.0820431735889167,1.0820431735889167
1853-01-01,77.90322580645162,31,31.0,3552.46,319.0,3552.46,1.0,101761.0,10.704928018018979,1.9226618298511837,1.9226618298511837,10.7,31.0,0.17968802148141905,0.17968802148141905,1.0841463481689066,1.0841463481689066
1853-02-01,81.46428571428571,28,28.0,3351.76,300.4,3351.76,1.0,90240.15999999999,10.941010661073056,2.0676566643504075,2.0676566643504075,10.9,28.0,0.189693271958753,0.189693271958753,1.0334553289046642,1.0334553289046642
1853-03-01,71.58064516129032,31,31.0,3254.42,293.2,3254.42,1.0,85966.23999999999,10.246037786509508,1.8402427112237882,1.8402427112237882,10.2,31.0,0.18041595208076355,0.18041595208076355,1.1694582467173373,1.1694582467173373
1853-04-01,90.4,30,30.0,3984.2799999999997,333.8,3984.2799999999997,1.0,111422.44,11.524293181507199,2.104038444938157,2.104038444938157,11.5,30.0,0.18295986477723106,0.18295986477723106,1.070762194736023,1.070762194736023
1853-05-01,65.87096774193549,31,31.0,2992.96,299.2,2992.96,1.0,89520.64,9.825838222472093,1.7647726416133294,1.7647726416133294,9.8,31.0,0.18007884098095198,0.18007884098095198,1.0320567938490899,1.0320567938490899
1853-06-01,75.96666666666667,30,30.0,3348.28,296.8,3348.28,1.0,88090.24,10.564531855853025,1.9288108023108725,1.9288108023108725,10.6,30.0,0.18196328323687477,0.18196328323687477,1.1538052695500551,1.1538052695500551
1853-07-01,87.19354838709677,31,31.0,3969.61,338.9,3969.61,1.0,114853.20999999999,11.316003512012134,2.032414228510985,2.032414228510985,11.3,31.0,0.17985966623991018,0.17985966623991018,1.0708570068071386,1.0708570068071386
1853-08-01,95.83870967741936,31,31.0,4368.62,363.0,4368.62,1.0,131769.0,11.87110887012884,2.1321140940122167,2.1321140940122167,11.9,31.0,0.17916925159766528,0.17916925159766528,1.0338947968601038,1.0338947968601038
1853-09-01,63.666666666666664,30,30.0,2797.53,279.1,2797.53,1.0,77896.81000000001,9.656655735812476,1.7630560588553805,1.7630560588553805,9.7,30.0,0.18175835658302894,0.18175835658302894,1.0903362855143215,1.0903362855143215
1853-10-01,80.45161290322581,31,31.0,3658.29,333.9,3658.29,1.0,111489.20999999999,10.86321107401995,1.951090305929959,1.951090305929959,10.9,31.0,0.17899911063577603,0.17899911063577603,1.0249204959022886,1.0249204959022886
1853-11-01,54.733333333333334,30,30.0,2386.54,266.0,2386.54,1.0,70756.0,8.919155415919903,1.6284075383979009,1.6284075383979009,8.9,30.0,0.18296713914583154,0.18296713914583154,1.0077958784521628,1.0077958784521628
1853-12-01,44.516129032258064,31,31.0,2003.41,243.5,2003.41,1.0,59292.25,8.03903781756611,1.4438538152286264,1.4438538152286264,8.0,31.0,0.1804817269035783,0.1804817269035783,1.0386069957080646,1.0386069957080646
1854-01-01,29.258064516129032,31,31.0,1309.5900000000001,178.9,1309.5900000000001,1.0,32005.210000000003,6.49960296554162,1.1673631536802247,1.1673631536802247,6.5,31.0,0.1795943313354192,0.1795943313354192,1.280073834638297,1.280073834638297
1854-02-01,38.035714285714285,28,28.0,1548.61,174.1,1548.61,1.0,30310.809999999998,7.436901236402162,1.4054422283192065,1.4054422283192065,7.4,28.0,0.1899246254485414,0.1899246254485414,1.438806141393913,1.438806141393913
1854-03-01,39.38709677419355,31,31.0,1778.49,200.7,1778.49,1.0,40280.49,7.574341236126764,1.3603918453684032,1.3603918453684032,7.6,31.0,0.17899892702215833,0.17899892702215833,1.3954825723339048,1.3954825723339048
1854-04-01,50.3,30,30.0,2204.98,230.2,2204.98,1.0,52992.03999999999,8.57317521886339,1.565240485605256,1.565240485605256,8.6,30.0,0.18200470762851814,0.18200470762851814,1.2672326376049334,1.2672326376049334
1854-05-01,45.61290322580645,31,31.0,2064.6800000000003,211.8,2064.6800000000003,1.0,44859.240000000005,8.161040414381079,1.46576612847763,1.46576612847763,8.2,31.0,0.17875196688751588,0.17875196688751588,1.4617035436279748,1.4617035436279748
1854-06-01,40.06666666666667,30,30.0,1745.5,220.6,1745.5,1.0,48664.36,7.627800032337851,1.3926393806166923,1.3926393806166923,7.6,30.0,0.18324202376535426,0.18324202376535426,1.0707527847010776,1.0707527847010776
1854-07-01,35.45161290322581,31,31.0,1601.03,199.5,1601.03,1.0,39800.25,7.186524127299516,1.2907378364063344,1.2907378364063344,7.2,31.0,0.17926914394532423,0.17926914394532423,1.2622564020940743,1.2622564020940743
1854-08-01,30.06451612903226,31,31.0,1342.6100000000001,187.7,1342.6100000000001,1.0,35231.28999999999,6.5810333535091585,1.1819884831052918,1.1819884831052918,6.6,31.0,0.1790891641068624,0.1790891641068624,1.1956367140885984,1.1956367140885984
1854-09-01,42.6,30,30.0,1860.34,204.8,1860.34,1.0,41943.04000000001,7.874727508513125,1.4377219635396978,1.4377219635396978,7.9,30.0,0.18199012196705036,0.18199012196705036,1.3549152127975408,1.3549152127975408
1854-10-01,24.06451612903226,31,31.0,1090.68,122.2,1090.68,1.0,14932.84,5.931544976349047,1.06533692696257,1.06533692696257,5.9,31.0,0.18056558084111357,0.18056558084111357,2.337910412825744,2.337910412825744
1854-11-01,53.5,30,30.0,2342.71,256.1,2342.71,1.0,65587.21,8.83687350443206,1.6133849853990556,1.6133849853990556,8.8,30.0,0.1833392028862563,0.1833392028862563,1.0649667560024982,1.0649667560024982
1854-12-01,41.096774193548384,31,31.0,1846.18,216.0,1846.18,1.0,46656.0,7.717136356731498,1.386038606132566,1.386038606132566,7.7,31.0,0.18000501378345013,0.18000501378345013,1.230344375406998,1.230344375406998
1855-01-01,23.387096774193548,31,31.0,1054.45,119.9,1054.45,1.0,14376.010000000002,5.832196509809341,1.0474934156238092,1.0474934156238092,5.8,31.0,0.1806023130385878,0.1806023130385878,2.347592173889544,2.347592173889544
1855-02-01,21.607142857142858,28,28.0,871.66,126.8,871.66,1.0,16078.24,5.579490504133355,1.0544245940273755,1.0544245940273755,5.6,28.0,0.18829010607631708,0.18829010607631708,1.5594946398203935,1.5594946398203935
1855-03-01,33.03225806451613,31,31.0,1488.55,189.1,1488.55,1.0,35758.81,6.929483525882998,1.244571981555777,1.244571981555777,6.9,31.0,0.1803727509501126,0.1803727509501126,1.2916347877138956,1.2916347877138956
1855-04-01,8.366666666666667,30,30.0,361.55,56.7,361.55,1.0,3214.8900000000003,3.471551046242395,0.6338156058525399,0.6338156058525399,3.5,30.0,0.1810901731007257,0.1810901731007257,3.73718168882783,3.73718168882783
1855-05-01,17.29032258064516,31,31.0,782.8000000000001,93.2,782.8000000000001,1.0,8686.24,5.0250982978669985,0.9025342975026347,0.9025342975026347,5.0,31.0,0.18050685950052694,0.18050685950052694,2.94077009504722,2.94077009504722
1855-06-01,10.0,30,30.0,432.1,62.0,432.1,1.0,3844.0,3.795172372018606,0.6929005059249929,0.6929005059249929,3.8,30.0,0.18234223840131392,0.18234223840131392,3.682376388522524,3.682376388522524
1855-07-01,0.6774193548387096,31,31.0,30.25,5.5,30.25,1.0,30.25,0.9878291611472619,0.1774193548387097,0.1774193548387097,1.0,31.0,0.1774193548387097,0.1774193548387097,,
1855-08-01,5.935483870967742,31,31.0,265.41,39.7,265.41,1.0,1576.0900000000001,2.926023394169262,0.5255293154471793,0.5255293154471793,2.9,31.0,0.18121700532661356,0.18121700532661356,5.9637745292519915,5.9637745292519915
1855-09-01,0.0,30,30.0,0.0,0.0,0.0,1.0,0.0,0.0,0.0,0.0,0.0,30.0,,,,
1855-10-01,18.322580645161292,31,31.0,820.23,133.3,820.23,1.0,17768.890000000003,5.143834392558193,0.9238599296511265,0.9238599296511265,5.1,31.0,0.18114900581394638,0.18114900581394638,1.4263888708605867,1.4263888708605867
1855-11-01,7.933333333333334,30,30.0,342.92,55.2,342.92,1.0,3047.0400000000004,3.380926894605482,0.6172699751504379,0.6172699751504379,3.4,30.0,0.18154999269130528,0.18154999269130528,3.7206484919308305,3.7206484919308305
1855-12-01,5.806451612903226,31,31.0,260.98,35.6,260.98,1.0,1267.3600000000001,2.9015012799272304,0.5211250137124042,0.5211250137124042,2.9,31.0,0.1796982805904842,0.1796982805904842,7.771448160734513,7.771448160734513
1856-01-01,0.967741935483871,31,31.0,43.559999999999995,6.6,43.559999999999995,1.0,43.559999999999995,1.1853949933767143,0.2129032258064516,0.2129032258064516,1.2,31.0,0.1774193548387097,0.1774193548387097,,
1856-02-01,9.310344827586206,29,29.0,390.22,62.400000000000006,390.22,1.0,3893.7600000000007,3.668223285047615,0.681171963425853,0.681171963425853,3.7,29.0,0.18410053065563592,0.18410053065563592,3.1748089075620656,3.1748089075620656
1856-03-01,0.7419354838709677,31,31.0,32.49,5.7,32.49,1.0,32.49,1.0237502215526169,0.18387096774193548,0.18387096774193548,1.0,31.0,0.18387096774193548,0.18387096774193548,,
1856-04-01,12.366666666666667,30,30.0,534.37,82.7,534.37,1.0,6839.290000000001,4.220466009024754,0.7705481454422198,0.7705481454422198,4.2,30.0,0.18346384415290948,0.18346384415290948,2.433279089980523,2.433279089980523
1856-05-01,0.0,31,31.0,0.0,0.0,0.0,1.0,0.0,0.0,0.0,0.0,0.0,31.0,,,,
1856-06-01,9.8,30,30.0,428.5,57.8,428.5,1.0,3340.8399999999997,3.7793297465732376,0.6900080514828151,0.6900080514828151,3.8,30.0,0.1815810661796882,0.1815810661796882,4.315258520639761,4.315258520639761
1856-07-01,8.806451612903226,31,31.0,392.28000000000003,65.6,392.28000000000003,1.0,4303.36,3.5572733305703537,0.6389051509288799,0.6389051509288799,3.6,31.0,0.17747365303579996,0.17747365303579996,3.0841302146721628,3.0841302146721628
1856-08-01,11.32258064516129,31,31.0,507.24,83.2,507.24,1.0,6922.240000000001,4.045068682378742,0.7265157824176823,0.7265157824176823,4.0,31.0,0.18162894560442058,0.18162894560442058,2.317811379579111,2.317811379579111
1856-09-01,8.433333333333334,30,30.0,364.26,57.0,364.26,1.0,3249.0,3.484537272006141,0.6361865554484261,0.6361865554484261,3.5,30.0,0.1817675872709789,0.1817675872709789,3.6955635516545686,3.6955635516545686
1856-10-01,8.548387096774194,31,31.0,382.78,58.2,382.78,1.0,3387.2400000000002,3.513935391478317,0.6311214272890366,0.6311214272890366,3.5,31.0,0.18032040779686762,0.18032040779686762,3.790854263328518,3.790854263328518
1856-11-01,14.733333333333333,30,30.0,637.4200000000001,96.8,637.4200000000001,1.0,9370.24,4.609482978961235,0.841572602004393,0.841572602004393,4.6,30.0,0.18295056565312892,0.18295056565312892,2.107747554627256,2.107747554627256
1856-12-01,13.741935483870968,31,31.0,613.47,91.5,613.47,1.0,8372.25,4.448522770393525,0.7989782757495144,0.7989782757495144,4.4,31.0,0.18158597176125327,0.18158597176125327,2.318855541721766,2.318855541721766
1857-01-01,26.032258064516128,31,31.0,1168.29,174.5,1168.29,1.0,30450.25,6.138955464372452,1.1025889503075343,1.1025889503075343,6.1,31.0,0.18075228693566137,0.18075228693566137,1.1812911430792197,1.1812911430792197
1857-02-01,14.214285714285714,28,28.0,572.07,88.7,572.07,1.0,7867.6900000000005,4.52007427246184,0.8542137451768027,0.8542137451768027,4.5,28.0,0.18982527670595617,0.18982527670595617,2.0976873795510182,2.0976873795510182
1857-03-01,9.96774193548387,31,31.0,443.06,75.8,443.06,1.0,5745.639999999999,3.7805102915500877,0.6789996927291844,0.6789996927291844,3.8,31.0,0.17868412966557484,0.17868412966557484,2.5334422111500445,2.5334422111500445
1857-04-01,21.066666666666666,30,30.0,914.04,123.2,914.04,1.0,15178.240000000002,5.519782604414779,1.0077698149875298,1.0077698149875298,5.5,30.0,0.18323087545227815,0.18323087545227815,1.844545084897856,1.844545084897856
1857-05-01,54.225806451612904,31,31.0,2453.2,265.8,2453.2,1.0,70649.64,8.895812715596463,1.5977351295583275,1.5977351295583275,8.9,31.0,0.17952080107396937,0.17952080107396937,1.0802266218001997,1.0802266218001997
1857-06-01,30.466666666666665,30,30.0,1325.04,174.4,1325.04,1.0,30415.36,6.645900992341068,1.2133699628170571,1.2133699628170571,6.6,30.0,0.18384393376016017,0.18384393376016017,1.302115617841261,1.302115617841261
1857-07-01,42.16129032258065,31,31.0,1903.31,215.9,1903.31,1.0,46612.810000000005,7.835629953883322,1.4073206844372583,1.4073206844372583,7.8,31.0,0.18042572877400748,0.18042572877400748,1.2651434258938254,1.2651434258938254
1857-08-01,32.0,31,31.0,1445.99,175.7,1445.99,1.0,30870.489999999994,6.8297026809135275,1.2266508127585483,1.2266508127585483,6.8,31.0,0.18038982540566886,0.18038982540566886,1.4610494655814035,1.4610494655814035
1857-09-01,80.56666666666666,30,30.0,3544.57,321.5,3544.57,1.0,103362.25,10.869789939705981,1.984543048439895,1.984543048439895,10.9,30.0,0.18206816958164174,0.18206816958164174,1.0357326477634023,1.0357326477634023
1857-10-01,77.06451612903226,31,31.0,3510.5,321.4,3510.5,1.0,103297.95999999999,10.641519416129961,1.911273308757811,1.911273308757811,10.6,31.0,0.18030880271300107,0.18030880271300107,1.0468996805811073,1.0468996805811073
1857-11-01,59.56666666666667,30,30.0,2607.84,267.8,2607.84,1.0,71716.84000000001,9.323518649093808,1.702233826476257,1.702233826476257,9.3,30.0,0.18303589532002762,0.18303589532002762,1.088615954506649,1.088615954506649
1857-12-01,70.6774193548387,31,31.0,3210.78,304.2,3210.78,1.0,92537.64,10.177109038774065,1.8278627426684368,1.8278627426684368,10.2,31.0,0.17920222967337618,0.17920222967337618,1.083343352716081,1.083343352716081
1858-01-01,74.2258064516129,31,31.0,3378.06,306.2,3378.06,1.0,93758.43999999999,10.438854219661986,1.8748735649358645,1.8748735649358645,10.4,31.0,0.1802763043207562,0.1802763043207562,1.1126717989014876,1.1126717989014876
1858-02-01,66.25,28,28.0,2721.21,268.5,2721.21,1.0,72092.25,9.858299621566156,1.8630435106161582,1.8630435106161582,9.9,28.0,0.18818621319355133,0.18818621319355133,1.0684376362239922,1.0684376362239922
1858-03-01,109.16129032258064,31,31.0,5015.18,378.2,5015.18,1.0,143035.24,12.71927670899568,2.2844495348812925,2.2844495348812925,12.7,31.0,0.17987791613238524,0.17987791613238524,1.0866863121201369,1.0866863121201369
1858-04-01,72.8,30,30.0,3200.61,297.3,3200.61,1.0,88387.29000000001,10.328939926246061,1.8857977975735716,1.8857977975735716,10.3,30.0,0.1830871648129681,0.1830871648129681,1.0832725257047229,1.0832725257047229
1858-05-01,78.64516129032258,31,31.0,3582.0699999999997,320.7,3582.0699999999997,1.0,102848.48999999999,10.74944859801145,1.9306579620671382,1.9306579620671382,10.7,31.0,0.1804353235576765,0.1804353235576765,1.072294336795867,1.072294336795867
1858-06-01,84.5,30,30.0,3722.84,324.2,3722.84,1.0,105105.64,11.139778573502557,2.033836003440024,2.033836003440024,11.1,30.0,0.18322846877838053,0.18322846877838053,1.0570447847169342,1.0570447847169342
1858-07-01,107.74193548387096,31,31.0,4922.27,382.1,4922.27,1.0,146000.41,12.60090882539059,2.2631900353961303,2.2631900353961303,12.6,31.0,0.17961825677747068,0.17961825677747068,1.0465554053944854,1.0465554053944854
1858-08-01,104.93548387096774,31,31.0,4808.91,374.7,4808.91,1.0,140400.09,12.454964031752885,2.236977576655595,2.236977576655595,12.5,31.0,0.1789582061324476,0.1789582061324476,1.071952762709197,1.071952762709197
1858-09-01,152.2,30,30.0,6799.46,445.8,6799.46,1.0,198737.64,15.054855252265519,2.7486279405469842,2.7486279405469842,15.1,30.0,0.18202834043357513,0.18202834043357513,1.033715855803155,1.033715855803155
1858-10-01,173.2258064516129,31,31.0,8012.9400000000005,495.4,8012.9400000000005,1.0,245421.15999999997,16.077373401270215,2.8875815055323737,2.8875815055323737,16.1,31.0,0.17935288854238343,0.17935288854238343,1.0154992527217468,1.0154992527217468
1858-11-01,98.6,30,30.0,4361.4,353.6,4361.4,1.0,125032.96000000002,12.057362895757928,2.2013632140108093,2.2013632140108093,12.1,30.0,0.18193084413312474,0.18193084413312474,1.0558212722202314,1.0558212722202314
1858-12-01,127.03225806451613,31,31.0,5834.89,417.3,5834.89,1.0,174139.29,13.719411724433236,2.464079086396508,2.464079086396508,13.7,31.0,0.17985978732821228,0.17985978732821228,1.037021016681679,1.037021016681679
1859-01-01,159.0,31,31.0,7333.4800000000005,474.0,7333.4800000000005,1.0,224676.0,15.380632983324904,2.762443232333045,2.762443232333045,15.4,31.0,0.17937943067097695,0.17937943067097695,1.014883235917206,1.014883235917206
1859-02-01,166.39285714285714,28,28.0,6971.81,433.7,6971.81,1.0,188095.69,15.779518823009601,2.9820487581390025,2.9820487581390025,15.8,28.0,0.18873726317335457,0.18873726317335457,1.0420820821638759,1.0420820821638759
1859-03-01,171.51612903225808,31,31.0,7940.52,491.2,7940.52,1.0,241277.44,16.004555803008497,2.8745030788037136,2.8745030788037136,16.0,31.0,0.1796564424252321,0.1796564424252321,1.0203078021257845,1.0203078021257845
1859-04-01,162.86666666666667,30,30.0,7286.95,462.7,7286.95,1.0,214091.28999999998,15.585195967113577,2.8454544647755498,2.8454544647755498,15.6,30.0,0.1824009272292019,0.1824009272292019,1.0238520622923097,1.0238520622923097
1859-05-01,172.83870967741936,31,31.0,8041.55,489.7,8041.55,1.0,239806.09,16.10604975497336,2.892731930700254,2.892731930700254,16.1,31.0,0.17967279072672385,0.17967279072672385,1.0401041505313973,1.0401041505313973
1859-06-01,165.23333333333332,30,30.0,7404.21,466.3,7404.21,1.0,217435.69,15.710092297628298,2.8682573106330613,2.8682573106330613,15.7,30.0,0.1826915484479657,0.1826915484479657,1.0209745224858673,1.0209745224858673
1859-07-01,180.74193548387098,31,31.0,8411.2,501.8,8411.2,1.0,251803.24000000002,16.472068244700317,2.958470792095048,2.958470792095048,16.5,31.0,0.1793012601269726,0.1793012601269726,1.0403834488588861,1.0403834488588861
1859-08-01,203.0,31,31.0,9480.39,536.7,9480.39,1.0,288046.8900000001,17.4876823009244,3.140880461405813,3.140880461405813,17.5,31.0,0.1794788835089036,0.1794788835089036,1.022469894980193,1.022469894980193
1859-09-01,200.86666666666667,30,30.0,9058.61,517.5,9058.61,1.0,267806.25,17.37681405398201,3.1725576783129132,3.1725576783129132,17.4,30.0,0.1823309010524663,0.1823309010524663,1.0180784257587816,1.0180784257587816
1859-10-01,217.7741935483871,31,31.0,10174.86,559.4,10174.86,1.0,312928.36,18.116878603186056,3.2538874533076467,3.2538874533076467,18.1,31.0,0.17977278747556058,0.17977278747556058,1.0062917522010484,1.0062917522010484
1859-11-01,184.63333333333333,30,30.0,8295.43,494.1,8295.43,1.0,244134.81000000003,16.628720135155724,3.0359750401550483,3.0359750401550483,16.6,30.0,0.18289006265994265,0.18289006265994265,1.0164060387200815,1.0164060387200815
1859-12-01,153.93548387096774,31,31.0,7109.5199999999995,465.4,7109.5199999999995,1.0,216597.15999999997,15.143954398990696,2.7199345037104306,2.7199345037104306,15.1,31.0,0.18012811282850533,0.18012811282850533,1.0120314974191318,1.0120314974191318
1860-01-01,156.6451612903226,31,31.0,7237.46,468.4,7237.46,1.0,219398.55999999997,15.279609013744535,2.7442987917646193,2.7442987917646193,15.3,31.0,0.1793659341022627,0.1793659341022627,1.0262155974870042,1.0262155974870042
1860-02-01,167.89655172413794,29,29.0,7287.48,451.4,7287.48,1.0,203761.96,15.852205329010328,2.9436806294226363,2.9436806294226363,15.9,29.0,0.1851371465045683,0.1851371465045683,1.0450503800798965,1.0450503800798965
1860-03-01,187.96774193548387,31,31.0,8725.99,515.7,8725.99,1.0,265946.49000000005,16.77747145391989,3.013322827726876,3.013322827726876,16.8,31.0,0.17936445403136167,0.17936445403136167,1.0205510447262172,1.0205510447262172
1860-04-01,135.66666666666666,30,30.0,6021.1,420.8,6021.1,1.0,177072.64,14.166980388683163,2.5865249102050245,2.5865249102050245,14.2,30.0,0.18214964156373412,0.18214964156373412,1.025742884279206,1.025742884279206
1860-05-01,203.48387096774192,31,31.0,9482.66,537.4,9482.66,1.0,288798.75999999995,17.48977581515887,3.141256467662192,3.141256467662192,17.5,31.0,0.17950036958069668,0.17950036958069668,1.0197177677906861,1.0197177677906861
1860-06-01,206.33333333333334,30,30.0,9378.130000000001,514.1,9378.130000000001,1.0,264298.81,17.68062027569546,3.2280248518938706,3.2280248518938706,17.7,30.0,0.18237428541773282,0.18237428541773282,1.069285041919706,1.069285041919706
1860-07-01,221.90322580645162,31,31.0,10416.0,557.0,10416.0,1.0,310249.0,18.33030277982336,3.292219567012406,3.292219567012406,18.3,31.0,0.1799027085799129,0.1799027085799129,1.0386224665063553,1.0386224665063553
1860-08-01,190.48387096774192,31,31.0,8841.45,519.3000000000001,8841.45,1.0,269672.49000000005,16.888104230970658,3.03319306106314,3.03319306106314,16.9,31.0,0.17947887935284854,0.17947887935284854,1.0183978103219613,1.0183978103219613
1860-09-01,175.2,30,30.0,7861.99,482.1,7861.99,1.0,232420.41000000003,16.188462970070177,2.955595446681505,2.955595446681505,16.2,30.0,0.18244416337540154,0.18244416337540154,1.0168133976004996,1.0168133976004996
1860-10-01,171.1290322580645,31,31.0,7922.86,491.8,7922.86,1.0,241867.24000000002,15.986748544724723,2.8713048008013877,2.8713048008013877,16.0,31.0,0.17945655005008673,0.17945655005008673,1.017733958815339,1.017733958815339
1860-11-01,186.03333333333333,30,30.0,8362.85,497.1,8362.85,1.0,247108.41000000003,16.696157242511422,3.0482873151255863,3.0482873151255863,16.7,30.0,0.18253217455841836,0.18253217455841836,1.0163043450944176,1.0163043450944176
1860-12-01,181.70967741935485,31,31.0,8459.08,500.0,8459.08,1.0,250000.0,16.51888459875838,2.966879257505439,2.966879257505439,16.5,31.0,0.17981086409123873,0.17981086409123873,1.048158506641442,1.048158506641442
1861-01-01,118.45161290322581,31,31.0,5422.2300000000005,404.5,5422.2300000000005,1.0,163620.25,13.225378828649497,2.3753481589381074,2.3753481589381074,13.2,31.0,0.17995061810137178,0.17995061810137178,1.0241747020601142,1.0241747020601142
1861-02-01,147.53571428571428,28,28.0,6174.1900000000005,400.7,6174.1900000000005,1.0,160560.49,14.849470890044728,2.8062862197108074,2.8062862197108074,14.8,28.0,0.18961393376424374,0.18961393376424374,1.0723307055094917,1.0723307055094917
1861-03-01,192.03225806451613,31,31.0,8941.84,519.2,8941.84,1.0,269568.6400000001,16.98371136156356,3.050364608629192,3.050364608629192,17.0,31.0,0.1794332122723054,0.1794332122723054,1.031310517567648,1.031310517567648
1861-04-01,187.06666666666666,30,30.0,8485.37,485.3,8485.37,1.0,235516.09,16.818016133500013,3.0705356029345907,3.0705356029345907,16.8,30.0,0.1827699763651542,0.1827699763651542,1.0814863732978515,1.0814863732978515
1861-05-01,107.80645161290323,31,31.0,4944.86,371.4,4944.86,1.0,137937.96,12.629790691188267,2.2683773716258187,2.2683773716258187,12.6,31.0,0.18002995012903322,0.18002995012903322,1.1100087147378321,1.1100087147378321
1861-06-01,167.5,30,30.0,7521.57,461.1,7521.57,1.0,212613.21000000002,15.834108752942175,2.8908995139921414,2.8908995139921414,15.8,30.0,0.18296832367038868,0.18296832367038868,1.058816585600466,1.058816585600466
1861-07-01,148.2258064516129,31,31.0,6818.24,456.6,6818.24,1.0,208483.56000000003,14.830482993026614,2.6636333771654934,2.6636333771654934,14.8,31.0,0.17997522818685766,0.17997522818685766,1.0099862485032132,1.0099862485032132
1861-08-01,156.70967741935485,31,31.0,7258.42,465.4,7258.42,1.0,216597.15999999997,15.30171822525697,2.748269723375884,2.748269723375884,15.3,31.0,0.17962547211607086,0.17962547211607086,1.0399511815156623,1.0399511815156623
1861-09-01,151.86666666666667,30,30.0,6782.06,444.6,6782.06,1.0,197669.16000000003,15.03558002428462,2.7451087814915867,2.7451087814915867,15.0,30.0,0.1830072520994391,0.1830072520994391,1.0253073151616845,1.0253073151616845
1861-10-01,127.6774193548387,31,31.0,5875.06,402.8,5875.06,1.0,162247.84,13.766556015072508,2.4725464509556128,2.4725464509556128,13.8,31.0,0.17917003267794293,0.17917003267794293,1.1327916533811064,1.1327916533811064
1861-11-01,102.0,30,30.0,4504.65,360.7,4504.65,1.0,130104.48999999999,12.253774928567932,2.2372229809893036,2.2372229809893036,12.3,30.0,0.18188804723490273,0.18188804723490273,1.0482206824467295,1.0482206824467295
1861-12-01,152.83870967741936,31,31.0,7066.34,461.8,7066.34,1.0,213259.24000000002,15.097895602132875,2.7116620995897915,2.7116620995897915,15.1,31.0,0.1795802714960127,0.1795802714960127,1.0284120840242315,1.0284120840242315
1862-01-01,119.90322580645162,31,31.0,5487.28,408.4,5487.28,1.0,166790.55999999997,13.304474144364539,2.3895540970060103,2.3895540970060103,13.3,31.0,0.17966572157939925,0.17966572157939925,1.0198429318982232,1.0198429318982232
1862-02-01,122.42857142857143,28,28.0,5066.08,371.8,5066.08,1.0,138235.24000000002,13.451075368587768,2.5420143065478364,2.5420143065478364,13.5,28.0,0.18829735604058048,0.18829735604058048,1.0349086830614533,1.0349086830614533
1862-03-01,82.6774193548387,31,31.0,3766.2,322.0,3766.2,1.0,103684.0,11.022264857126467,1.9796572086833062,1.9796572086833062,11.0,31.0,0.17996883715302783,0.17996883715302783,1.1260736325259364,1.1260736325259364
1862-04-01,102.1,30,30.0,4500.78,361.4,4500.78,1.0,130609.95999999998,12.248510113479108,2.2362617616608897,2.2362617616608897,12.2,30.0,0.1833001443984336,0.1833001443984336,1.0265328820629869,1.0265328820629869
1862-05-01,122.41935483870968,31,31.0,5599.2,414.0,5599.2,1.0,171396.0,13.439470035634207,2.413800074829873,2.413800074829873,13.4,31.0,0.18013433394252784,0.18013433394252784,1.0070035127336596,1.0070035127336596
1862-06-01,159.7,30,30.0,7132.8099999999995,459.7,7132.8099999999995,1.0,211324.09,15.419479022759923,2.8151988285811083,2.8151988285811083,15.4,30.0,0.182805118739033,0.182805118739033,1.0103819810522763,1.0103819810522763
1862-07-01,139.4516129032258,31,31.0,6414.05,440.90000000000003,6414.05,1.0,194392.81000000003,14.384187106321908,2.5834762696405873,2.5834762696405873,14.4,31.0,0.17940807428059632,0.17940807428059632,1.0259611777415703,1.0259611777415703
1862-08-01,118.6774193548387,31,31.0,5441.14,402.4,5441.14,1.0,161925.75999999998,13.248420477977378,2.3794865613248364,2.3794865613248364,13.2,31.0,0.18026413343369974,0.18026413343369974,1.0352678748876407,1.0352678748876407
1862-09-01,126.43333333333334,30,30.0,5621.55,399.5,5621.55,1.0,159600.25,13.68886408727912,2.4992332157417136,2.4992332157417136,13.7,30.0,0.182425782170928,0.182425782170928,1.0605327230324713,1.0605327230324713
1862-10-01,79.7741935483871,31,31.0,3627.35,326.5,3627.35,1.0,106602.25,10.817175709147959,1.942822110318212,1.942822110318212,10.8,31.0,0.17989093614057516,0.17989093614057516,1.0533022124809057,1.0533022124809057
1862-11-01,96.03333333333333,30,30.0,4234.98,348.2,4234.98,1.0,121243.23999999999,11.881329891893415,2.1692241316501466,2.1692241316501466,11.9,30.0,0.1822877421554745,0.1822877421554745,1.0530369394434207,1.0530369394434207
1862-12-01,77.61290322580645,31,31.0,3534.67,304.9,3534.67,1.0,92964.00999999998,10.678090320990258,1.9178416371706368,1.9178416371706368,10.7,31.0,0.17923753618417168,0.17923753618417168,1.1907749738508637,1.1907749738508637
1863-01-01,91.7741935483871,31,31.0,4173.03,351.9,4173.03,1.0,123833.60999999999,11.602321792113074,2.0838385096843006,2.0838385096843006,11.6,31.0,0.1796412508348535,0.1796412508348535,1.0457840836138352,1.0457840836138352
1863-02-01,107.67857142857143,28,28.0,4442.61,346.7,4442.61,1.0,120200.88999999998,12.59621541801913,2.3804609611911514,2.3804609611911514,12.6,28.0,0.18892547311040883,0.18892547311040883,1.0368608621344408,1.0368608621344408
1863-03-01,126.0,31,31.0,5774.43,419.1,5774.43,1.0,175644.81000000003,13.648147694243017,2.4512796887305486,2.4512796887305486,13.6,31.0,0.1802411535831286,0.1802411535831286,1.0123726690903967,1.0123726690903967
1863-04-01,77.1,30,30.0,3392.12,308.4,3392.12,1.0,95110.55999999998,10.63346917363598,1.9413969769787482,1.9413969769787482,10.6,30.0,0.1831506582055423,0.1831506582055423,1.0655641330140375,1.0655641330140375
1863-05-01,102.12903225806451,31,31.0,4649.77,375.5,4649.77,1.0,141000.25,12.247145816277412,2.199652323298457,2.199652323298457,12.2,31.0,0.1802993707621686,0.1802993707621686,1.0149246999350494,1.0149246999350494
1863-06-01,77.56666666666666,30,30.0,3415.53,306.7,3415.53,1.0,94064.89,10.670098406294105,1.948084529309068,1.948084529309068,10.7,30.0,0.18206397470178207,0.18206397470178207,1.0990201144277245,1.0990201144277245
1863-07-01,62.03225806451613,31,31.0,2811.37,284.3,2811.37,1.0,80826.49,9.523095864198243,1.7103985089192562,1.7103985089192562,9.5,31.0,0.18004194830729012,0.18004194830729012,1.0756745615465308,1.0756745615465308
1863-08-01,91.25806451612904,31,31.0,4158.66,347.4,4158.66,1.0,120686.75999999998,11.582328029400875,2.0802475238937244,2.0802475238937244,11.6,31.0,0.1793316830942866,0.1793316830942866,1.074019914509891,1.074019914509891
1863-09-01,41.733333333333334,30,30.0,1817.75,219.29999999999998,1817.75,1.0,48092.48999999999,7.784064919222261,1.4211693151142204,1.4211693151142204,7.8,30.0,0.18220119424541287,0.18220119424541287,1.143998864175142,1.143998864175142
1863-10-01,75.74193548387096,31,31.0,3433.54,320.4,3433.54,1.0,102656.15999999999,10.524227042339485,1.8902069765377347,1.8902069765377347,10.5,31.0,0.18001971205121284,0.18001971205121284,1.0331989822482013,1.0331989822482013
1863-11-01,71.6,30,30.0,3151.23,295.1,3151.23,1.0,87084.01000000001,10.24895116585107,1.8711939147685006,1.8711939147685006,10.2,30.0,0.1834503838008334,0.1834503838008334,1.0780623494181891,1.0780623494181891
1863-12-01,78.12903225806451,31,31.0,3558.89,320.9,3558.89,1.0,102976.80999999998,10.714611669388978,1.9244010649802141,1.9244010649802141,10.7,31.0,0.17985056682058076,0.17985056682058076,1.0708934566323658,1.0708934566323658
1864-01-01,109.6774193548387,31,31.0,5029.2,380.6,5029.2,1.0,144856.36000000002,12.737042751930925,2.2876404103884984,2.2876404103884984,12.7,31.0,0.18012916617232272,0.18012916617232272,1.0725419153188835,1.0725419153188835
1864-02-01,89.48275862068965,29,29.0,3812.14,326.2,3812.14,1.0,106406.43999999999,11.465299972014508,2.1290527556045773,2.1290527556045773,11.5,29.0,0.18513502222648498,0.18513502222648498,1.0469403270941955,1.0469403270941955
1864-03-01,125.93548387096774,31,31.0,5765.71,419.7,5765.71,1.0,176148.09,13.63783872764634,2.4494281436713683,2.4494281436713683,13.6,31.0,0.18010501056407122,0.18010501056407122,1.0093816625874106,1.0093816625874106
1864-04-01,68.1,30,30.0,2987.95,280.7,2987.95,1.0,78792.48999999999,9.979896459048728,1.8220714707289736,1.8220714707289736,10.0,30.0,0.18220714707289737,0.18220714707289737,1.147847477209149,1.147847477209149
1864-05-01,77.09677419354838,31,31.0,3494.73,323.5,3494.73,1.0,104652.25,10.61759039549236,1.9069755297789897,1.9069755297789897,10.6,31.0,0.17990335186594242,0.17990335186594242,1.0328765473886667,1.0328765473886667
1864-06-01,109.86666666666666,30,30.0,4896.03,362.3,4896.03,1.0,131261.29,12.775014677095287,2.3323879037015547,2.3323879037015547,12.8,30.0,0.18221780497668394,0.18221780497668394,1.1281579288484826,1.1281579288484826
1864-07-01,103.83870967741936,31,31.0,4750.58,373.2,4750.58,1.0,139278.24,12.379196909696212,2.223369399814907,2.223369399814907,12.4,31.0,0.17930398385604088,0.17930398385604088,1.0630734229674406,1.0630734229674406
1864-08-01,104.06451612903226,31,31.0,4809.34,350.2,4809.34,1.0,122640.04,12.455520864259352,2.2370775867260972,2.2370775867260972,12.5,31.0,0.1789662069380878,0.1789662069380878,1.2335232668566003,1.2335232668566003
1864-09-01,54.166666666666664,30,30.0,2372.36,258.4,2372.36,1.0,66770.55999999998,8.892618661939052,1.6235626121451419,1.6235626121451419,8.9,30.0,0.1824227654095665,0.1824227654095665,1.0701640729088704,1.0701640729088704
1864-10-01,64.38709677419355,31,31.0,2914.04,291.4,2914.04,1.0,84913.95999999999,9.695426257910512,1.7413499613303416,1.7413499613303416,9.7,31.0,0.17952061457013832,0.17952061457013832,1.0671528703930442,1.0671528703930442
1864-11-01,109.33333333333333,30,30.0,4827.55,375.1,4827.55,1.0,140700.01,12.685359014759234,2.316019094145047,2.316019094145047,12.7,30.0,0.18236370820039743,0.18236370820039743,1.032832186890559,1.032832186890559
1864-12-01,54.32258064516129,31,31.0,2463.42,257.6,2463.42,1.0,66357.76000000001,8.914323378155101,1.6010597426978872,1.6010597426978872,8.9,31.0,0.17989435311212215,0.17989435311212215,1.1527999193668799,1.1527999193668799
1865-01-01,92.51612903225806,31,31.0,4236.84,349.0,4236.84,1.0,121801.0,11.69069108583903,2.0997101033738437,2.0997101033738437,11.7,31.0,0.17946240199776442,0.17946240199776442,1.082935904956068,1.082935904956068
1865-02-01,74.60714285714286,28,28.0,3059.58,279.2,3059.58,1.0,77952.64,10.453263331884177,1.975481083231141,1.975481083231141,10.5,28.0,0.18814105554582294,0.18814105554582294,1.1132729788314164,1.1132729788314164
1865-03-01,74.96774193548387,31,31.0,3411.46,306.8,3411.46,1.0,94126.24,10.490333492038923,1.8841195151992431,1.8841195151992431,10.5,31.0,0.17943995382849934,0.17943995382849934,1.1303427071090288,1.1303427071090288
1865-04-01,55.93333333333333,30,30.0,2455.04,252.0,2455.04,1.0,63504.0,9.04625152572416,1.6516120071682157,1.6516120071682157,9.0,30.0,0.18351244524091284,0.18351244524091284,1.15390925578421,1.15390925578421
1865-05-01,65.61290322580645,31,31.0,2975.79,286.5,2975.79,1.0,82082.25,9.797613270917138,1.7597032906646104,1.7597032906646104,9.8,31.0,0.179561560271899,0.179561560271899,1.129094261075518,1.129094261075518
1865-06-01,63.766666666666666,30,30.0,2798.28,271.4,2798.28,1.0,73657.95999999999,9.657950093058052,1.7632923750756708,1.7632923750756708,9.7,30.0,0.18178271907996607,0.18178271907996607,1.155561526667916,1.155561526667916
1865-07-01,50.806451612903224,31,31.0,2301.54,250.2,2301.54,1.0,62600.03999999999,8.616450882263045,1.5475602631077254,1.5475602631077254,8.6,31.0,0.1799488678032239,0.1799488678032239,1.1405593837325971,1.1405593837325971
1865-08-01,71.83870967741936,31,31.0,3264.2000000000003,304.6,3264.2000000000003,1.0,92781.16000000002,10.261421645831946,1.8430057339237322,1.8430057339237322,10.3,31.0,0.17893259552657592,0.17893259552657592,1.1024535462330267,1.1024535462330267
1865-09-01,41.03333333333333,30,30.0,1795.05,200.3,1795.05,1.0,40120.090000000004,7.735308655768042,1.412267680009707,1.412267680009707,7.7,30.0,0.18341138701424764,0.18341138701424764,1.3454897894431421,1.3454897894431421
1865-10-01,32.54838709677419,31,31.0,1467.85,170.1,1467.85,1.0,28934.01,6.881133627535509,1.2358880834601123,1.2358880834601123,6.9,31.0,0.17911421499421915,0.17911421499421915,1.6123608105392238,1.6123608105392238
1865-11-01,46.666666666666664,30,30.0,2040.16,224.4,2040.16,1.0,50355.36,8.24653462572815,1.5056043452529102,1.5056043452529102,8.2,30.0,0.1836102860064525,0.1836102860064525,1.2102990363281119,1.2102990363281119
1865-12-01,24.29032258064516,31,31.0,1091.2400000000002,139.4,1091.2400000000002,1.0,19432.36,5.9330675305933145,1.0656103857774637,1.0656103857774637,5.9,31.0,0.18061192979279045,0.18061192979279045,1.764405336206295,1.764405336206295
1866-01-01,60.0,31,31.0,2715.8,285.0,2715.8,1.0,81225.0,9.359831815417584,1.681075420127892,1.681075420127892,9.4,31.0,0.17883781065190338,0.17883781065190338,1.0469876141904388,1.0469876141904388
1866-02-01,72.92857142857143,28,28.0,3006.2799999999997,271.8,3006.2799999999997,1.0,73875.24,10.361811755534978,1.9581983598007966,1.9581983598007966,10.4,28.0,0.18828830382699965,0.18828830382699965,1.1541182486662707,1.1541182486662707
1866-03-01,46.58064516129032,31,31.0,2107.2400000000002,247.0,2107.2400000000002,1.0,61009.0,8.244724608558357,1.480796253447707,1.480796253447707,8.2,31.0,0.18058490895703747,0.18058490895703747,1.0612654019166827,1.0612654019166827
1866-04-01,33.53333333333333,30,30.0,1453.08,198.0,1453.08,1.0,39204.0,6.959597689522003,1.270642881904012,1.270642881904012,7.0,30.0,0.18152041170057315,0.18152041170057315,1.129692203527755,1.129692203527755
1866-05-01,24.64516129032258,31,31.0,1100.39,163.1,1100.39,1.0,26601.609999999997,5.957889862434789,1.0700686081848607,1.0700686081848607,6.0,31.0,0.17834476803081012,0.17834476803081012,1.31349049182745,1.31349049182745
1866-06-01,31.366666666666667,30,30.0,1364.46,188.8,1364.46,1.0,35645.44,6.744034400861253,1.2312865899808487,1.2312865899808487,6.7,30.0,0.18377411790758935,0.18377411790758935,1.1387229886660182,1.1387229886660182
1866-07-01,17.64516129032258,31,31.0,785.58,128.8,785.58,1.0,16589.440000000002,5.0340133415179436,0.9041354866101445,0.9041354866101445,5.0,31.0,0.1808270973220289,0.1808270973220289,1.470490120767964,1.470490120767964
1866-08-01,24.225806451612904,31,31.0,1080.13,164.9,1080.13,1.0,27192.010000000002,5.902787750360541,1.060171976703452,1.060171976703452,5.9,31.0,0.17969016554295797,0.17969016554295797,1.2397529400410847,1.2397529400410847
1866-09-01,13.933333333333334,30,30.0,599.45,98.9,599.45,1.0,9781.210000000001,4.470085756075231,0.8161222675283132,0.8161222675283132,4.5,30.0,0.1813605038951807,0.1813605038951807,1.9196265204056737,1.9196265204056737
1866-10-01,26.774193548387096,31,31.0,1201.27,172.3,1201.27,1.0,29687.290000000005,6.225001619380538,1.1180432959660045,1.1180432959660045,6.2,31.0,0.1803295638654846,0.1803295638654846,1.254635431695969,1.254635431695969
1866-11-01,17.166666666666668,30,30.0,743.59,103.3,743.59,1.0,10670.89,4.97858748374811,0.9089615564539081,0.9089615564539081,5.0,30.0,0.1817923112907816,0.1817923112907816,2.191573741097781,2.191573741097781
1866-12-01,2.903225806451613,31,31.0,128.22,22.6,128.22,1.0,510.76000000000005,2.033747534050887,0.36527184009941827,0.36527184009941827,2.0,31.0,0.18263592004970913,0.18263592004970913,9.713441731583623,9.713441731583623
1867-01-01,0.0,31,31.0,0.0,0.0,0.0,1.0,0.0,0.0,0.0,0.0,0.0,31.0,,,,
1867-02-01,1.3571428571428572,28,28.0,54.080000000000005,10.4,54.080000000000005,1.0,108.16000000000001,1.389758457944607,0.2626396615835748,0.2626396615835748,1.4,28.0,0.18759975827398204,0.18759975827398204,27.41420118343195,27.41420118343195
1867-03-01,17.419354838709676,31,31.0,777.96,120.4,777.96,1.0,14496.160000000002,5.009539287296562,0.8997398167098937,0.8997398167098937,5.0,31.0,0.17994796334197874,0.17994796334197874,1.6946129958740943,1.6946129958740943
1867-04-01,9.666666666666666,30,30.0,419.34000000000003,64.0,419.34000000000003,1.0,4096.0,3.738716357254185,0.6825930949938869,0.6825930949938869,3.7,30.0,0.18448462026861806,0.18448462026861806,3.237084745393918,3.237084745393918
1867-05-01,5.548387096774194,31,31.0,247.08,41.4,247.08,1.0,1713.9599999999998,2.8231759740840032,0.5070573735000918,0.5070573735000918,2.8,31.0,0.18109191910717568,0.18109191910717568,4.967795593368237,4.967795593368237
1867-06-01,2.8,30,30.0,119.56000000000002,21.8,119.56000000000002,1.0,475.24,1.9963299660460276,0.36447831820897725,0.36447831820897725,2.0,30.0,0.18223915910448862,0.18223915910448862,9.785312640575798,9.785312640575798
1867-07-01,9.451612903225806,31,31.0,418.76000000000005,73.4,418.76000000000005,1.0,5387.56,3.6753757762675363,0.6601169763584231,0.6601169763584231,3.7,31.0,0.17840999361038462,0.17840999361038462,2.5634620028980843,2.5634620028980843
1867-08-01,9.064516129032258,31,31.0,404.71000000000004,66.1,404.71000000000004,1.0,4369.209999999999,3.6131926727373096,0.6489485612679146,0.6489485612679146,3.6,31.0,0.18026348924108737,0.18026348924108737,3.0394375078824583,3.0394375078824583
1867-09-01,18.7,30,30.0,812.1800000000001,105.0,812.1800000000001,1.0,11025.0,5.203140077555732,0.9499590634454846,0.9499590634454846,5.2,30.0,0.1826844352779778,0.1826844352779778,2.303361853043528,2.303361853043528
1867-10-01,25.483870967741936,31,31.0,1151.9,139.0,1151.9,1.0,19321.0,6.095741506669147,1.0948274943824599,1.0948274943824599,6.1,31.0,0.17947991711187866,0.17947991711187866,1.9047123963212262,1.9047123963212262
1867-11-01,18.133333333333333,30,30.0,782.01,125.7,782.01,1.0,15800.490000000002,5.105585177038965,0.932148056909416,0.932148056909416,5.1,30.0,0.18277412880576788,0.18277412880576788,1.506609856656599,1.506609856656599
1867-12-01,47.87096774193548,31,31.0,2170.48,217.8,2170.48,1.0,47436.840000000004,8.367525552453829,1.5028519540652263,1.5028519540652263,8.4,31.0,0.17891094691252693,0.17891094691252693,1.450032209349283,1.450032209349283
1868-01-01,25.903225806451612,31,31.0,1066.83,157.7,1066.83,1.0,24869.289999999997,5.866333690452831,1.0536246342636257,1.0536246342636257,5.9,31.0,0.17858044648536028,0.17858044648536028,1.3605980222212328,1.3605980222212328
1868-02-01,26.344827586206897,29,29.0,980.73,158.1,980.73,1.0,24995.609999999997,5.81534830101078,1.0798830693735408,1.0798830693735408,5.8,29.0,0.18618673609888636,0.18618673609888636,1.1372328323106342,1.1372328323106342
1868-03-01,44.03225806451613,31,31.0,1735.78,221.6,1735.78,1.0,49106.56,7.482840585353029,1.3439578433505397,1.3439578433505397,7.5,31.0,0.1791943791134053,0.1791943791134053,1.104488252040604,1.104488252040604
1868-04-01,61.1,30,30.0,2314.5,257.4,2314.5,1.0,66254.76,8.783507272155013,1.6036416889899896,1.6036416889899896,8.8,30.0,0.18223201011249882,0.18223201011249882,1.0538196122443046,1.0538196122443046
1868-05-01,44.516129032258064,31,31.0,1750.5800000000002,221.8,1750.5800000000002,1.0,49195.240000000005,7.514673817315371,1.3496752605916247,1.3496752605916247,7.5,31.0,0.17995670141221662,0.17995670141221662,1.1024564197530342,1.1024564197530342
1868-06-01,51.8,30,30.0,1964.87,230.7,1964.87,1.0,53222.49,8.09293930946394,1.4775618054378938,1.4775618054378938,8.1,30.0,0.18241503770838197,0.18241503770838197,1.1136710990482976,1.1136710990482976
1868-07-01,48.32258064516129,31,31.0,1925.85,215.1,1925.85,1.0,46268.009999999995,7.881890226867353,1.4156292747383963,1.4156292747383963,7.9,31.0,0.17919357908080966,0.17919357908080966,1.3091414581517906,1.3091414581517906
1868-08-01,57.29032258064516,31,31.0,2239.57,256.5,2239.57,1.0,65792.25,8.499658437160113,1.5265837207305677,1.5265837207305677,8.5,31.0,0.17959808479183148,0.17959808479183148,1.0572753186805024,1.0572753186805024
1868-09-01,78.66666666666667,30,30.0,2982.11,291.9,2982.11,1.0,85205.60999999999,9.970138748616625,1.8202899646912178,1.8202899646912178,10.0,30.0,0.1820289964691218,0.1820289964691218,1.058309242491502,1.058309242491502
1868-10-01,102.7741935483871,31,31.0,4015.03,342.3,4015.03,1.0,117169.29000000001,11.380557841081146,2.0440085282805605,2.0440085282805605,11.4,31.0,0.17929899370882108,0.17929899370882108,1.0682455083882834,1.0682455083882834
1868-11-01,98.66666666666667,30,30.0,3733.59,329.5,3733.59,1.0,108570.25,11.155850483042519,2.036770319239097,2.036770319239097,11.2,30.0,0.18185449278920512,0.18185449278920512,1.0412618067000607,1.0412618067000607
1868-12-01,112.7741935483871,31,31.0,4413.32,357.6,4413.32,1.0,127877.76000000001,11.931687277595007,2.142994297181479,2.142994297181479,11.9,31.0,0.1800835543849982,0.1800835543849982,1.0664924248633858,1.0664924248633858
1869-01-01,101.61290322580645,31,31.0,3970.2200000000003,341.2,3970.2200000000003,1.0,116417.43999999999,11.31687292953428,2.0325703805076376,2.0325703805076376,11.3,31.0,0.17987348500067588,0.17987348500067588,1.0559609210436685,1.0559609210436685
1869-02-01,99.89285714285714,28,28.0,3523.46,305.6,3523.46,1.0,93391.36000000002,11.217747418392747,2.119954995671717,2.119954995671717,11.2,28.0,0.1892816960421176,0.1892816960421176,1.0551209052398016,1.0551209052398016
1869-03-01,87.96774193548387,31,31.0,3441.26,317.2,3441.26,1.0,100615.84,10.536051779332437,1.8923307619967413,1.8923307619967413,10.5,31.0,0.18022197733302298,0.18022197733302298,1.0548951176326156,1.0548951176326156
1869-04-01,68.43333333333334,30,30.0,2591.37,263.7,2591.37,1.0,69537.68999999999,9.2940303421067,1.696850022836432,1.696850022836432,9.3,30.0,0.18245699170284213,0.18245699170284213,1.1240293715920462,1.1240293715920462
1869-05-01,173.38709677419354,31,31.0,6774.58,444.8,6774.58,1.0,197847.04,14.782923889057855,2.6550915099330616,2.6550915099330616,14.8,31.0,0.17939807499547714,0.17939807499547714,1.0662073435386765,1.0662073435386765
1869-06-01,180.7,30,30.0,6839.65,447.1,6839.65,1.0,199898.41000000003,15.09928254366191,2.7567392171025373,2.7567392171025373,15.1,30.0,0.1825655110663932,0.1825655110663932,1.0275076354991608,1.0275076354991608
1869-07-01,98.80645161290323,31,31.0,3865.9,331.0,3865.9,1.0,109561.0,11.16720428813332,2.005689098964881,2.005689098964881,11.2,31.0,0.1790793838361501,0.1790793838361501,1.1039484328034126,1.1039484328034126
1869-08-01,132.74193548387098,31,31.0,5190.17,387.5,5190.17,1.0,150156.25,12.939275045754203,2.3239624026001953,2.3239624026001953,12.9,31.0,0.18015212423257326,0.18015212423257326,1.067352031592494,1.067352031592494
1869-09-01,134.46666666666667,30,30.0,5086.41,381.5,5086.41,1.0,145542.25,13.02102146530755,2.3773023927693058,2.3773023927693058,13.0,30.0,0.18286941482840813,0.18286941482840813,1.0466890518756642,1.0466890518756642
1869-10-01,99.03225806451613,31,31.0,3871.94,337.8,3871.94,1.0,114108.84000000001,11.17592458468563,2.007255310460921,2.007255310460921,11.2,31.0,0.17921922414829655,0.17921922414829655,1.0584105685119953,1.0584105685119953
1869-11-01,130.23333333333332,30,30.0,4927.4,380.2,4927.4,1.0,144552.03999999998,12.815875571597386,2.339848048247768,2.339848048247768,12.8,30.0,0.18280062876935685,0.18280062876935685,1.0207983347351874,1.0207983347351874
1869-12-01,174.1290322580645,31,31.0,6795.66,453.4,6795.66,1.0,205571.55999999997,14.805905534943731,2.659219135383467,2.659219135383467,14.8,31.0,0.179676968606991,0.179676968606991,1.0247810725545705,1.0247810725545705
1870-01-01,128.96774193548387,31,31.0,5032.47,393.3,5032.47,1.0,154684.89,12.741182909584332,2.2883840046542767,2.2883840046542767,12.7,31.0,0.18018771690191157,0.18018771690191157,1.0021035409918528,1.0021035409918528
1870-02-01,191.67857142857142,28,28.0,6768.96,428.6,6768.96,1.0,183697.96000000002,15.548265865638246,2.938346057056658,2.938346057056658,15.5,28.0,0.18957071335849407,0.18957071335849407,1.0263271707860213,1.0263271707860213
1870-03-01,262.6774193548387,31,31.0,10274.49,562.5,10274.49,1.0,316406.25,18.205360784404206,3.269779322189321,3.269779322189321,18.2,31.0,0.17965820451589679,0.17965820451589679,1.0062567503613475,1.0062567503613475
1870-04-01,266.9,30,30.0,10093.0,543.8,10093.0,1.0,295718.43999999994,18.34211910694436,3.3487974624399794,3.3487974624399794,18.3,30.0,0.18299439685464367,0.18299439685464367,1.0198951465947854,1.0198951465947854
1870-05-01,293.5806451612903,31,31.0,11474.04,593.2,11474.04,1.0,351886.24000000005,19.23877133760483,3.455385336714576,3.455385336714576,19.2,31.0,0.1799679862872175,0.1799679862872175,1.006982123437409,1.006982123437409
1870-06-01,226.3,30,30.0,8543.3,499.6,8543.3,1.0,249600.16000000003,16.87532715732251,3.0809991164483566,3.0809991164483566,16.9,30.0,0.18230764002653,0.18230764002653,1.0309007592648471,1.0309007592648471
1870-07-01,220.93548387096774,31,31.0,8635.01,513.5,8635.01,1.0,263682.25,16.68977859881369,2.997572725999936,2.997572725999936,16.7,31.0,0.17949537281436745,0.17949537281436745,1.01698132471459,1.01698132471459
1870-08-01,256.5483870967742,31,31.0,10025.26,542.0,10025.26,1.0,293764.0,17.983200045346983,3.2298780755524574,3.2298780755524574,18.0,31.0,0.1794376708640254,0.1794376708640254,1.062028893199427,1.062028893199427
1870-09-01,226.8,30,30.0,8574.57,491.1,8574.57,1.0,241179.21000000002,16.906182301158356,3.086632469213009,3.086632469213009,16.9,30.0,0.18264097450964553,0.18264097450964553,1.068226454983873,1.068226454983873
1870-10-01,244.25806451612902,31,31.0,9537.34,541.0,9537.34,1.0,292681.0,17.54012910534749,3.1503001855545603,3.1503001855545603,17.5,31.0,0.1800171534602606,0.1800171534602606,1.005740019041924,1.005740019041924
1870-11-01,246.03333333333333,30,30.0,9308.28,519.2,9308.28,1.0,269568.6400000001,17.614652991188898,3.215980928633336,3.215980928633336,17.6,30.0,0.1827261891268941,0.1827261891268941,1.0354082350458593,1.0354082350458593
1870-12-01,216.70967741935485,31,31.0,8466.42,496.0,8466.42,1.0,246016.0,16.526049817807195,2.968166168836789,2.968166168836789,16.5,31.0,0.17988885871738117,0.17988885871738117,1.0657389080628978,1.0657389080628978
1871-01-01,147.19354838709677,31,31.0,5760.42,420.4,5760.42,1.0,176736.15999999997,13.631580979475565,2.448304218921149,2.448304218921149,13.6,31.0,0.18002236903831978,0.18002236903831978,1.0059096103341911,1.0059096103341911
1871-02-01,208.96428571428572,28,28.0,7377.97,449.1,7377.97,1.0,201690.81000000003,16.2326500785124,3.067682516234065,3.067682516234065,16.2,28.0,0.1893631182860534,0.1893631182860534,1.0209052062642898,1.0209052062642898
1871-03-01,238.74193548387098,31,31.0,9333.98,535.0,9333.98,1.0,286225.0,17.352121744393624,3.116533066707185,3.116533066707185,17.4,31.0,0.17911109578776926,0.17911109578776926,1.0170729986115112,1.0170729986115112
1871-04-01,270.9,30,30.0,10252.56,552.4,10252.56,1.0,305145.75999999995,18.486535640838714,3.3751641935368615,3.3751641935368615,18.5,30.0,0.18244130775874928,0.18244130775874928,1.0097636703728674,1.0097636703728674
1871-05-01,242.61290322580646,31,31.0,9487.26,540.8,9487.26,1.0,292464.63999999996,17.494017410568972,3.142018280686899,3.142018280686899,17.5,31.0,0.17954390175353707,0.17954390175353707,1.0065079760085418,1.0065079760085418
1871-06-01,152.93333333333334,30,30.0,5785.92,410.4,5785.92,1.0,168428.15999999997,13.887548379753714,2.535507838678477,2.535507838678477,13.9,30.0,0.18241063587614942,0.18241063587614942,1.0335757795760807,1.0335757795760807
1871-07-01,171.80645161290323,31,31.0,6710.71,451.1,6710.71,1.0,203491.21000000002,14.7130729668901,2.642545913960274,2.642545913960274,14.7,31.0,0.17976502816056286,0.17976502816056286,1.0211976288300921,1.0211976288300921
1871-08-01,183.70967741935485,31,31.0,7176.37,465.5,7176.37,1.0,216690.25,15.21498624552822,2.732692199961322,2.732692199961322,15.2,31.0,0.17978238157640275,0.17978238157640275,1.0254837054232397,1.0254837054232397
1871-09-01,133.86666666666667,30,30.0,5067.97,382.9,5067.97,1.0,146612.40999999997,12.997397175332196,2.372989207261124,2.372989207261124,13.0,30.0,0.18253763132777875,0.18253763132777875,1.0387693787195034,1.0387693787195034
1871-10-01,148.48387096774192,31,31.0,5810.43,419.1,5810.43,1.0,175644.81000000003,13.690625471703315,2.4589089227807315,2.4589089227807315,13.7,31.0,0.17948240312268113,0.17948240312268113,1.0278228707285295,1.0278228707285295
1871-11-01,175.66666666666666,30,30.0,6648.74,442.0,6648.74,1.0,195364.0,14.887063735561377,2.7179935409946965,2.7179935409946965,14.9,30.0,0.18241567389226152,0.18241567389226152,1.0235540040588134,1.0235540040588134
1871-12-01,150.7741935483871,31,31.0,5893.29,421.3,5893.29,1.0,177493.69,13.787897919271742,2.4763795701051423,2.4763795701051423,13.8,31.0,0.17944779493515522,0.17944779493515522,1.0321628038163082,1.0321628038163082
1872-01-01,132.67741935483872,31,31.0,5186.32,397.6,5186.32,1.0,158085.76,12.934475063228902,2.323100300289015,2.323100300289015,12.9,31.0,0.1800852945960477,0.1800852945960477,1.0119964468149785,1.0119964468149785
1872-02-01,200.3448275862069,29,29.0,7322.79,455.1,7322.79,1.0,207116.01,15.890563237343098,2.950803514182255,2.950803514182255,15.9,29.0,0.18558512667812924,0.18558512667812924,1.0275144471869464,1.0275144471869464
1872-03-01,147.48387096774192,31,31.0,5760.72,408.2,5760.72,1.0,166627.24,13.63193593805938,2.4483679713648017,2.4483679713648017,13.6,31.0,0.18002705671800012,0.18002705671800012,1.0691214057468266,1.0691214057468266
1872-04-01,170.43333333333334,30,30.0,6444.139999999999,437.6,6444.139999999999,1.0,191493.76,14.656215973663414,2.6758466988143312,2.6758466988143312,14.7,30.0,0.18203038767444432,0.18203038767444432,1.0161429134520783,1.0161429134520783
1872-05-01,179.4516129032258,31,31.0,7012.88,459.2,7012.88,1.0,210864.63999999998,15.040676031477807,2.7013851613204456,2.7013851613204456,15.0,31.0,0.1800923440880297,0.1800923440880297,1.026295382487745,1.026295382487745
1872-06-01,183.33333333333334,30,30.0,6928.51,452.1,6928.51,1.0,204394.41000000003,15.197050152359614,2.7745890586615607,2.7745890586615607,15.2,30.0,0.1825387538593132,0.1825387538593132,1.0179351979253124,1.0179351979253124
1872-07-01,175.96774193548387,31,31.0,6873.07,456.3,6873.07,1.0,208209.69,14.889994475615865,2.6743219549699973,2.6743219549699973,14.9,31.0,0.17948469496442934,0.17948469496442934,1.0255389208381467,1.0255389208381467
1872-08-01,155.03225806451613,31,31.0,6056.91,425.1,6056.91,1.0,180710.01,13.977989610397737,2.5105210457026073,2.5105210457026073,14.0,31.0,0.1793229318359005,0.1793229318359005,1.0437781522343434,1.0437781522343434
1872-09-01,191.1,30,30.0,7232.78,462.4,7232.78,1.0,213813.75999999998,15.52715900178351,2.8348584130820753,2.8348584130820753,15.5,30.0,0.1828940911665855,0.1828940911665855,1.0116721297381783,1.0116721297381783
1872-10-01,171.16129032258064,31,31.0,6688.13,451.1,6688.13,1.0,203491.21000000002,14.688299051702959,2.6380963874407013,2.6380963874407013,14.7,31.0,0.17946233928168037,0.17946233928168037,1.0211951967418393,1.0211951967418393
1872-11-01,186.8,30,30.0,7060.44,456.0,7060.44,1.0,207936.0,15.341056026232353,2.8008808138393415,2.8008808138393415,15.3,30.0,0.1830641054796955,0.1830641054796955,1.0136651765899247,1.0136651765899247
1872-12-01,139.8709677419355,31,31.0,5473.88,404.8,5473.88,1.0,163863.04,13.288219376332872,2.386634654484308,2.386634654484308,13.3,31.0,0.1794462146228803,0.1794462146228803,1.0386910947693642,1.0386910947693642
1873-01-01,144.58064516129033,31,31.0,5654.25,412.9,5654.25,1.0,170486.40999999997,13.505375273953797,2.4256370050634093,2.4256370050634093,13.5,31.0,0.17967681518988218,0.17967681518988218,1.0282459442380663,1.0282459442380663
1873-02-01,178.42857142857142,28,28.0,6294.6,416.6,6294.6,1.0,173555.56000000003,14.993570050429714,2.8335184013187993,2.8335184013187993,15.0,28.0,0.18890122675458662,0.18890122675458662,1.0170060006830044,1.0170060006830044
1873-03-01,164.03225806451613,31,31.0,6414.39,437.5,6414.39,1.0,191406.25,14.38456834429219,2.5835447420013837,2.5835447420013837,14.4,31.0,0.17941282930565164,0.17941282930565164,1.042524627840382,1.042524627840382
1873-04-01,127.1,30,30.0,4801.02,375.0,4801.02,1.0,140625.0,12.650454537288374,2.3096464375888073,2.3096464375888073,12.7,30.0,0.18186192421959113,0.18186192421959113,1.0333961646536938,1.0333961646536938
1873-05-01,79.96774193548387,31,31.0,3145.86,289.4,3145.86,1.0,83752.35999999999,10.073696185547274,1.8092892459311882,1.8092892459311882,10.1,31.0,0.17913754910209784,0.17913754910209784,1.1771476245712196,1.1771476245712196
1873-06-01,74.8,30,30.0,2860.8,264.4,2860.8,1.0,69907.35999999999,9.765244492586962,1.782881562714323,1.782881562714323,9.8,30.0,0.18192669007289008,0.18192669007289008,1.2465248030622307,1.2465248030622307
1873-07-01,111.6774193548387,31,31.0,4361.63,354.3,4361.63,1.0,125528.49,11.861607898404156,2.130407669116057,2.130407669116057,11.9,31.0,0.17902585454756784,0.17902585454756784,1.0871419792507622,1.0871419792507622
1873-08-01,113.7741935483871,31,31.0,4453.37,362.3,4453.37,1.0,131261.29,11.985703849761746,2.152695959939937,2.152695959939937,12.0,31.0,0.17939132999499474,0.17939132999499474,1.0561692834327698,1.0561692834327698
1873-09-01,78.7,30,30.0,2970.29,293.9,2970.29,1.0,86377.20999999999,9.950360127486174,1.8166788990413858,1.8166788990413858,10.0,30.0,0.18166788990413857,0.18166788990413857,1.0434351250471785,1.0434351250471785
1873-10-01,78.61290322580645,31,31.0,3074.44,296.4,3074.44,1.0,87852.95999999999,9.958688863046568,1.7886333210381582,1.7886333210381582,10.0,31.0,0.17886333210381583,0.17886333210381583,1.0972774707555641,1.0972774707555641
1873-11-01,92.46666666666667,30,30.0,3498.18,303.8,3498.18,1.0,92294.44,10.798425811200445,1.9715138007801687,1.9715138007801687,10.8,30.0,0.1825475741463119,0.1825475741463119,1.1428163753743683,1.1428163753743683
1873-12-01,82.03225806451613,31,31.0,3209.4,305.8,3209.4,1.0,93513.64000000001,10.174921732282,1.8274698908253042,1.8274698908253042,10.2,31.0,0.17916371478679455,0.17916371478679455,1.071633402816966,1.071633402816966
1874-01-01,101.38709677419355,31,31.0,3973.04,345.6,3973.04,1.0,119439.36000000002,11.320891336160827,2.0332921076434647,2.0332921076434647,11.3,31.0,0.1799373546587137,0.1799373546587137,1.0283262686469958,1.0283262686469958
1874-02-01,107.14285714285714,28,28.0,3782.76,317.8,3782.76,1.0,100996.84000000001,11.623191103503867,2.1965766500606887,2.1965766500606887,11.6,28.0,0.18936005603971454,0.18936005603971454,1.046271075136441,1.046271075136441
1874-03-01,77.51612903225806,31,31.0,3025.56,300.4,3025.56,1.0,90240.15999999999,9.879205923424177,1.7743577636613028,1.7743577636613028,9.9,31.0,0.17922805693548513,0.17922805693548513,1.0452613438575653,1.0452613438575653
1874-04-01,53.53333333333333,30,30.0,2031.92,231.0,2031.92,1.0,53361.0,8.229864316418993,1.5025607771031724,1.5025607771031724,8.2,30.0,0.18323911915892346,0.18323911915892346,1.1393946667269312,1.1393946667269312
1874-05-01,74.58064516129032,31,31.0,2912.78,292.6,2912.78,1.0,85614.76000000001,9.693329931519422,1.740973449995723,1.740973449995723,9.7,31.0,0.17948179896863126,0.17948179896863126,1.0581090077891724,1.0581090077891724
1874-06-01,63.766666666666666,30,30.0,2412.66,262.2,2412.66,1.0,68748.84,8.967831398950361,1.637294516369408,1.637294516369408,9.0,30.0,0.18192161292993422,0.18192161292993422,1.0625776160158755,1.0625776160158755
1874-07-01,113.2258064516129,31,31.0,4421.56,363.0,4421.56,1.0,131769.0,11.94282076152596,2.1449939299255076,2.1449939299255076,11.9,31.0,0.18025159075004266,0.18025159075004266,1.0339088873714306,1.0339088873714306
1874-08-01,102.25806451612904,31,31.0,3991.32,346.8,3991.32,1.0,120270.24,11.346905219685063,2.0379643390507245,2.0379643390507245,11.3,31.0,0.18035082646466588,0.18035082646466588,1.0209827370257654,1.0209827370257654
1874-09-01,46.833333333333336,30,30.0,1773.0200000000002,220.4,1773.0200000000002,1.0,48576.16,7.687695796964568,1.4035748010783828,1.4035748010783828,7.7,30.0,0.18228244169849128,0.18228244169849128,1.1022333116966085,1.1022333116966085
1874-10-01,57.41935483870968,31,31.0,2248.03,250.3,2248.03,1.0,62650.090000000004,8.515697080931988,1.5294643461893147,1.5294643461893147,8.5,31.0,0.17993698190462526,0.17993698190462526,1.1122835876789632,1.1122835876789632
1874-11-01,48.2,30,30.0,1827.04,229.6,1827.04,1.0,52716.159999999996,7.803930633554692,1.4247962817344957,1.4247962817344957,7.8,30.0,0.18266618996596098,0.18266618996596098,1.040084010098819,1.040084010098819
1874-12-01,48.774193548387096,31,31.0,1927.01,227.1,1927.01,1.0,51574.409999999996,7.884263624665642,1.4160555495667875,1.4160555495667875,7.9,31.0,0.17924753791984652,0.17924753791984652,1.169225377361151,1.169225377361151
1875-01-01,24.419354838709676,31,31.0,1001.43,155.3,1001.43,1.0,24118.090000000004,5.683677818841168,1.0208186712758491,1.0208186712758491,5.7,31.0,0.1790909949606753,0.1790909949606753,1.30734543831159,1.30734543831159
1875-02-01,35.857142857142854,28,28.0,1291.17,173.3,1291.17,1.0,30032.890000000003,6.790671121893203,1.283316215982671,1.283316215982671,6.8,28.0,0.18872297293862808,0.18872297293862808,1.216384753591643,1.216384753591643
1875-03-01,56.38709677419355,31,31.0,2207.68,258.2,2207.68,1.0,66667.23999999999,8.438926701362426,1.515675978980014,1.515675978980014,8.4,31.0,0.18043761654523977,0.18043761654523977,1.0176997795206797,1.0176997795206797
1875-04-01,48.6,30,30.0,1837.75,226.7,1837.75,1.0,51392.88999999999,7.826770300279249,1.4289662152914757,1.4289662152914757,7.8,30.0,0.18320079683224047,0.18320079683224047,1.0678660175311785,1.0678660175311785
1875-05-01,19.225806451612904,31,31.0,817.8,136.2,817.8,1.0,18550.44,5.136209220942067,0.9224904084000063,0.9224904084000063,5.1,31.0,0.18088047223529535,0.18088047223529535,1.3634636466989687,1.3634636466989687
1875-06-01,39.93333333333333,30,30.0,1514.79,204.5,1514.79,1.0,41820.25,7.105842666425988,1.2973434394947239,1.2973434394947239,7.1,30.0,0.18272442809784845,0.18272442809784845,1.0880463837901861,1.0880463837901861
1875-07-01,20.903225806451612,31,31.0,855.2,149.2,855.2,1.0,22260.639999999996,5.2523420275333885,0.9433484762030575,0.9433484762030575,5.3,31.0,0.17799027852887878,0.17799027852887878,1.2211517259164029,1.2211517259164029
1875-08-01,24.419354838709676,31,31.0,1019.66,152.4,1019.66,1.0,23225.760000000002,5.735177247872652,1.0300682417812554,1.0300682417812554,5.7,31.0,0.1807137266282904,0.1807137266282904,1.3601321258573096,1.3601321258573096
1875-09-01,3.966666666666667,30,30.0,254.21,76.5,254.21,1.0,5852.25,2.910956314798741,0.5314654791757933,0.5314654791757933,2.9,30.0,0.18326395833648046,0.18326395833648046,1.3066698344420546,1.3066698344420546
1875-10-01,21.322580645161292,31,31.0,878.0200000000001,149.8,878.0200000000001,1.0,22440.040000000005,5.321956952705613,0.9558516858641862,0.9558516858641862,5.3,31.0,0.1803493746913559,0.1803493746913559,1.2112255716301161,1.2112255716301161
1875-11-01,29.566666666666666,30,30.0,1184.92,148.8,1184.92,1.0,22141.440000000002,6.284690392798466,1.1474222316905742,1.1474222316905742,6.3,30.0,0.1821305129667578,0.1821305129667578,1.6479873566794485,1.6479873566794485
1875-12-01,16.483870967741936,31,31.0,706.28,127.4,706.28,1.0,16230.760000000002,4.773177747209044,0.8572880309149615,0.8572880309149615,4.8,31.0,0.17860167310728367,0.17860167310728367,1.3807328812301602,1.3807328812301602
1876-01-01,23.93548387096774,31,31.0,1002.7800000000001,143.6,1002.7800000000001,1.0,20620.96,5.687507532784803,1.0215065082053718,1.0215065082053718,5.7,31.0,0.17921166810620556,0.17921166810620556,1.5404135347927281,1.5404135347927281
1876-02-01,25.137931034482758,29,29.0,954.6,149.2,954.6,1.0,22260.639999999996,5.737354911395176,1.0654000605132965,1.0654000605132965,5.7,29.0,0.18691229131812218,0.18691229131812218,1.2376532663976978,1.2376532663976978
1876-03-01,51.064516129032256,31,31.0,2030.5,221.4,2030.5,1.0,49017.96,8.093207028119323,1.4535828926505883,1.4535828926505883,8.1,31.0,0.1794546781050109,0.1794546781050109,1.2986594721229878,1.2986594721229878
1876-04-01,3.933333333333333,30,30.0,250.66,76.2,250.66,1.0,5806.4400000000005,2.890559346101258,0.5277415192223472,0.5277415192223472,2.9,30.0,0.1819798342146025,0.1819798342146025,1.3172479831814794,1.3172479831814794
1876-05-01,8.516129032258064,31,31.0,415.0,99.4,415.0,1.0,9880.36,3.6588381727255372,0.6571467350794633,0.6571467350794633,3.7,31.0,0.17760722569715223,0.17760722569715223,1.3460755850807578,1.3460755850807578
1876-06-01,2.7333333333333334,30,30.0,207.45,72.1,207.45,1.0,5198.409999999999,2.629638758460941,0.4801041553663122,0.4801041553663122,2.6,30.0,0.1846554443716585,0.1846554443716585,1.1774388093673365,1.1774388093673365
1876-07-01,25.548387096774192,31,31.0,1038.55,159.5,1038.55,1.0,25440.25,5.788057783335081,1.0395658663243224,1.0395658663243224,5.8,31.0,0.17923549419384868,0.17923549419384868,1.2822668092796814,1.2822668092796814
1876-08-01,14.774193548387096,31,31.0,639.5,122.0,639.5,1.0,14884.0,4.541919446452624,0.815752813961406,0.815752813961406,4.5,31.0,0.18127840310253465,0.18127840310253465,1.32126434764295,1.32126434764295
1876-09-01,16.6,30,30.0,679.63,127.3,679.63,1.0,16205.289999999999,4.759656850376226,0.8689904743116834,0.8689904743116834,4.8,30.0,0.18103968214826738,0.18103968214826738,1.2918207663957602,1.2918207663957602
1876-10-01,23.870967741935484,31,31.0,958.18,162.6,958.18,1.0,26438.76,5.559589216665608,0.9985317004040275,0.9985317004040275,5.6,31.0,0.17830923221500491,0.17830923221500491,1.1451379835152888,1.1451379835152888
1876-11-01,16.566666666666666,30,30.0,684.6899999999999,125.1,684.6899999999999,1.0,15650.009999999998,4.777342357420075,0.8722193913612943,0.8722193913612943,4.8,30.0,0.18171237320026967,0.18171237320026967,1.3398517372164447,1.3398517372164447
1876-12-01,13.64516129032258,31,31.0,609.47,117.1,609.47,1.0,13712.409999999998,4.433996231464925,0.7963692323378396,0.7963692323378396,4.4,31.0,0.180993007349509,0.180993007349509,1.3733932995190394,1.3733932995190394
1877-01-01,40.645161290322584,31,31.0,1622.42,203.2,1622.42,1.0,41290.24,7.234371363999643,1.2993314538050076,1.2993314538050076,7.2,31.0,0.18046270191736216,0.18046270191736216,1.2149853458042315,1.2149853458042315
1877-02-01,14.5,28,28.0,541.46,114.6,541.46,1.0,13133.159999999998,4.397483046341071,0.8310461810886569,0.8310461810886569,4.4,28.0,0.18887413206560383,0.18887413206560383,1.1624149241166806,1.1624149241166806
1877-03-01,19.870967741935484,31,31.0,838.87,139.1,838.87,1.0,19348.809999999998,5.201953727268743,0.9342984703154099,0.9342984703154099,5.2,31.0,0.17967278275296344,0.17967278275296344,1.3585441119744313,1.3585441119744313
1877-04-01,26.266666666666666,30,30.0,1041.81,157.1,1041.81,1.0,24680.41,5.892961903830704,1.0759027217488888,1.0759027217488888,5.9,30.0,0.1823563935167608,0.1823563935167608,1.281259888487474,1.281259888487474
1877-05-01,36.064516129032256,31,31.0,1423.3999999999999,203.4,1423.3999999999999,1.0,41371.560000000005,6.776144112418069,1.2170314098878,1.2170314098878,6.8,31.0,0.17897520733644118,0.17897520733644118,1.0767264374629517,1.0767264374629517
1877-06-01,23.566666666666666,30,30.0,911.4,156.8,911.4,1.0,24586.240000000005,5.511805511808268,1.0063134037995651,1.0063134037995651,5.5,30.0,0.18296607341810275,0.18296607341810275,1.1114584090114228,1.1114584090114228
1877-07-01,10.03225806451613,31,31.0,459.12,105.4,459.12,1.0,11109.160000000002,3.8484181920167098,0.6911963117024961,0.6911963117024961,3.8,31.0,0.18189376623749898,0.18189376623749898,1.2598750802813885,1.2598750802813885
1877-08-01,10.516129032258064,31,31.0,482.41,108.9,482.41,1.0,11859.210000000001,3.944821022964896,0.7085107712711812,0.7085107712711812,3.9,31.0,0.18166942853107212,0.18166942853107212,1.2423880177202726,1.2423880177202726
1877-09-01,28.133333333333333,30,30.0,1082.21,170.5,1082.21,1.0,29070.25,6.00613575160158,1.096565344863477,1.096565344863477,6.0,30.0,0.18276089081057947,0.18276089081057947,1.1189704602394452,1.1189704602394452
1877-10-01,11.161290322580646,31,31.0,527.12,101.4,527.12,1.0,10281.960000000001,4.123575022688678,0.7406159373800654,0.7406159373800654,4.1,31.0,0.18063803350733304,0.18063803350733304,1.6020037232799305,1.6020037232799305
1877-11-01,23.633333333333333,30,30.0,938.52,150.2,938.52,1.0,22560.039999999997,5.593210169482281,1.0211757928975793,1.0211757928975793,5.6,30.0,0.18235282016028204,0.18235282016028204,1.2619593812090917,1.2619593812090917
1877-12-01,3.5483870967741935,31,31.0,231.61,78.1,231.61,1.0,6099.609999999999,2.733366115722635,0.49092704676411647,0.49092704676411647,2.7,31.0,0.18182483213485795,0.18182483213485795,1.1544103612815273,1.1544103612815273
1878-01-01,5.548387096774194,31,31.0,306.01,86.5,306.01,1.0,7482.25,3.1418609648710816,0.564294887521805,0.564294887521805,3.1,31.0,0.1820306088780016,0.1820306088780016,1.2442727667970972,1.2442727667970972
1878-02-01,11.035714285714286,28,28.0,470.86,92.8,470.86,1.0,8611.84,4.100783897187045,0.7749753123125133,0.7749753123125133,4.1,28.0,0.18901836885671056,0.18901836885671056,1.5610135389105486,1.5610135389105486
1878-03-01,13.064516129032258,31,31.0,570.78,116.6,570.78,1.0,13595.56,4.290950718024635,0.7706774996928211,0.7706774996928211,4.3,31.0,0.1792273255099584,0.1792273255099584,1.3204146250454905,1.3204146250454905
1878-04-01,0.16666666666666666,30,30.0,122.25,60.5,122.25,1.0,3660.25,2.018662923818635,0.36855573979159967,0.36855573979159967,2.0,30.0,0.18427786989579983,0.18427786989579983,0.9829706048615037,0.9829706048615037
1878-05-01,9.870967741935484,31,31.0,473.15999999999997,99.6,473.15999999999997,1.0,9920.159999999998,3.9068178619500054,0.7016852020591297,0.7016852020591297,3.9,31.0,0.179919282579264,0.179919282579264,1.4971578278818676,1.4971578278818676
1878-06-01,10.7,30,30.0,479.05,101.7,479.05,1.0,10342.890000000001,3.99603970617577,0.729573695919595,0.729573695919595,4.0,30.0,0.18239342397989874,0.18239342397989874,1.4113114162435723,1.4113114162435723
1878-07-01,0.22580645161290322,31,31.0,128.41,62.9,128.41,1.0,3956.41,2.0352538083777487,0.3655423749548294,0.3655423749548294,2.0,31.0,0.1827711874774147,0.1827711874774147,0.9706347962382446,0.9706347962382446
1878-08-01,0.0,31,31.0,124.0,62.0,124.0,1.0,3844.0,2.0,0.35921060405354976,0.35921060405354976,2.0,31.0,0.17960530202677488,0.17960530202677488,1.0,1.0
1878-09-01,8.8,30,30.0,401.76,98.4,401.76,1.0,9682.560000000001,3.6595081636744573,0.6681317235396026,0.6681317235396026,3.7,30.0,0.18057614149718987,0.18057614149718987,1.2842901474010862,1.2842901474010862
1878-10-01,1.903225806451613,31,31.0,185.44,70.8,185.44,1.0,5012.639999999999,2.445799559218001,0.43927856853030195,0.43927856853030195,2.4,31.0,0.1830327368876258,0.1830327368876258,1.10828637719589,1.10828637719589
1878-11-01,6.8,30,30.0,330.31,89.7,330.31,1.0,8046.09,3.3181822332917963,0.6058144196955956,0.6058144196955956,3.3,30.0,0.18358012718048353,0.18358012718048353,1.2274442765345823,1.2274442765345823
1878-12-01,0.9354838709677419,31,31.0,153.64,65.8,153.64,1.0,4329.639999999999,2.22623651759153,0.39984388212506233,0.39984388212506233,2.2,31.0,0.1817472191477556,0.1817472191477556,1.077011494252874,1.077011494252874
1879-01-01,1.6451612903225807,31,31.0,168.3,69.2,168.3,1.0,4788.64,2.3300283813860543,0.4184854511697998,0.4184854511697998,2.3,31.0,0.18195019616078253,0.18195019616078253,1.0638589367882016,1.0638589367882016
1879-02-01,0.9285714285714286,28,28.0,137.62,60.2,137.62,1.0,3624.0400000000004,2.2169799277395366,0.41896982503005425,0.41896982503005425,2.2,28.0,0.19044082955911557,0.19044082955911557,1.04890976990724,1.04890976990724
1879-03-01,0.0,31,31.0,124.0,62.0,124.0,1.0,3844.0,2.0,0.35921060405354976,0.35921060405354976,2.0,31.0,0.17960530202677488,0.17960530202677488,1.0,1.0
1879-04-01,10.4,30,30.0,462.63,104.1,462.63,1.0,10836.81,3.926958110293513,0.7169611797952058,0.7169611797952058,3.9,30.0,0.18383619994748868,0.18383619994748868,1.2749316090524745,1.2749316090524745
1879-05-01,4.032258064516129,31,31.0,251.65,80.3,251.65,1.0,6448.089999999999,2.849165129557055,0.5117251636182502,0.5117251636182502,2.8,31.0,0.18275898700651794,0.18275898700651794,1.175286132037105,1.175286132037105
1879-06-01,7.966666666666667,30,30.0,380.13,91.9,380.13,1.0,8445.61,3.5596348127300925,0.6498974278043164,0.6498974278043164,3.6,30.0,0.18052706327897677,0.18052706327897677,1.3990326676155667,1.3990326676155667
1879-07-01,12.580645161290322,31,31.0,539.03,114.7,539.03,1.0,13156.09,4.169899820874481,0.7489361167495557,0.7489361167495557,4.2,31.0,0.1783181230356085,0.1783181230356085,1.3008585201306804,1.3008585201306804
1879-08-01,17.903225806451612,31,31.0,760.48,132.6,760.48,1.0,17582.76,4.952939824308974,0.8895742530654547,0.8895742530654547,5.0,31.0,0.17791485061309092,0.17791485061309092,1.3829587903661098,1.3829587903661098
1879-09-01,10.066666666666666,30,30.0,428.27000000000004,104.3,428.27000000000004,1.0,10878.49,3.7783153212333493,0.6898228436022945,0.6898228436022945,3.8,30.0,0.18153232726376173,0.18153232726376173,1.2026282700268511,1.2026282700268511
1879-10-01,20.419354838709676,31,31.0,845.96,143.4,845.96,1.0,20563.56,5.223890528912768,0.9382384362001865,0.9382384362001865,5.2,31.0,0.18043046850003586,0.18043046850003586,1.2749766705887127,1.2749766705887127
1879-11-01,21.866666666666667,30,30.0,864.0100000000001,144.3,864.0100000000001,1.0,20822.49,5.366594202409321,0.9798015672120102,0.9798015672120102,5.4,30.0,0.18144473466889077,0.18144473466889077,1.271639423443068,1.271639423443068
1879-12-01,12.193548387096774,31,31.0,524.19,115.9,524.19,1.0,13432.810000000001,4.112098593019102,0.7385547097630719,0.7385547097630719,4.1,31.0,0.1801352950641639,0.1801352950641639,1.210835860068698,1.210835860068698
1880-01-01,40.12903225806452,31,31.0,1591.5700000000002,202.3,1591.5700000000002,1.0,40925.29000000001,7.165261177510244,1.2869188978874522,1.2869188978874522,7.2,31.0,0.1787387358177017,0.1787387358177017,1.226089726575569,1.226089726575569
1880-02-01,45.37931034482759,29,29.0,1678.88,200.0,1678.88,1.0,40000.0,7.608706446768955,1.4129013167226758,1.4129013167226758,7.6,29.0,0.1859080679898258,0.1859080679898258,1.223797216782808,1.223797216782808
1880-03-01,32.096774193548384,31,31.0,1280.89,186.9,1280.89,1.0,34931.61,6.427988196789452,1.1545007615089138,1.1545007615089138,6.4,31.0,0.18039074398576777,0.18039074398576777,1.131674745740953,1.131674745740953
1880-04-01,32.43333333333333,30,30.0,1238.52,183.6,1238.52,1.0,33708.96,6.425262640546299,1.1730870953741386,1.1730870953741386,6.4,30.0,0.18329485865220915,0.18329485865220915,1.0971665305428573,1.0971665305428573
1880-05-01,39.096774193548384,31,31.0,1550.14,205.4,1550.14,1.0,42189.16,7.071387143201273,1.2700586236029177,1.2700586236029177,7.1,31.0,0.1788814962821011,0.1788814962821011,1.1539124221007295,1.1539124221007295
1880-06-01,56.9,30,30.0,2155.6,246.6,2155.6,1.0,60811.56,8.476634552305137,1.5476146520084098,1.5476146520084098,8.5,30.0,0.1820723120009894,0.1820723120009894,1.0718331095424916,1.0718331095424916
1880-07-01,36.54838709677419,31,31.0,1445.42,196.2,1445.42,1.0,38494.439999999995,6.828356435695433,1.2264090199795503,1.2264090199795503,6.8,31.0,0.18035426764405152,0.18035426764405152,1.1603875082255886,1.1603875082255886
1880-08-01,80.25806451612904,31,31.0,3141.36,299.6,3141.36,1.0,89760.16000000002,10.066488640453885,1.8079947326178187,1.8079947326178187,10.1,31.0,0.17900937946711076,0.17900937946711076,1.095492548961657,1.095492548961657
1880-09-01,110.06666666666666,30,30.0,4165.56,346.6,4165.56,1.0,120131.56000000001,11.783547852832779,2.1513716554793594,2.1513716554793594,11.8,30.0,0.18231963182028468,0.18231963182028468,1.0447065519203904,1.0447065519203904
1880-10-01,71.6774193548387,31,31.0,2807.5,290.6,2807.5,1.0,84448.36000000002,9.516539083565634,1.7092208763534136,1.7092208763534136,9.5,31.0,0.17991798698456984,0.17991798698456984,1.0279503425123153,1.0279503425123153
1880-11-01,51.13333333333333,30,30.0,1949.47,225.9,1949.47,1.0,51030.810000000005,8.061162033685548,1.4717600951845984,1.4717600951845984,8.1,30.0,0.18169877718328376,0.18169877718328376,1.1633653441409708,1.1633653441409708
1880-12-01,49.38709677419355,31,31.0,1938.97,238.3,1938.97,1.0,56786.89000000001,7.908692645111372,1.4204431311621613,1.4204431311621613,7.9,31.0,0.17980292799521028,0.17980292799521028,1.058144775590396,1.058144775590396
1881-01-01,60.61290322580645,31,31.0,2373.1,260.0,2373.1,1.0,67600.0,8.749377858066584,1.5714346527444258,1.5714346527444258,8.7,31.0,0.18062467272924437,0.18062467272924437,1.078772561627181,1.078772561627181
1881-02-01,88.60714285714286,28,28.0,3125.15,293.1,3125.15,1.0,85907.61000000002,10.564681727340393,1.996537180792212,1.996537180792212,10.6,28.0,0.1883525642256804,0.1883525642256804,1.0263658509302573,1.0263658509302573
1881-03-01,85.7741935483871,31,31.0,3355.69,296.5,3355.69,1.0,87912.25,10.40423300950767,1.8686554120295664,1.8686554120295664,10.4,31.0,0.1796784050028429,0.1796784050028429,1.1895714537109836,1.1895714537109836
1881-04-01,86.06666666666666,30,30.0,3259.69,306.3,3259.69,1.0,93819.69,10.423834866944762,1.9031231641115027,1.9031231641115027,10.4,30.0,0.18299261193379834,0.18299261193379834,1.038916850706714,1.038916850706714
1881-05-01,72.54838709677419,31,31.0,2839.25,288.3,2839.25,1.0,83116.89,9.570199040637522,1.7188584891500536,1.7188584891500536,9.6,31.0,0.1790477592864639,0.1790477592864639,1.0678753137237218,1.0678753137237218
1881-06-01,100.8,30,30.0,3813.49,333.5,3813.49,1.0,111222.25,11.274587945168255,2.058448714714824,2.058448714714824,11.3,30.0,0.1821636030721083,0.1821636030721083,1.0344362042723518,1.0344362042723518
1881-07-01,128.16129032258064,31,31.0,5015.17,389.7,5015.17,1.0,151866.09,12.719264028211493,2.2844472573452186,2.2844472573452186,12.7,31.0,0.17987773679883612,0.17987773679883612,1.0213386473847084,1.0213386473847084
1881-08-01,97.29032258064517,31,31.0,3812.98,316.8,3812.98,1.0,100362.24,11.09050742025403,1.991913934844913,1.991913934844913,11.1,31.0,0.17945170584188408,0.17945170584188408,1.1868742442976776,1.1868742442976776
1881-09-01,88.56666666666666,30,30.0,3357.86,312.2,3357.86,1.0,97468.84,10.579634524248306,1.9315681596970777,1.9315681596970777,10.6,30.0,0.18222341129217715,0.18222341129217715,1.0388388262453543,1.0388388262453543
1881-10-01,107.25806451612904,31,31.0,4196.21,355.9,4196.21,1.0,126664.80999999998,11.634500973536674,2.0896180612828608,2.0896180612828608,11.6,31.0,0.18013948804162594,0.18013948804162594,1.0216165613063268,1.0216165613063268
1881-11-01,91.46666666666667,30,30.0,3456.36,308.0,3456.36,1.0,94864.0,10.73368529443639,1.9596938536414303,1.9596938536414303,10.7,30.0,0.18314895828424585,0.18314895828424585,1.0894564174285648,1.0894564174285648
1881-12-01,78.83870967741936,31,31.0,3086.53,297.1,3086.53,1.0,88268.41000000002,9.978250541601357,1.7921467022231417,1.7921467022231417,10.0,31.0,0.17921467022231416,0.17921467022231416,1.0919396237791414,1.0919396237791414
1882-01-01,74.96774193548387,31,31.0,2936.05,298.5,2936.05,1.0,89102.25,9.731972581269465,1.7479138747751943,1.7479138747751943,9.7,31.0,0.1801973066778551,0.1801973066778551,1.0152988062604593,1.0152988062604593
1882-02-01,115.85714285714286,28,28.0,4098.52,333.6,4098.52,1.0,111288.96000000002,12.09858315199405,2.2864173026008734,2.2864173026008734,12.1,28.0,0.18896010765296475,0.18896010765296475,1.0326193268728068,1.0326193268728068
1882-03-01,111.48387096774194,31,31.0,4350.76,362.2,4350.76,1.0,131188.84,11.846818002071002,2.1277513253181963,2.1277513253181963,11.8,31.0,0.18031790892527086,0.18031790892527086,1.0206625644286007,1.0206625644286007
1882-04-01,159.56666666666666,30,30.0,6054.82,416.0,6054.82,1.0,173056.0,14.206594712785092,2.593757463175341,2.593757463175341,14.2,30.0,0.1826589762799536,0.1826589762799536,1.0504188054240096,1.0504188054240096
1882-05-01,106.90322580645162,31,31.0,4179.95,339.9,4179.95,1.0,115532.00999999998,11.611937683874881,2.085565574828437,2.085565574828437,11.6,31.0,0.17979013576107217,0.17979013576107217,1.1237529866982257,1.1237529866982257
1882-06-01,75.43333333333334,30,30.0,2854.76,286.4,2854.76,1.0,82024.95999999999,9.754930377335693,1.7809984715197134,1.7809984715197134,9.8,30.0,0.18173453791017483,0.18173453791017483,1.0557159133108167,1.0557159133108167
1882-07-01,75.6774193548387,31,31.0,2955.09,290.3,2955.09,1.0,84274.09000000001,9.763477037970015,1.7535722422360862,1.7535722422360862,9.8,31.0,0.1789359430853149,0.1789359430853149,1.0986282418622955,1.0986282418622955
1882-08-01,67.45161290322581,31,31.0,2635.79,277.1,2635.79,1.0,76784.41000000002,9.22092641066871,1.656127272954819,1.656127272954819,9.2,31.0,0.1800138340168282,0.1800138340168282,1.0614256880303365,1.0614256880303365
1882-09-01,96.06666666666666,30,30.0,3641.07,324.7,3641.07,1.0,105430.09,11.01675995926207,2.01137598010251,2.01137598010251,11.0,30.0,0.1828523618275009,0.1828523618275009,1.034089236736929,1.034089236736929
1882-10-01,98.64516129032258,31,31.0,3855.5,333.8,3855.5,1.0,111422.44,11.152173229551964,2.002989441148594,2.002989441148594,11.2,31.0,0.17883834295969592,0.17883834295969592,1.0848346155426563,1.0848346155426563
1882-11-01,140.56666666666666,30,30.0,5320.6,396.0,5320.6,1.0,156816.0,13.317407155048365,2.431414768766896,2.431414768766896,13.3,30.0,0.18281314050878916,0.18281314050878916,1.0157430522642932,1.0157430522642932
1882-12-01,69.70967741935483,31,31.0,2736.0699999999997,279.3,2736.0699999999997,1.0,78008.49,9.394696513493406,1.6873373047558722,1.6873373047558722,9.4,31.0,0.17950396859105022,0.17950396859105022,1.0917397102418123,1.0917397102418123
1883-01-01,101.03225806451613,31,31.0,3947.9900000000002,344.1,3947.9900000000002,1.0,118404.81000000001,11.285145817801038,2.026872023022351,2.026872023022351,11.3,31.0,0.1793692055771992,0.1793692055771992,1.037614883936143,1.037614883936143
1883-02-01,78.21428571428571,28,28.0,2775.11,267.7,2775.11,1.0,71663.29,9.9554543557073,1.8814040295611625,1.8814040295611625,10.0,28.0,0.18814040295611625,0.18814040295611625,1.097791957923696,1.097791957923696
1883-03-01,71.3225806451613,31,31.0,2786.28,278.8,2786.28,1.0,77729.44,9.480506315593066,1.7027492001788394,1.7027492001788394,9.5,31.0,0.17923675791356203,0.17923675791356203,1.1201018211668683,1.1201018211668683
1883-04-01,136.76666666666668,30,30.0,5184.29,390.9,5184.29,1.0,152802.80999999997,13.145709059106194,2.4000671286908255,2.4000671286908255,13.1,30.0,0.18321123119777294,0.18321123119777294,1.0111516495355735,1.0111516495355735
1883-05-01,52.516129032258064,31,31.0,2054.36,237.0,2054.36,1.0,56169.0,8.140618982568515,1.4620983310491151,1.4620983310491151,8.1,31.0,0.18050596679618705,0.18050596679618705,1.127178338431153,1.127178338431153
1883-06-01,127.23333333333333,30,30.0,4820.91,374.7,4820.91,1.0,140400.09,12.676632044829573,2.3144257747153323,2.3144257747153323,12.7,30.0,0.18223824997758523,0.18223824997758523,1.0351153473564305,1.0351153473564305
1883-07-01,134.3548387096774,31,31.0,5258.0,391.6,5258.0,1.0,153350.56000000003,13.023551866745356,2.3390989664881676,2.3390989664881676,13.0,31.0,0.17993068972985904,0.17993068972985904,1.0611674212397975,1.0611674212397975
1883-08-01,76.61290322580645,31,31.0,3003.89,297.3,3003.89,1.0,88387.29000000001,9.84376337684703,1.7679920943787164,1.7679920943787164,9.8,31.0,0.18040735656925677,0.18040735656925677,1.0457600657739092,1.0457600657739092
1883-09-01,87.76666666666667,30,30.0,3323.68,298.8,3323.68,1.0,89281.44,10.525651207090862,1.921712199518382,1.921712199518382,10.5,30.0,0.18302020947794112,0.18302020947794112,1.115679608216873,1.115679608216873
1883-10-01,139.61290322580646,31,31.0,5459.35,397.9,5459.35,1.0,158324.40999999997,13.270571371125248,2.3834649791788225,2.3834649791788225,13.3,31.0,0.17920789317134003,0.17920789317134003,1.076321430155459,1.076321430155459
1883-11-01,140.8,30,30.0,5326.9,393.4,5326.9,1.0,154763.55999999997,13.325289240137842,2.43285383403479,2.43285383403479,13.3,30.0,0.18292134090487142,0.18292134090487142,1.0296944538241153,1.0296944538241153
1883-12-01,126.48387096774194,31,31.0,4952.29,379.3,4952.29,1.0,143868.49000000002,12.63927570403386,2.2700809302226794,2.2700809302226794,12.6,31.0,0.18016515319227616,0.18016515319227616,1.0626267490760615,1.0626267490760615
1884-01-01,152.58064516129033,31,31.0,5973.97,426.9,5973.97,1.0,182243.61,13.881956262624492,2.4932729472711515,2.4932729472711515,13.9,31.0,0.17937215447993896,0.17937215447993896,1.0194656323119513,1.0194656323119513
1884-02-01,144.82758620689654,29,29.0,5299.88,390.2,5299.88,1.0,152256.03999999998,13.518671634395915,2.5103543008536677,2.5103543008536677,13.5,29.0,0.185952170433605,0.185952170433605,1.0069150554832136,1.0069150554832136
1884-03-01,145.7741935483871,31,31.0,5700.68,413.8,5700.68,1.0,171230.44,13.560711752183455,2.4355757299489453,2.4355757299489453,13.6,31.0,0.17908645073154011,0.17908645073154011,1.0393652476751005,1.0393652476751005
1884-04-01,126.9,30,30.0,4801.9800000000005,378.0,4801.9800000000005,1.0,142884.0,12.651719250757978,2.3098773416208345,2.3098773416208345,12.7,30.0,0.1818801056394358,0.1818801056394358,1.0164901990860216,1.0164901990860216
1884-05-01,110.90322580645162,31,31.0,4338.22,362.0,4338.22,1.0,131044.0,11.829732906754966,2.1246827516138036,2.1246827516138036,11.8,31.0,0.18005786030625454,0.18005786030625454,1.0218272599718814,1.0218272599718814
1884-06-01,85.33333333333333,30,30.0,3230.62,309.0,3230.62,1.0,95481.0,10.37725075987534,1.89461810869045,1.89461810869045,10.4,30.0,0.18217481814331252,0.18217481814331252,1.0201950387629841,1.0201950387629841
1884-07-01,88.45161290322581,31,31.0,3461.33,321.3,3461.33,1.0,103233.69,10.566731114758854,1.897840933301984,1.897840933301984,10.6,31.0,0.17904159748131923,0.17904159748131923,1.0475509449711324,1.0475509449711324
1884-08-01,93.06451612903226,31,31.0,3638.02,331.2,3638.02,1.0,109693.43999999999,10.833073611444156,1.9456774578617129,1.9456774578617129,10.8,31.0,0.1801553201723808,0.1801553201723808,1.0226070482772123,1.0226070482772123
1884-09-01,103.13333333333334,30,30.0,3901.89,335.3,3901.89,1.0,112426.09000000001,11.404516649117577,2.0821703420549755,2.0821703420549755,11.4,30.0,0.18264652123289257,0.18264652123289257,1.0418147288807473,1.0418147288807473
1884-10-01,79.58064516129032,31,31.0,3119.74,304.2,3119.74,1.0,92537.64,10.031788185241371,1.8017623468789088,1.8017623468789088,10.0,31.0,0.18017623468789087,0.18017623468789087,1.039839450490338,1.039839450490338
1884-11-01,60.93333333333333,30,30.0,2309.5,255.4,2309.5,1.0,65229.16,8.774014664526915,1.6019085838808378,1.6019085838808378,8.8,30.0,0.1820350663500952,0.1820350663500952,1.0709927548877411,1.0709927548877411
1884-12-01,78.58064516129032,31,31.0,3078.58,307.0,3078.58,1.0,94249.0,9.965391726272706,1.7898371908123332,1.7898371908123332,10.0,31.0,0.1789837190812333,0.1789837190812333,1.020302637631811,1.020302637631811
1885-01-01,71.38709677419355,31,31.0,2800.66,276.6,2800.66,1.0,76507.56000000001,9.504939293217076,1.7071374925044134,1.7071374925044134,9.5,31.0,0.1796986834215172,0.1796986834215172,1.1386937993593542,1.1386937993593542
1885-02-01,119.67857142857143,28,28.0,4232.2300000000005,340.1,4232.2300000000005,1.0,115668.01000000001,12.294351199984952,2.323413986146336,2.323413986146336,12.3,28.0,0.1888954460281574,0.1888954460281574,1.0264129707711473,1.0264129707711473
1885-03-01,82.93548387096774,31,31.0,3249.81,303.5,3249.81,1.0,92112.25,10.238778278933541,1.8389388651730412,1.8389388651730412,10.2,31.0,0.18028812403657268,0.18028812403657268,1.0885659903104168,1.0885659903104168
1885-04-01,91.7,30,30.0,3473.82,318.0,3473.82,1.0,101124.0,10.760762054798908,1.964637371119668,1.964637371119668,10.8,30.0,0.18191086769626555,0.18191086769626555,1.0394469318950565,1.0394469318950565
1885-05-01,121.64516129032258,31,31.0,4770.98,379.0,4770.98,1.0,143641.0,12.405747887377096,2.228138096180388,2.228138096180388,12.4,31.0,0.17968855614357968,0.17968855614357968,1.0296850248887415,1.0296850248887415
1885-06-01,139.46666666666667,30,30.0,5282.42,396.4,5282.42,1.0,157132.96,13.269539052531805,2.4226752889224668,2.4226752889224668,13.3,30.0,0.18215603676108771,0.18215603676108771,1.013618917654162,1.013618917654162
1885-07-01,110.87096774193549,31,31.0,4340.31,364.9,4340.31,1.0,133152.00999999998,11.832582135780846,2.1251944882535403,2.1251944882535403,11.8,31.0,0.18010122781809662,0.18010122781809662,1.0051053592181458,1.0051053592181458
1885-08-01,83.45161290322581,31,31.0,3258.71,311.7,3258.71,1.0,97156.89,10.25278876303198,1.8414552224010825,1.8414552224010825,10.3,31.0,0.17878206042728956,0.17878206042728956,1.0510723424032289,1.0510723424032289
1885-09-01,66.03333333333333,30,30.0,2504.51,267.1,2504.51,1.0,71342.41000000002,9.136939677302607,1.668169322607537,1.668169322607537,9.1,30.0,0.18331531017665242,0.18331531017665242,1.0462912145780154,1.0462912145780154
1885-10-01,64.51612903225806,31,31.0,2543.2799999999997,266.4,2543.2799999999997,1.0,70968.95999999999,9.057664727874434,1.6268046091071535,1.6268046091071535,9.1,31.0,0.17876973726452236,0.17876973726452236,1.1258511424365822,1.1258511424365822
1885-11-01,51.56666666666667,30,30.0,1963.0,228.2,1963.0,1.0,52075.24,8.089087299153924,1.4768585277917148,1.4768585277917148,8.1,30.0,0.1823282133076191,0.1823282133076191,1.1391628073301054,1.1391628073301054
1885-12-01,36.25806451612903,31,31.0,1442.21,193.5,1442.21,1.0,37442.25,6.820769987751123,1.2250464537052022,1.2250464537052022,6.8,31.0,0.18015389025076503,0.18015389025076503,1.1942883952351162,1.1942883952351162
1886-01-01,49.83870967741935,31,31.0,1977.03,221.7,1977.03,1.0,49150.88999999999,7.985935217012631,1.4343163066178117,1.4343163066178117,8.0,31.0,0.17928953832722647,0.17928953832722647,1.2618634557358674,1.2618634557358674
1886-02-01,43.17857142857143,28,28.0,1528.19,200.7,1528.19,1.0,40280.49,7.387706970753123,1.3961453859736495,1.3961453859736495,7.4,28.0,0.18866829540184452,0.18866829540184452,1.0684178745519621,1.0684178745519621
1886-03-01,95.48387096774194,31,31.0,3729.87,329.7,3729.87,1.0,108702.09,10.968973839734243,1.9700858594092614,1.9700858594092614,11.0,31.0,0.17909871449175105,0.17909871449175105,1.072199197082809,1.072199197082809
1886-04-01,72.9,30,30.0,2768.14,270.6,2768.14,1.0,73224.36000000002,9.605796860923789,1.7537705411800915,1.7537705411800915,9.6,30.0,0.1826844313729262,0.1826844313729262,1.1379529018161914,1.1379529018161914
1886-05-01,51.225806451612904,31,31.0,2008.52,228.6,2008.52,1.0,52257.96,8.049283678808662,1.4456940262316194,1.4456940262316194,8.0,31.0,0.18071175327895242,0.18071175327895242,1.1840028465988874,1.1840028465988874
1886-06-01,45.3,30,30.0,1716.0800000000002,214.2,1716.0800000000002,1.0,45881.63999999999,7.563244453716055,1.380853198408707,1.380853198408707,7.6,30.0,0.18169121031693514,0.18169121031693514,1.138170103582973,1.138170103582973
1886-07-01,50.38709677419355,31,31.0,1989.9299999999998,232.1,1989.9299999999998,1.0,53870.409999999996,8.011946724896555,1.4389881113474758,1.4389881113474758,8.0,31.0,0.17987351391843448,0.17987351391843448,1.1471379987232193,1.1471379987232193
1886-08-01,28.06451612903226,31,31.0,1106.04,170.8,1106.04,1.0,29172.640000000003,5.973165800261981,1.0728122476120556,1.0728122476120556,6.0,31.0,0.17880204126867594,0.17880204126867594,1.1932318129021684,1.1932318129021684
1886-09-01,35.666666666666664,30,30.0,1367.45,187.7,1367.45,1.0,35231.28999999999,6.751419603806792,1.2326349373958574,1.2326349373958574,6.8,30.0,0.1812698437346849,0.1812698437346849,1.1885406380375054,1.1885406380375054
1886-10-01,14.419354838709678,31,31.0,585.6,123.0,585.6,1.0,15129.0,4.346299872379397,0.7806185012776348,0.7806185012776348,4.3,31.0,0.181539186343636,0.181539186343636,1.1815180769283662,1.1815180769283662
1886-11-01,0.5666666666666667,30,30.0,128.91,61.9,128.91,1.0,3831.6099999999997,2.0729206448873048,0.37846179904097765,0.37846179904097765,2.1,30.0,0.18021990430522744,0.18021990430522744,1.0371053555513545,1.0371053555513545
1886-12-01,21.741935483870968,31,31.0,875.81,146.3,875.81,1.0,21403.690000000002,5.315254978255602,0.9546479757189164,0.9546479757189164,5.3,31.0,0.18012225956960687,0.18012225956960687,1.2723515531072862,1.2723515531072862
1887-01-01,17.0,31,31.0,705.61,134.1,705.61,1.0,17982.809999999998,4.770913214807602,0.8568813088890509,0.8568813088890509,4.8,31.0,0.17851693935188562,0.17851693935188562,1.2407004607228025,1.2407004607228025
1887-02-01,21.964285714285715,28,28.0,816.9,137.0,816.9,1.0,18769.0,5.40138871032256,1.0207665187075279,1.0207665187075279,5.4,28.0,0.18903083679769034,0.18903083679769034,1.2279644164192491,1.2279644164192491
1887-03-01,7.064516129032258,31,31.0,336.96,92.8,336.96,1.0,8611.84,3.2969193832053034,0.5921442015785169,0.5921442015785169,3.3,31.0,0.17943763684197483,0.17943763684197483,1.2239851212343864,1.2239851212343864
1887-04-01,11.566666666666666,30,30.0,481.47,107.9,481.47,1.0,11642.410000000002,4.006120317713885,0.731414155363886,0.731414155363886,4.0,30.0,0.1828535388409715,0.1828535388409715,1.2470750671538418,1.2470750671538418
1887-05-01,33.38709677419355,31,31.0,1328.43,188.9,1328.43,1.0,35683.21,6.546188253110453,1.175730118324029,1.175730118324029,6.5,31.0,0.18088155666523523,0.18088155666523523,1.143183568632953,1.143183568632953
1887-06-01,26.1,30,30.0,990.84,167.6,990.84,1.0,28089.76,5.74699921698272,1.0492537030353208,1.0492537030353208,5.7,30.0,0.1840795970237405,0.1840795970237405,1.0424828738562275,1.0424828738562275
1887-07-01,38.903225806451616,31,31.0,1537.17,204.1,1537.17,1.0,41656.81,7.041741903269251,1.2647341813312707,1.2647341813312707,7.0,31.0,0.18067631161875294,0.18067631161875294,1.1353997692900535,1.1353997692900535
1887-08-01,35.70967741935484,31,31.0,1442.96,183.6,1442.96,1.0,33708.96,6.8225432775610555,1.225364945957096,1.225364945957096,6.8,31.0,0.18020072734663178,0.18020072734663178,1.332476290832455,1.332476290832455
1887-09-01,12.4,30,30.0,516.89,109.3,516.89,1.0,11946.49,4.150863364008344,0.7578404991963824,0.7578404991963824,4.2,30.0,0.18043821409437677,0.18043821409437677,1.3438011828935397,1.3438011828935397
1887-10-01,10.96774193548387,31,31.0,472.97,108.3,472.97,1.0,11728.89,3.906033381090534,0.70154430513743,0.70154430513743,3.9,31.0,0.1798831551634436,0.1798831551634436,1.2565689876971406,1.2565689876971406
1887-11-01,11.5,30,30.0,483.75,106.9,483.75,1.0,11427.61,4.0155946010522525,0.733143914930759,0.733143914930759,4.0,30.0,0.18328597873268976,0.18328597873268976,1.271603437909476,1.271603437909476
1887-12-01,34.516129032258064,31,31.0,1367.9099999999999,193.1,1367.9099999999999,1.0,37287.61,6.642750110628734,1.1930731399078662,1.1930731399078662,6.6,31.0,0.1807686575617979,0.1807686575617979,1.127327065649212,1.127327065649212
1888-01-01,21.161290322580644,31,31.0,855.78,151.6,855.78,1.0,22982.559999999998,5.254122805151485,0.9436683133049981,0.9436683133049981,5.3,31.0,0.17805062515188644,0.17805062515188644,1.1813155822943964,1.1813155822943964
1888-02-01,11.793103448275861,29,29.0,479.98,105.2,479.98,1.0,11067.04,4.0682962629039965,0.7554636503443939,0.7554636503443939,4.1,29.0,0.18425942691326683,0.18425942691326683,1.2899926891884996,1.2899926891884996
1888-03-01,13.064516129032258,31,31.0,563.11,115.5,563.11,1.0,13340.25,4.262022842463121,0.7654818998656024,0.7654818998656024,4.3,31.0,0.17801904648037267,0.17801904648037267,1.346606517577486,1.346606517577486
1888-04-01,8.466666666666667,30,30.0,367.43,93.7,367.43,1.0,8779.69,3.499666650792139,0.6389487894624698,0.6389487894624698,3.5,30.0,0.1825567969892771,0.1825567969892771,1.2669092491197371,1.2669092491197371
1888-05-01,11.741935483870968,31,31.0,526.5699999999999,111.1,526.5699999999999,1.0,12343.21,4.121423180438774,0.7402294551028572,0.7402294551028572,4.1,31.0,0.18054376953728227,0.18054376953728227,1.3225282313754163,1.3225282313754163
1888-06-01,11.766666666666667,30,30.0,488.15999999999997,108.8,488.15999999999997,1.0,11837.439999999999,4.033856715353187,0.7364781055808788,0.7364781055808788,4.0,30.0,0.1841195263952197,0.1841195263952197,1.2257905347299565,1.2257905347299565
1888-07-01,5.032258064516129,31,31.0,264.96000000000004,82.6,264.96000000000004,1.0,6822.759999999999,2.923541820154716,0.525083611596795,0.525083611596795,2.9,31.0,0.18106331434372241,0.18106331434372241,1.1920232395010524,1.1920232395010524
1888-08-01,4.645161290322581,31,31.0,260.04,80.8,260.04,1.0,6528.639999999999,2.8962712401938795,0.5201856708464837,0.5201856708464837,2.9,31.0,0.17937436925740818,0.17937436925740818,1.2478017420157612,1.2478017420157612
1888-09-01,14.566666666666666,30,30.0,577.5600000000001,121.8,577.5600000000001,1.0,14835.24,4.387710108929258,0.8010826008180014,0.8010826008180014,4.4,30.0,0.18206422745863668,0.18206422745863668,1.1815695120103693,1.1815695120103693
1888-10-01,3.4193548387096775,31,31.0,218.10000000000002,76.4,218.10000000000002,1.0,5836.960000000001,2.6524486556704057,0.4763938419121963,0.4763938419121963,2.7,31.0,0.17644216367118382,0.17644216367118382,1.2080012671609544,1.2080012671609544
1888-11-01,17.866666666666667,30,30.0,703.93,134.3,703.93,1.0,18036.49,4.843999724745381,0.8843893059306204,0.8843893059306204,4.8,30.0,0.18424777206887924,0.18424777206887924,1.1557479102913821,1.1557479102913821
1888-12-01,11.096774193548388,31,31.0,481.01,110.1,481.01,1.0,12122.009999999998,3.939092739820075,0.7074819412468608,0.7074819412468608,3.9,31.0,0.18140562596073354,0.18140562596073354,1.214311485267589,1.214311485267589
1889-01-01,1.3225806451612903,31,31.0,164.57999999999998,67.8,164.57999999999998,1.0,4596.839999999999,2.30413373267797,0.413834634967707,0.413834634967707,2.3,31.0,0.17992810215987262,0.17992810215987262,1.1098423828927004,1.1098423828927004
1889-02-01,14.178571428571429,28,28.0,564.11,110.3,564.11,1.0,12166.09,4.488517095242672,0.8482499992481519,0.8482499992481519,4.5,28.0,0.18849999983292265,0.18849999983292265,1.319765246966466,1.319765246966466
1889-03-01,11.129032258064516,31,31.0,495.64,110.4,495.64,1.0,12188.160000000002,3.99854812360364,0.7181604434084259,0.7181604434084259,4.0,31.0,0.17954011085210647,0.17954011085210647,1.2726392599713319,1.2726392599713319
1889-04-01,7.333333333333333,30,30.0,339.84000000000003,91.8,339.84000000000003,1.0,8427.24,3.365709434874021,0.6144916598294886,0.6144916598294886,3.4,30.0,0.18073284112632018,0.18073284112632018,1.244424660583129,1.244424660583129
1889-05-01,3.967741935483871,31,31.0,250.33,80.1,250.33,1.0,6416.009999999999,2.8416828271857826,0.510381302441002,0.510381302441002,2.8,31.0,0.18227903658607214,0.18227903658607214,1.1813636127726381,1.1813636127726381
1889-06-01,10.766666666666667,30,30.0,472.56,104.6,472.56,1.0,10941.159999999998,3.968878934913485,0.7246148402197312,0.7246148402197312,4.0,30.0,0.1811537100549328,0.1811537100549328,1.3304013908258987,1.3304013908258987
1889-07-01,15.774193548387096,31,31.0,655.14,128.6,655.14,1.0,16537.96,4.597123925575291,0.8256678311074632,0.8256678311074632,4.6,31.0,0.17949300676249202,0.17949300676249202,1.2390507479150428,1.2390507479150428
1889-08-01,34.29032258064516,31,31.0,1378.73,188.7,1378.73,1.0,35607.689999999995,6.66897003219557,1.197782376839996,1.197782376839996,6.7,31.0,0.17877348908059643,0.17877348908059643,1.2200358994255158,1.2200358994255158
1889-09-01,10.866666666666667,30,30.0,461.7,107.4,461.7,1.0,11534.760000000002,3.923009049186606,0.7162401831787993,0.7162401831787993,3.9,30.0,0.18365132902020495,0.18365132902020495,1.1945478485621859,1.1945478485621859
1889-10-01,3.4193548387096775,31,31.0,214.82,77.2,214.82,1.0,5959.84,2.6324280463774956,0.47279803433338313,0.47279803433338313,2.6,31.0,0.18184539782053197,0.18184539782053197,1.0933887088295602,1.0933887088295602
1889-11-01,0.3,30,30.0,122.25,60.5,122.25,1.0,3660.25,2.018662923818635,0.36855573979159967,0.36855573979159967,2.0,30.0,0.18427786989579983,0.18427786989579983,0.9829706048615037,0.9829706048615037
1889-12-01,11.193548387096774,31,31.0,509.2,110.4,509.2,1.0,12188.160000000002,4.052876318321705,0.7279180752293334,0.7279180752293334,4.1,31.0,0.177540993958374,0.177540993958374,1.3396064375595085,1.3396064375595085
1890-01-01,8.838709677419354,31,31.0,410.21000000000004,100.9,410.21000000000004,1.0,10180.810000000001,3.6376614253062765,0.6533432789632824,0.6533432789632824,3.6,31.0,0.18148424415646733,0.18148424415646733,1.2327134464618343,1.2327134464618343
1890-02-01,1.0714285714285714,28,28.0,137.5,60.0,137.5,1.0,3600.0,2.2160131510697956,0.4187871214128062,0.4187871214128062,2.2,28.0,0.19035778246036644,0.19035778246036644,1.0561906137184116,1.0561906137184116
1890-03-01,8.483870967741936,31,31.0,399.6,99.4,399.6,1.0,9880.36,3.590309538277328,0.6448386289919102,0.6448386289919102,3.6,31.0,0.17912184138664172,0.17912184138664172,1.2715183170969417,1.2715183170969417
1890-04-01,2.6666666666666665,30,30.0,180.95,70.3,180.95,1.0,4942.089999999999,2.455945167683242,0.4483921894453064,0.4483921894453064,2.5,30.0,0.17935687577812257,0.17935687577812257,1.143434135522165,1.143434135522165
1890-05-01,7.935483870967742,31,31.0,376.38,96.0,376.38,1.0,9216.0,3.4844354381421168,0.6258230792603127,0.6258230792603127,3.5,31.0,0.17880659407437505,0.17880659407437505,1.2891809828929297,1.2891809828929297
1890-06-01,2.2,30,30.0,175.75,68.9,175.75,1.0,4747.210000000001,2.4203994160744076,0.4419024527854284,0.4419024527854284,2.4,30.0,0.1841260219939285,0.1841260219939285,1.095547155613305,1.095547155613305
1890-07-01,19.322580645161292,31,31.0,795.6600000000001,142.0,795.6600000000001,1.0,20164.0,5.066206826897539,0.9099176072750413,0.9099176072750413,5.1,31.0,0.1784152171127532,0.1784152171127532,1.2494591689323915,1.2494591689323915
1890-08-01,14.161290322580646,31,31.0,610.93,117.3,610.93,1.0,13759.289999999999,4.439303926837935,0.7973225225683751,0.7973225225683751,4.4,31.0,0.18120966422008525,0.18120966422008525,1.3685379773599144,1.3685379773599144
1890-09-01,28.633333333333333,30,30.0,1097.68,170.2,1097.68,1.0,28968.039999999997,6.0489117478545955,1.1043751375526545,1.1043751375526545,6.0,30.0,0.18406252292544242,0.18406252292544242,1.1231401388428426,1.1231401388428426
1890-10-01,18.612903225806452,31,31.0,766.87,134.5,766.87,1.0,18090.25,4.973705051114699,0.8933037978975514,0.8933037978975514,5.0,31.0,0.17866075957951028,0.17866075957951028,1.3425861465834035,1.3425861465834035
1890-11-01,15.933333333333334,30,30.0,653.86,125.4,653.86,1.0,15725.160000000002,4.668547240130845,0.8523562113993839,0.8523562113993839,4.7,30.0,0.1813523854041242,0.1813523854041242,1.27574529071812,1.27574529071812
1890-12-01,13.064516129032258,31,31.0,541.91,116.1,541.91,1.0,13479.21,4.18102472390866,0.7509342083190279,0.7509342083190279,4.2,31.0,0.17879385912357806,0.17879385912357806,1.2684354540746525,1.2684354540746525
1891-01-01,22.548387096774192,31,31.0,924.87,147.3,924.87,1.0,21697.290000000005,5.462098143482252,0.9810217867600163,0.9810217867600163,5.5,31.0,0.17836759759273024,0.17836759759273024,1.3549398673818454,1.3549398673818454
1891-02-01,36.92857142857143,28,28.0,1317.08,178.4,1317.08,1.0,31826.56,6.858467134030127,1.296128457982401,1.296128457982401,6.9,28.0,0.18784470405542045,0.18784470405542045,1.1802613482760111,1.1802613482760111
1891-03-01,17.193548387096776,31,31.0,694.85,138.7,694.85,1.0,19237.689999999995,4.734397124136532,0.8503228253952362,0.8503228253952362,4.7,31.0,0.1809197500840928,0.1809197500840928,1.1073621947878538,1.1073621947878538
1891-04-01,34.233333333333334,30,30.0,1300.96,189.6,1300.96,1.0,35948.159999999996,6.5852360119689966,1.2022941034169263,1.2022941034169263,6.6,30.0,0.18216577324498884,0.18216577324498884,1.0939712299983837,1.0939712299983837
1891-05-01,68.48387096774194,31,31.0,2678.89,281.3,2678.89,1.0,79129.69,9.296010243734292,1.6696127274698909,1.6696127274698909,9.3,31.0,0.17952825026557964,0.17952825026557964,1.0521538034919191,1.0521538034919191
1891-06-01,80.43333333333334,30,30.0,3044.5,293.2,3044.5,1.0,85966.23999999999,10.073893653068476,1.8392329318979088,1.8392329318979088,10.1,30.0,0.1821022704849415,0.1821022704849415,1.0704611360060703,1.0704611360060703
1891-07-01,98.0,31,31.0,3824.81,332.7,3824.81,1.0,110689.29,11.107698579901035,1.9950015582655043,1.9950015582655043,11.1,31.0,0.1797298701140094,0.1797298701140094,1.07219910675652,1.07219910675652
1891-08-01,55.064516129032256,31,31.0,2158.54,243.8,2158.54,1.0,59438.44,8.344478568529322,1.4987125935566592,1.4987125935566592,8.3,31.0,0.18056778235622398,0.18056778235622398,1.1181016377472728,1.1181016377472728
1891-09-01,89.73333333333333,30,30.0,3404.34,310.6,3404.34,1.0,96472.36000000002,10.652605315133007,1.9448907424325923,1.9448907424325923,10.7,30.0,0.18176548994697125,0.18176548994697125,1.0705789163667603,1.0705789163667603
1891-10-01,86.0,31,31.0,3362.4500000000003,316.9,3362.4500000000003,1.0,100425.60999999999,10.414707342612084,1.8705366577903135,1.8705366577903135,10.4,31.0,0.17985929401829936,0.17985929401829936,1.0362253814938647,1.0362253814938647
1891-11-01,69.83333333333333,30,30.0,2650.42,276.6,2650.42,1.0,76507.56000000001,9.39932621698669,1.7160743314644362,1.7160743314644362,9.4,30.0,0.1825610990919613,0.1825610990919613,1.0408415489687253,1.0408415489687253
1891-12-01,54.25806451612903,31,31.0,2125.91,245.9,2125.91,1.0,60466.810000000005,8.281167908905354,1.487341663413382,1.487341663413382,8.3,31.0,0.17919779077269662,0.17919779077269662,1.0983269027389018,1.0983269027389018
1892-01-01,115.2258064516129,31,31.0,4510.03,364.3,4510.03,1.0,132714.49000000002,12.061709609739301,2.1663469974164804,2.1663469974164804,12.1,31.0,0.17903694193524633,0.17903694193524633,1.0622873806418278,1.0622873806418278
1892-02-01,126.06896551724138,29,29.0,4620.75,354.9,4620.75,1.0,125954.00999999998,12.622844643603585,2.3440034048503553,2.3440034048503553,12.6,29.0,0.1860320162579647,0.1860320162579647,1.0623336915203632,1.0623336915203632
1892-03-01,83.25806451612904,31,31.0,3261.64,308.8,3261.64,1.0,95357.44,10.257397016221372,1.842282889106979,1.842282889106979,10.3,31.0,0.17886241641815329,0.17886241641815329,1.0716107574938272,1.0716107574938272
1892-04-01,116.03333333333333,30,30.0,4394.8,350.4,4394.8,1.0,122780.15999999999,12.103443036315465,2.2097762581562668,2.2097762581562668,12.1,30.0,0.182626137037708,0.182626137037708,1.0759286452311334,1.0759286452311334
1892-05-01,132.70967741935485,31,31.0,5191.01,396.1,5191.01,1.0,156895.21000000002,12.940322078057832,2.3241504551533203,2.3241504551533203,12.9,31.0,0.18016670194986978,0.18016670194986978,1.019938801958021,1.019938801958021
1892-06-01,127.3,30,30.0,4819.39,373.3,4819.39,1.0,139352.89,12.674633459525895,2.3140608846306914,2.3140608846306914,12.7,30.0,0.1822095184748576,0.1822095184748576,1.0431722210453158,1.0431722210453158
1892-07-01,127.58064516129032,31,31.0,4991.77,385.90000000000003,4991.77,1.0,148918.81000000003,12.689556284980078,2.2791115891496068,2.2791115891496068,12.7,31.0,0.17945760544485093,0.17945760544485093,1.0422497398681998,1.0422497398681998
1892-08-01,169.0,31,31.0,6613.0199999999995,447.59999999999997,6613.0199999999995,1.0,200345.75999999998,14.60558885517635,2.623241197612846,2.623241197612846,14.6,31.0,0.17967405463101685,0.17967405463101685,1.0232330374308443,1.0232330374308443
1892-09-01,104.66666666666667,30,30.0,3959.86,340.0,3959.86,1.0,115600.0,11.488922200682419,2.0975806169118854,2.0975806169118854,11.5,30.0,0.18239831451407698,0.18239831451407698,1.0306789296394647,1.0306789296394647
1892-10-01,117.48387096774194,31,31.0,4606.52,368.6,4606.52,1.0,135865.96000000002,12.190054116157103,2.189398351255127,2.189398351255127,12.2,31.0,0.17945888125042025,0.17945888125042025,1.0546191572964194,1.0546191572964194
1892-11-01,108.9,30,30.0,4121.65,347.3,4121.65,1.0,120617.29000000001,11.721276949775282,2.1400025960524234,2.1400025960524234,11.7,30.0,0.18290620479080544,0.18290620479080544,1.0221785982720037,1.0221785982720037
1892-12-01,131.03225806451613,31,31.0,5124.59,384.5,5124.59,1.0,147840.25,12.857268560573418,2.3092336030611462,2.3092336030611462,12.9,31.0,0.17901035682644545,0.17901035682644545,1.0846421478904278,1.0846421478904278
1893-01-01,125.0,31,31.0,3084.08,299.8,3084.08,1.0,89880.04000000001,9.9742895292298,1.7914352833998166,1.7914352833998166,10.0,31.0,0.17914352833998165,0.17914352833998165,1.0716618607594177,1.0716618607594177
1893-02-01,121.64285714285714,28,28.0,2706.22,272.8,2706.22,1.0,74419.84000000001,9.831109514480767,1.8579050633683616,1.8579050633683616,9.8,28.0,0.1895821493233022,0.1895821493233022,1.0122085595455927,1.0122085595455927
1893-03-01,109.54838709677419,31,31.0,2706.35,284.9,2706.35,1.0,81168.00999999998,9.343533213042367,1.6781481047256768,1.6781481047256768,9.3,31.0,0.1804460327662018,0.1804460327662018,1.024838628191145,1.024838628191145
1893-04-01,146.8,30,30.0,3501.85,319.7,3501.85,1.0,102208.09,10.80408873220381,1.9725477039718062,1.9725477039718062,10.8,30.0,0.18264330592331537,0.18264330592331537,1.0280418948184027,1.0280418948184027
1893-05-01,141.29032258064515,31,31.0,3480.38,322.8,3480.38,1.0,104199.84000000001,10.595769088680877,1.903056307378494,1.903056307378494,10.6,31.0,0.1795336139036315,0.1795336139036315,1.0375113210495768,1.0375113210495768
1893-06-01,149.83333333333334,30,30.0,3578.96,323.4,3578.96,1.0,104587.55999999998,10.922392900214982,1.9941469911273397,1.9941469911273397,10.9,30.0,0.18294926524104033,0.18294926524104033,1.0231806004637232,1.0231806004637232
1893-07-01,147.58064516129033,31,31.0,3650.44,325.4,3650.44,1.0,105885.15999999999,10.851549614329654,1.9489958459402101,1.9489958459402101,10.9,31.0,0.17880695834313853,0.17880695834313853,1.0811001389743133,1.0811001389743133
1893-08-01,215.3548387096774,31,31.0,5304.27,397.7,5304.27,1.0,158165.28999999998,13.080729485428852,2.3493683699609886,2.3493683699609886,13.1,31.0,0.17934109694358694,0.17934109694358694,1.044170318894902,1.044170318894902
1893-09-01,129.86666666666667,30,30.0,3096.06,303.0,3096.06,1.0,91809.0,10.158838516287185,1.8547416711409346,1.8547416711409346,10.2,30.0,0.1818374187393073,0.1818374187393073,1.0205945152984446,1.0205945152984446
1893-10-01,133.25806451612902,31,31.0,3286.76,316.6,3286.76,1.0,100235.56000000001,10.296820680629155,1.8493635882599413,1.8493635882599413,10.3,31.0,0.17954986293785838,0.17954986293785838,1.0177096570560957,1.0177096570560957
1893-11-01,125.2,30,30.0,2989.48,291.8,2989.48,1.0,85147.24,9.982451268768274,1.8225379130334831,1.8225379130334831,10.0,30.0,0.18225379130334832,0.18225379130334832,1.0590663620819263,1.0590663620819263
1893-12-01,156.3548387096774,31,31.0,3864.81,333.5,3864.81,1.0,111222.25,11.165629866809155,2.0054063245474367,2.0054063245474367,11.2,31.0,0.17905413612030685,0.17905413612030685,1.08686486935605,1.08686486935605
1894-01-01,138.61290322580646,31,31.0,3418.86,320.4,3418.86,1.0,102656.15999999999,10.501704930705914,1.886161885875507,1.886161885875507,10.5,31.0,0.17963446532147684,0.17963446532147684,1.033194071180897,1.033194071180897
1894-02-01,141.03571428571428,28,28.0,3137.53,294.1,3137.53,1.0,86494.81000000001,10.58558656178971,2.0004878231602023,2.0004878231602023,10.6,28.0,0.18872526633586814,0.18872526633586814,1.0191396600272944,1.0191396600272944
1894-03-01,87.09677419354838,31,31.0,2148.84,251.4,2148.84,1.0,63201.96000000001,8.325708339525155,1.4953413609072541,1.4953413609072541,8.3,31.0,0.18016160974786194,0.18016160974786194,1.0491593222426634,1.0491593222426634
1894-04-01,136.03333333333333,30,30.0,3244.33,306.9,3244.33,1.0,94187.60999999999,10.399246767594917,1.8986340118914733,1.8986340118914733,10.4,30.0,0.1825609626818724,0.1825609626818724,1.0347072373021957,1.0347072373021957
1894-05-01,168.67741935483872,31,31.0,4162.64,356.0,4162.64,1.0,126736.0,11.587869074054097,2.0812427248922103,2.0812427248922103,11.6,31.0,0.17941747628381124,0.17941747628381124,1.0210172911960642,1.0210172911960642
1894-06-01,164.8,30,30.0,3933.66,339.4,3933.66,1.0,115192.35999999999,11.450851496722851,2.0906298891323,2.0906298891323,11.5,30.0,0.1817939034028087,0.1817939034028087,1.0344480027179899,1.0344480027179899
1894-07-01,176.67741935483872,31,31.0,4353.21,362.5,4353.21,1.0,131406.25,11.850153122734662,2.128350330672289,2.128350330672289,11.9,31.0,0.1788529689640579,0.1788529689640579,1.0368425659079077,1.0368425659079077
1894-08-01,117.09677419354838,31,31.0,2881.33,291.7,2881.33,1.0,85088.89,9.640857276832701,1.7315490830025682,1.7315490830025682,9.6,31.0,0.18036969614610085,0.18036969614610085,1.0422937987698455,1.0422937987698455
1894-09-01,110.0,30,30.0,2622.72,273.6,2622.72,1.0,74856.96,9.350080213559668,1.707083282483117,1.707083282483117,9.4,30.0,0.18160460451948052,0.18160460451948052,1.0646098027749722,1.0646098027749722
1894-10-01,125.6774193548387,31,31.0,3100.56,300.8,3100.56,1.0,90480.64000000001,10.000903185019293,1.796215237085925,1.796215237085925,10.0,31.0,0.1796215237085925,0.1796215237085925,1.0643093940861577,1.0643093940861577
1894-11-01,94.3,30,30.0,2250.55,257.1,2250.55,1.0,66100.41000000002,8.661312448661192,1.5813320685773469,1.5813320685773469,8.7,30.0,0.1817623067330284,0.1817623067330284,1.031645958190041,1.031645958190041
1894-12-01,100.12903225806451,31,31.0,2468.7200000000003,272.4,2468.7200000000003,1.0,74201.76,8.923907722083307,1.6027811416838411,1.6027811416838411,8.9,31.0,0.18008776872852147,0.18008776872852147,1.0267526651595975,1.0267526651595975
1895-01-01,105.41935483870968,31,31.0,2596.03,276.3,2596.03,1.0,76341.69,9.151114862452905,1.6435887487525627,1.6435887487525627,9.2,31.0,0.17865095095136552,0.17865095095136552,1.0677646657443975,1.0677646657443975
1895-02-01,112.0,28,28.0,2493.45,260.3,2493.45,1.0,67756.09000000001,9.43672537029057,1.7833734657573401,1.7833734657573401,9.4,28.0,0.1897205814635468,0.1897205814635468,1.0232621604029501,1.0232621604029501
1895-03-01,101.61290322580645,31,31.0,2504.71,277.1,2504.71,1.0,76784.41000000002,8.988720530431099,1.61442186570235,1.61442186570235,9.0,31.0,0.1793802073002611,0.1793802073002611,1.0142244785587446,1.0142244785587446
1895-04-01,128.2,30,30.0,3057.65,300.5,3057.65,1.0,90300.25,10.095626115633774,1.8432007185569586,1.8432007185569586,10.1,30.0,0.1824951206492038,0.1824951206492038,1.0172937303565,1.0172937303565
1895-05-01,112.45161290322581,31,31.0,2767.41,282.5,2767.41,1.0,79806.25,9.448348550015535,1.6969734949797806,1.6969734949797806,9.4,31.0,0.18052909521061494,0.18052909521061494,1.0663004531220877,1.0663004531220877
1895-06-01,119.13333333333334,30,30.0,2838.07,290.5,2838.07,1.0,84390.25,9.72637308215829,1.7757846466030478,1.7757846466030478,9.7,30.0,0.18307058212402555,0.18307058212402555,1.003565202058363,1.003565202058363
1895-07-01,79.6774193548387,31,31.0,1963.81,237.7,1963.81,1.0,56501.28999999999,7.9591902651852315,1.42951277146716,1.42951277146716,8.0,31.0,0.178689096433395,0.178689096433395,1.0917297608910423,1.0917297608910423
1895-08-01,114.93548387096774,31,31.0,2832.57,289.3,2832.57,1.0,83694.49,9.558934344708703,1.7168352900355184,1.7168352900355184,9.6,31.0,0.17883700937869984,0.17883700937869984,1.0602418295286582,1.0602418295286582
1895-09-01,96.13333333333334,30,30.0,2301.33,258.5,2301.33,1.0,66822.25,8.75848160356577,1.5990726479223305,1.5990726479223305,8.8,30.0,0.18171280090026481,0.18171280090026481,1.0445398174731546,1.0445398174731546
1895-10-01,113.16129032258064,31,31.0,2791.89,280.9,2791.89,1.0,78904.80999999998,9.49004571864306,1.7044625275447889,1.7044625275447889,9.5,31.0,0.17941710816260936,0.17941710816260936,1.1028135564894899,1.1028135564894899
1895-11-01,78.63333333333334,30,30.0,1881.05,226.3,1881.05,1.0,51211.69,7.918438398236527,1.445702443643074,1.445702443643074,7.9,30.0,0.1830003093219081,0.1830003093219081,1.1004914998062056,1.1004914998062056
1895-12-01,117.87096774193549,31,31.0,2901.95,295.3,2901.95,1.0,87202.09000000001,9.675292777098823,1.7377338814283076,1.7377338814283076,9.7,31.0,0.1791478228276606,0.1791478228276606,1.0381778725397133,1.0381778725397133
1896-01-01,48.354838709677416,31,31.0,1189.19,184.1,1189.19,1.0,33892.81,6.193623151430468,1.1124075567526945,1.1124075567526945,6.2,31.0,0.17942057366978945,0.17942057366978945,1.09320160887388,1.09320160887388
1896-02-01,95.6896551724138,29,29.0,2204.81,244.9,2204.81,1.0,59976.01,8.719399694616754,1.619151874992741,1.619151874992741,8.7,29.0,0.18610941091870586,0.18610941091870586,1.063687096684853,1.063687096684853
1896-03-01,86.48387096774194,31,31.0,2140.08,249.4,2140.08,1.0,62200.36,8.308720642173343,1.4922902803936424,1.4922902803936424,8.3,31.0,0.179794009685981,0.179794009685981,1.066648540433045,1.066648540433045
1896-04-01,73.0,30,30.0,1752.34,212.6,1752.34,1.0,45198.759999999995,7.642730751068844,1.3953653444329355,1.3953653444329355,7.6,30.0,0.18360070321485994,0.18360070321485994,1.1561748931212286,1.1561748931212286
1896-05-01,46.096774193548384,31,31.0,1140.9,181.6,1140.9,1.0,32978.56,6.0665662286380435,1.0895874597599686,1.0895874597599686,6.1,31.0,0.17862089504261783,0.17862089504261783,1.087325827337813,1.087325827337813
1896-06-01,81.7,30,30.0,1945.42,235.6,1945.42,1.0,55507.36,8.052784197613477,1.4702305185846805,1.4702305185846805,8.1,30.0,0.18150994056600994,0.18150994056600994,1.066122324919523,1.066122324919523
1896-07-01,75.16129032258064,31,31.0,1851.15,233.1,1851.15,1.0,54335.61,7.727516815189228,1.3879029915090428,1.3879029915090428,7.7,31.0,0.18024714175442114,0.18024714175442114,1.05034023404261,1.05034023404261
1896-08-01,45.41935483870968,31,31.0,1126.44,179.8,1126.44,1.0,32328.040000000005,6.02799918659155,1.0826606145249287,1.0826606145249287,6.0,31.0,0.18044343575415478,0.18044343575415478,1.0726872980872773,1.0726872980872773
1896-09-01,102.2,30,30.0,2435.7599999999998,258.2,2435.7599999999998,1.0,66667.23999999999,9.010660353159473,1.6451139778143034,1.6451139778143034,9.0,30.0,0.18279044197936703,0.18279044197936703,1.0970359082493508,1.0970359082493508
1896-10-01,47.87096774193548,31,31.0,1184.62,182.8,1184.62,1.0,33415.840000000004,6.1817107977562955,1.110268034873195,1.110268034873195,6.2,31.0,0.17907548949567662,0.17907548949567662,1.109366012208039,1.109366012208039
1896-11-01,63.333333333333336,30,30.0,1510.15,205.1,1510.15,1.0,42066.009999999995,7.094951256586146,1.2953549492106187,1.2953549492106187,7.1,30.0,0.18244435904374912,0.18244435904374912,1.081442977660935,1.081442977660935
1896-12-01,71.0,31,31.0,1750.35,230.1,1750.35,1.0,52946.009999999995,7.514180143289516,1.3495865941191083,1.3495865941191083,7.5,31.0,0.17994487921588112,0.17994487921588112,1.0216862132454196,1.0216862132454196
1897-01-01,67.64516129032258,31,31.0,1668.56,223.4,1668.56,1.0,49907.560000000005,7.336519347008652,1.3176777731447662,1.3176777731447662,7.3,31.0,0.18050380454037893,0.18050380454037893,1.027034764402247,1.027034764402247
1897-02-01,48.964285714285715,28,28.0,1087.07,162.5,1087.07,1.0,26406.25,6.230885055225186,1.1775265931396286,1.1775265931396286,6.2,28.0,0.1899236440547788,0.1899236440547788,1.1473471889689952,1.1473471889689952
1897-03-01,48.67741935483871,31,31.0,1200.94,185.6,1200.94,1.0,34447.36,6.224146527838174,1.1178897169912776,1.1178897169912776,6.2,31.0,0.1803047930631093,0.1803047930631093,1.0749999548823603,1.0749999548823603
1897-04-01,51.666666666666664,30,30.0,1242.24,176.4,1242.24,1.0,31116.960000000003,6.434904816700866,1.174847507835237,1.174847507835237,6.4,30.0,0.18356992309925577,0.18356992309925577,1.192371342727229,1.192371342727229
1897-05-01,33.25806451612903,31,31.0,843.5,151.2,843.5,1.0,22861.439999999995,5.216289621882094,0.9368732729972649,0.9368732729972649,5.2,31.0,0.18016793711485862,0.18016793711485862,1.1418842998027976,1.1418842998027976
1897-06-01,18.933333333333334,30,30.0,471.76,113.8,471.76,1.0,12950.439999999999,3.9655180409794295,0.7240012277460431,0.7240012277460431,4.0,30.0,0.18100030693651079,0.18100030693651079,1.1161629274891256,1.1161629274891256
1897-07-01,46.064516129032256,31,31.0,1135.21,185.9,1135.21,1.0,34558.810000000005,6.051419454917568,1.0868670188911713,1.0868670188911713,6.1,31.0,0.17817492112970024,0.17817492112970024,1.0359027752845291,1.0359027752845291
1897-08-01,36.354838709677416,31,31.0,895.14,162.0,895.14,1.0,26244.0,5.373591338292087,0.9651254952824118,0.9651254952824118,5.4,31.0,0.17872694357081698,0.17872694357081698,1.0701712029653405,1.0701712029653405
1897-09-01,80.36666666666666,30,30.0,1917.2,233.2,1917.2,1.0,54382.24,7.994164538378396,1.459528082025907,1.459528082025907,8.0,30.0,0.18244101025323836,0.18244101025323836,1.0613315076096388,1.0613315076096388
1897-10-01,23.903225806451612,31,31.0,615.99,128.9,615.99,1.0,16615.210000000003,4.457650183817739,0.8006176075942937,0.8006176075942937,4.5,31.0,0.17791502390984304,0.17791502390984304,1.1778236689038588,1.1778236689038588
1897-11-01,14.0,30,30.0,364.54,99.4,364.54,1.0,9880.36,3.485876264776668,0.6364310209633441,0.6364310209633441,3.5,30.0,0.18183743456095547,0.18183743456095547,1.1202881096952233,1.1202881096952233
1897-12-01,55.45161290322581,31,31.0,1373.29,194.5,1373.29,1.0,37830.25,6.655800283914387,1.1954170202223375,1.1954170202223375,6.7,31.0,0.17842045077945337,0.17842045077945337,1.1456248683378976,1.1456248683378976
1898-01-01,50.354838709677416,31,31.0,1245.85,189.1,1245.85,1.0,35758.81,6.33945657587615,1.13860001299586,1.13860001299586,6.3,31.0,0.18073016079299364,0.18073016079299364,1.0690546391848164,1.0690546391848164
1898-02-01,60.67857142857143,28,28.0,1360.1799999999998,183.4,1360.1799999999998,1.0,33635.560000000005,6.969781714146945,1.3171649362884494,1.3171649362884494,7.0,28.0,0.1881664194697785,0.1881664194697785,1.1481141352944564,1.1481141352944564
1898-03-01,63.87096774193548,31,31.0,1593.3,198.0,1593.3,1.0,39204.0,7.169154356934183,1.2876181335537333,1.2876181335537333,7.2,31.0,0.17883585188246295,0.17883585188246295,1.2822133063197443,1.2822133063197443
1898-04-01,24.2,30,30.0,614.95,124.9,614.95,1.0,15600.010000000002,4.527508512784193,0.8266061805828565,0.8266061805828565,4.5,30.0,0.1836902623517459,0.1836902623517459,1.175173806444552,1.175173806444552
1898-05-01,43.0,31,31.0,1062.28,177.8,1062.28,1.0,31612.840000000004,5.853810449117185,1.051375393721183,1.051375393721183,5.9,31.0,0.17819921927477675,0.17819921927477675,1.0602139535249109,1.0602139535249109
1898-06-01,37.13333333333333,30,30.0,888.4000000000001,157.2,888.4000000000001,1.0,24711.839999999997,5.441813423238005,0.9935346552139543,0.9935346552139543,5.4,30.0,0.18398789911369523,0.18398789911369523,1.064313130261625,1.064313130261625
1898-07-01,15.03225806451613,31,31.0,414.51,104.9,414.51,1.0,11004.010000000002,3.656677497754026,0.6567586663986233,0.6567586663986233,3.7,31.0,0.1775023422698982,0.1775023422698982,1.2032277255772226,1.2032277255772226
1898-08-01,52.29032258064516,31,31.0,1301.8,188.8,1301.8,1.0,35645.44,6.48024292654965,1.1638859880298216,1.1638859880298216,6.5,31.0,0.1790593827738187,0.1790593827738187,1.1443297798369654,1.1443297798369654
1898-09-01,58.06666666666667,30,30.0,1385.25,196.1,1385.25,1.0,38455.21,6.795218907437787,1.2406315595964286,1.2406315595964286,6.8,30.0,0.18244581758771009,0.18244581758771009,1.085265535759952,1.085265535759952
1898-10-01,57.12903225806452,31,31.0,1413.95,202.1,1413.95,1.0,40844.409999999996,6.753613130952989,1.2129847261568045,1.2129847261568045,6.8,31.0,0.17838010678776536,0.17838010678776536,1.091102918910913,1.091102918910913
1898-11-01,51.6,30,30.0,1228.79,179.7,1228.79,1.0,32292.089999999997,6.399973958280351,1.1684700347985917,1.1684700347985917,6.4,30.0,0.18257344293727995,0.18257344293727995,1.1471804347896073,1.1471804347896073
1898-12-01,21.06451612903226,31,31.0,546.03,122.7,546.03,1.0,15055.29,4.196888248183639,0.7537833813876448,0.7537833813876448,4.2,31.0,0.17947223366372494,0.17947223366372494,1.1307268599501286,1.1307268599501286
1899-01-01,32.38709677419355,31,31.0,807.4200000000001,150.4,807.4200000000001,1.0,22620.160000000003,5.103509229110192,0.9166173164907692,0.9166173164907692,5.1,31.0,0.17972888558642533,0.17972888558642533,1.1089019536289337,1.1089019536289337
1899-02-01,15.321428571428571,28,28.0,381.29,95.3,381.29,1.0,9082.09,3.690189697021008,0.6973803020693127,0.6973803020693127,3.7,28.0,0.18848116272143584,0.18848116272143584,1.1897377252666423,1.1897377252666423
1899-03-01,30.258064516129032,31,31.0,760.94,143.4,760.94,1.0,20563.56,4.954437567767226,0.8898432557316327,0.8898432557316327,5.0,31.0,0.17796865114632654,0.17796865114632654,1.1747970723065937,1.1747970723065937
1899-04-01,23.633333333333333,30,30.0,568.93,128.1,568.93,1.0,16409.609999999997,4.354805774467253,0.7950751187431565,0.7950751187431565,4.4,30.0,0.18069889062344466,0.18069889062344466,1.064037023663126,1.064037023663126
1899-05-01,12.903225806451612,31,31.0,344.15999999999997,99.2,344.15999999999997,1.0,9840.640000000001,3.331956704981469,0.5984370903383344,0.5984370903383344,3.3,31.0,0.1813445728297983,0.1813445728297983,1.065777003689788,1.065777003689788
1899-06-01,34.13333333333333,30,30.0,823.36,149.6,823.36,1.0,22380.16,5.238829385782031,0.9564750098379176,0.9564750098379176,5.2,30.0,0.18393750189190722,0.18393750189190722,1.090729607362874,1.090729607362874
1899-07-01,22.548387096774192,31,31.0,592.53,126.3,592.53,1.0,15951.689999999999,4.371941327115671,0.7852238424999491,0.7852238424999491,4.4,31.0,0.1784599642045339,0.1784599642045339,1.1727483794686693,1.1727483794686693
1899-08-01,4.903225806451613,31,31.0,215.74,76.4,215.74,1.0,5836.960000000001,2.638058914942894,0.4738093681827445,0.4738093681827445,2.6,31.0,0.18223437237797865,0.18223437237797865,1.1173054959599518,1.1173054959599518
1899-09-01,14.0,30,30.0,375.96,95.8,375.96,1.0,9177.64,3.540056496724311,0.6463229326995393,0.6463229326995393,3.5,30.0,0.18466369505701125,0.18466369505701125,1.2098872033520873,1.2098872033520873
1899-10-01,21.70967741935484,31,31.0,599.17,115.3,599.17,1.0,13294.09,4.396369469929596,0.7896112664679972,0.7896112664679972,4.4,31.0,0.1794571060154539,0.1794571060154539,1.4183460785889161,1.4183460785889161
1899-11-01,13.033333333333333,30,30.0,351.78000000000003,96.4,351.78000000000003,1.0,9292.960000000001,3.424324750954559,0.6251933034403573,0.6251933034403573,3.4,30.0,0.18388038336481097,0.18388038336481097,1.1242610035811824,1.1242610035811824
1899-12-01,17.580645161290324,31,31.0,464.66,111.8,464.66,1.0,12499.24,3.8715671578915583,0.6953539887100558,0.6953539887100558,3.9,31.0,0.17829589454103997,0.17829589454103997,1.1759571169081098,1.1759571169081098
1900-01-01,15.67741935483871,31,31.0,425.2,106.8,425.2,1.0,11406.24,3.703529267098893,0.665173492582297,0.665173492582297,3.7,31.0,0.179776619616837,0.179776619616837,1.1593519375214008,1.1593519375214008
1900-02-01,22.821428571428573,28,28.0,559.08,107.6,559.08,1.0,11577.759999999998,4.468460904734745,0.8444597355102014,0.8444597355102014,4.5,28.0,0.18765771900226697,0.18765771900226697,1.3900866528477098,1.3900866528477098
1900-03-01,14.35483870967742,31,31.0,406.78,102.4,406.78,1.0,10485.760000000002,3.622421218449197,0.6506060570077661,0.6506060570077661,3.6,31.0,0.18072390472437946,0.18072390472437946,1.195337226584436,1.195337226584436
1900-04-01,26.766666666666666,30,30.0,646.26,126.6,646.26,1.0,16027.559999999998,4.64133601455443,0.8473881440441957,0.8473881440441957,4.6,30.0,0.18421481392265127,0.18421481392265127,1.1961108618907375,1.1961108618907375
1900-05-01,25.322580645161292,31,31.0,663.2,129.0,663.2,1.0,16641.0,4.625316031050935,0.830731282726187,0.830731282726187,4.6,31.0,0.1805937571143885,0.1805937571143885,1.2311807633090912,1.2311807633090912
1900-06-01,20.133333333333333,30,30.0,521.21,114.3,521.21,1.0,13064.49,4.168173061026457,0.7610008030365161,0.7610008030365161,4.2,30.0,0.18119066738964668,0.18119066738964668,1.2241447213169125,1.2241447213169125
1900-07-01,13.935483870967742,31,31.0,397.27,102.1,397.27,1.0,10424.409999999998,3.5798269916746785,0.6429559080433316,0.6429559080433316,3.6,31.0,0.17859886334536987,0.17859886334536987,1.2024655086096339,1.2024655086096339
1900-08-01,7.129032258064516,31,31.0,262.99,82.3,262.99,1.0,6773.29,2.9126531525564068,0.5231279491641315,0.5231279491641315,2.9,31.0,0.18038894798763155,0.18038894798763155,1.2010229943320585,1.2010229943320585
1900-09-01,13.866666666666667,30,30.0,380.87,98.5,380.87,1.0,9702.25,3.563097903042613,0.6505296986985981,0.6505296986985981,3.6,30.0,0.18070269408294393,0.18070269408294393,1.2104570353316784,1.2104570353316784
1900-10-01,21.612903225806452,31,31.0,562.71,122.7,562.71,1.0,15055.29,4.260508829221102,0.7652099750599972,0.7652099750599972,4.3,31.0,0.17795580815348774,0.17795580815348774,1.1872406431429048,1.1872406431429048
1900-11-01,7.533333333333333,30,30.0,244.12,81.2,244.12,1.0,6593.4400000000005,2.8526011521650436,0.5208113328686738,0.5208113328686738,2.9,30.0,0.1795901147823013,0.1795901147823013,1.1536479497017003,1.1536479497017003
1900-12-01,0.4838709677419355,31,31.0,129.0,63.0,129.0,1.0,3969.0,2.0399240972596617,0.36638118360001765,0.36638118360001765,2.0,31.0,0.18319059180000882,0.18319059180000882,0.9674479166666666,0.9674479166666666
1901-01-01,0.3870967741935484,31,31.0,129.0,63.0,129.0,1.0,3969.0,2.0399240972596617,0.36638118360001765,0.36638118360001765,2.0,31.0,0.18319059180000882,0.18319059180000882,0.9674479166666666,0.9674479166666666
1901-02-01,4.035714285714286,28,28.0,167.34,66.2,167.34,1.0,4382.4400000000005,2.4446735101907926,0.46199986747944033,0.46199986747944033,2.4,28.0,0.19249994478310015,0.19249994478310015,1.0316481222272307,1.0316481222272307
1901-03-01,7.387096774193548,31,31.0,274.34,83.8,274.34,1.0,7022.44,2.9748407384858164,0.5342971693172991,0.5342971693172991,3.0,31.0,0.1780990564390997,0.1780990564390997,1.2410397000637217,1.2410397000637217
1901-04-01,0.0,30,30.0,120.0,60.0,120.0,1.0,3600.0,2.0,0.36514837167011077,0.36514837167011077,2.0,30.0,0.18257418583505539,0.18257418583505539,1.0,1.0
1901-05-01,17.0,31,31.0,490.78000000000003,108.2,490.78000000000003,1.0,11707.24,3.97889594023591,0.7146308070791791,0.7146308070791791,4.0,31.0,0.17865770176979479,0.17865770176979479,1.3270871558406128,1.3270871558406128
1901-06-01,9.666666666666666,30,30.0,291.33,87.9,291.33,1.0,7726.410000000001,3.1162477436814937,0.5689463946629769,0.5689463946629769,3.1,30.0,0.1835310950525732,0.1835310950525732,1.1240860891880116,1.1240860891880116
1901-07-01,1.1612903225806452,31,31.0,139.0,65.0,139.0,1.0,4225.0,2.1175152815840397,0.3803169716952127,0.3803169716952127,2.1,31.0,0.1811033198548632,0.1811033198548632,1.003184043073911,1.003184043073911
1901-08-01,1.7096774193548387,31,31.0,147.96,66.6,147.96,1.0,4435.5599999999995,2.1846975135717193,0.39238325676219277,0.39238325676219277,2.2,31.0,0.1783560258009967,0.1783560258009967,1.0503031999253665,1.0503031999253665
1901-09-01,0.9333333333333333,30,30.0,135.14,62.8,135.14,1.0,3943.8399999999997,2.1224200024186226,0.3874991039416163,0.3874991039416163,2.1,30.0,0.18452338282934108,0.18452338282934108,1.0066059285320452,1.0066059285320452
1901-10-01,6.258064516129032,31,31.0,236.26999999999998,80.5,236.26999999999998,1.0,6480.25,2.7607268795057953,0.4958411850070742,0.4958411850070742,2.8,31.0,0.1770861375025265,0.1770861375025265,1.1688009891127134,1.1688009891127134
1901-11-01,6.4,30,30.0,215.65,77.9,215.65,1.0,6068.410000000001,2.6811067366543493,0.48950087958155003,0.48950087958155003,2.7,30.0,0.18129662206724073,0.18129662206724073,1.0841637107962738,1.0841637107962738
1901-12-01,0.0,31,31.0,124.0,62.0,124.0,1.0,3844.0,2.0,0.35921060405354976,0.35921060405354976,2.0,31.0,0.17960530202677488,0.17960530202677488,1.0,1.0
1902-01-01,9.290322580645162,31,31.0,308.71999999999997,89.6,308.71999999999997,1.0,8028.159999999999,3.1557423338129738,0.5667880549831587,0.5667880549831587,3.2,31.0,0.17712126718223706,0.17712126718223706,1.2347942337786164,1.2347942337786164
1902-02-01,0.0,28,28.0,112.0,56.0,112.0,1.0,3136.0,2.0,0.37796447300922725,0.37796447300922725,2.0,28.0,0.18898223650461363,0.18898223650461363,1.0,1.0
1902-03-01,20.677419354838708,31,31.0,577.27,114.7,577.27,1.0,13156.09,4.315276689069405,0.7750465730694116,0.7750465730694116,4.3,31.0,0.18024338908590967,0.18024338908590967,1.366711662938177,1.366711662938177
1902-04-01,0.0,30,30.0,120.0,60.0,120.0,1.0,3600.0,2.0,0.36514837167011077,0.36514837167011077,2.0,30.0,0.18257418583505539,0.18257418583505539,1.0,1.0
1902-05-01,4.67741935483871,31,31.0,195.66,75.6,195.66,1.0,5715.359999999999,2.5122923602211995,0.45122102813708775,0.45122102813708775,2.5,31.0,0.1804884112548351,0.1804884112548351,1.0527003279163725,1.0527003279163725
1902-06-01,2.4,30,30.0,156.38,66.6,156.38,1.0,4435.5599999999995,2.283126511314401,0.416839963961657,0.416839963961657,2.3,30.0,0.18123476693985088,0.18123476693985088,1.076051953879014,1.076051953879014
1902-07-01,1.5161290322580645,31,31.0,149.53,66.5,149.53,1.0,4422.25,2.1962578143507594,0.39445954807513267,0.39445954807513267,2.2,31.0,0.17929979457960574,0.17929979457960574,1.0535934954782904,1.0535934954782904
1902-08-01,3.774193548387097,31,31.0,180.10999999999999,72.7,180.10999999999999,1.0,5285.29,2.41039415863879,0.4329195708658938,0.4329195708658938,2.4,31.0,0.18038315452745574,0.18038315452745574,1.0489835813820472,1.0489835813820472
1902-09-01,12.633333333333333,30,30.0,372.83,95.1,372.83,1.0,9044.009999999998,3.5252895862136864,0.6436268760357631,0.6436268760357631,3.5,30.0,0.18389339315307515,0.18389339315307515,1.228456795960873,1.228456795960873
1902-10-01,27.193548387096776,31,31.0,684.39,136.9,684.39,1.0,18741.61,4.698627115891784,0.8438983422609382,0.8438983422609382,4.7,31.0,0.179552838778923,0.179552838778923,1.1377221964399835,1.1377221964399835
1902-11-01,17.166666666666668,30,30.0,477.67,105.7,477.67,1.0,11172.49,3.990279856518003,0.7285220960577959,0.7285220960577959,4.0,30.0,0.18213052401444899,0.18213052401444899,1.3017825451947767,1.3017825451947767
1902-12-01,1.8064516129032258,31,31.0,155.56,67.4,155.56,1.0,4542.760000000001,2.2401036842362974,0.4023344987785513,0.4023344987785513,2.2,31.0,0.18287931762661422,0.18287931762661422,1.0247264770240698,1.0247264770240698
1903-01-01,13.870967741935484,31,31.0,374.18,102.4,374.18,1.0,10485.760000000002,3.4742369781932205,0.6239913817809831,0.6239913817809831,3.5,31.0,0.17828325193742375,0.17828325193742375,1.1272293746377913,1.1272293746377913
1903-02-01,28.428571428571427,28,28.0,632.03,129.9,632.03,1.0,16874.010000000002,4.751052514969709,0.8978645300298449,0.8978645300298449,4.8,28.0,0.18705511042288436,0.18705511042288436,1.0732269095270404,1.0732269095270404
1903-03-01,22.483870967741936,31,31.0,595.09,122.1,595.09,1.0,14908.409999999998,4.381375538903647,0.7869182769575133,0.7869182769575133,4.4,31.0,0.17884506294488936,0.17884506294488936,1.2582594394591895,1.2582594394591895
1903-04-01,43.53333333333333,30,30.0,1044.69,166.9,1044.69,1.0,27855.61,5.901101592075839,1.0773888187031953,1.0773888187031953,5.9,30.0,0.18260827435647375,0.18260827435647375,1.1295513171498779,1.1295513171498779
1903-05-01,24.322580645161292,31,31.0,622.82,125.4,622.82,1.0,15725.160000000002,4.482294919116265,0.8050439327209554,0.8050439327209554,4.5,31.0,0.17889865171576788,0.17889865171576788,1.2473186274444885,1.2473186274444885
1903-06-01,27.2,30,30.0,674.16,128.6,674.16,1.0,16537.96,4.740464112299554,0.8654863757833895,0.8654863757833895,4.7,30.0,0.18414603740072116,0.18414603740072116,1.2107338720861336,1.2107338720861336
1903-07-01,46.354838709677416,31,31.0,1140.29,181.1,1140.29,1.0,32797.21,6.064944219619565,1.0892961383403146,1.0892961383403146,6.1,31.0,0.17857313743283845,0.17857313743283845,1.0935530051565343,1.0935530051565343
1903-08-01,48.0,31,31.0,1182.86,177.0,1182.86,1.0,31329.0,6.177116980723968,1.109442960977648,1.109442960977648,6.2,31.0,0.17894241306091097,0.17894241306091097,1.1861545126507076,1.1861545126507076
1903-09-01,18.5,30,30.0,480.97,111.1,480.97,1.0,12343.21,4.004039626843538,0.7310342749222578,0.7310342749222578,4.0,30.0,0.18275856873056445,0.18275856873056445,1.173389680195309,1.173389680195309
1903-10-01,64.7741935483871,31,31.0,1595.9299999999998,207.1,1595.9299999999998,1.0,42890.409999999996,7.1750688431000995,1.2886804066278958,1.2886804066278958,7.2,31.0,0.17898338980943,0.17898338980943,1.1677664908239553,1.1677664908239553
1903-11-01,74.23333333333333,30,30.0,1769.17,213.1,1769.17,1.0,45411.61,7.67934459008927,1.4020500862823855,1.4020500862823855,7.7,30.0,0.18208442678992018,0.18208442678992018,1.1821481567025127,1.1821481567025127
1903-12-01,76.16129032258064,31,31.0,1879.04,231.6,1879.04,1.0,53638.56,7.785511771771146,1.3983191932019683,1.3983191932019683,7.8,31.0,0.1792716914361498,0.1792716914361498,1.093290664210178,1.093290664210178
1904-01-01,52.61290322580645,31,31.0,1299.66,191.79999999999998,1299.66,1.0,36787.23999999999,6.4749143723320595,1.1629289514402052,1.1629289514402052,6.5,31.0,0.1789121463754162,0.1789121463754162,1.1075026812197397,1.1075026812197397
1904-02-01,40.793103448275865,29,29.0,944.9300000000001,161.3,944.9300000000001,1.0,26017.690000000002,5.708221535946926,1.0599901285071947,1.0599901285071947,5.7,29.0,0.1859631804398587,0.1859631804398587,1.0521043554837999,1.0521043554837999
1904-03-01,61.935483870967744,31,31.0,1525.61,210.7,1525.61,1.0,44394.49,7.015213881732445,1.2599696080109797,1.2599696080109797,7.0,31.0,0.1799956582872828,0.1799956582872828,1.062854686196607,1.062854686196607
1904-04-01,71.63333333333334,30,30.0,1710.3,221.8,1710.3,1.0,49195.240000000005,7.5504966724050675,1.37852578261465,1.37852578261465,7.6,30.0,0.18138497139666448,0.18138497139666448,1.058729357139337,1.058729357139337
1904-05-01,65.74193548387096,31,31.0,1621.06,220.0,1621.06,1.0,48400.0,7.231338608066706,1.2987867547596987,1.2987867547596987,7.2,31.0,0.18038704927218038,0.18038704927218038,1.0303179165667287,1.0303179165667287
1904-06-01,69.8,30,30.0,1666.58,219.4,1666.58,1.0,48136.36,7.45336612992188,1.3607922529010648,1.3607922529010648,7.5,30.0,0.18143896705347531,0.18143896705347531,1.0535539440901163,1.0535539440901163
1904-07-01,84.25806451612904,31,31.0,2077.85,249.1,2077.85,1.0,62050.81,8.187027504219019,1.47043354759677,1.47043354759677,8.2,31.0,0.17932116434106954,0.17932116434106954,1.0427997884379894,1.0427997884379894
1904-08-01,97.09677419354838,31,31.0,2388.93,263.9,2388.93,1.0,69643.20999999999,8.778511153066683,1.5766671469919533,1.5766671469919533,8.8,31.0,0.1791667212490856,0.1791667212490856,1.071023435237133,1.071023435237133
1904-09-01,50.166666666666664,30,30.0,1198.68,183.2,1198.68,1.0,33562.24,6.321075857795096,1.1540652783385639,1.1540652783385639,6.3,30.0,0.18318496481564506,0.18318496481564506,1.0667034158170485,1.0667034158170485
1904-10-01,90.35483870967742,31,31.0,2228.04,259.0,2228.04,1.0,67081.0,8.477750766831738,1.5226489869845368,1.5226489869845368,8.5,31.0,0.17913517493935727,0.17913517493935727,1.0362550915177966,1.0362550915177966
1904-11-01,63.36666666666667,30,30.0,1511.44,207.8,1511.44,1.0,43180.840000000004,7.09798093357071,1.2959080900194189,1.2959080900194189,7.1,30.0,0.18252226619991815,0.18252226619991815,1.0525123951868756,1.0525123951868756
1904-12-01,91.09677419354838,31,31.0,2247.31,251.5,2247.31,1.0,63252.25,8.514333266189546,1.5292193978305901,1.5292193978305901,8.5,31.0,0.17990816445065766,0.17990816445065766,1.1013032715055535,1.1013032715055535
1905-01-01,91.19354838709677,31,31.0,2252.52,254.0,2252.52,1.0,64516.0,8.524197058014964,1.5309909871405238,1.5309909871405238,8.5,31.0,0.18011658672241457,0.18011658672241457,1.0789588053863997,1.0789588053863997
1905-02-01,143.0,28,28.0,3184.75,293.7,3184.75,1.0,86259.68999999999,10.66494591775183,2.01548533173749,2.01548533173749,10.7,28.0,0.18836311511565326,0.18836311511565326,1.0421362928459532,1.0421362928459532
1905-03-01,94.25806451612904,31,31.0,2328.61,258.1,2328.61,1.0,66615.61000000002,8.666974767062797,1.5566346206967507,1.5566346206967507,8.7,31.0,0.1789235196203162,0.1789235196203162,1.0952366730443164,1.0952366730443164
1905-04-01,65.5,30,30.0,1560.55,213.5,1560.55,1.0,45582.25,7.212373626853599,1.3167932428610212,1.3167932428610212,7.2,30.0,0.18288795039736405,0.18288795039736405,1.0243913797059179,1.0243913797059179
1905-05-01,79.93548387096774,31,31.0,1972.94,236.6,1972.94,1.0,55979.56,7.9776704498526145,1.4328319106158558,1.4328319106158558,8.0,31.0,0.17910398882698197,0.17910398882698197,1.1022919042147057,1.1022919042147057
1905-06-01,81.56666666666666,30,30.0,1948.03,239.5,1948.03,1.0,57360.25,8.058184245432301,1.4712164279186724,1.4712164279186724,8.1,30.0,0.18163165776773735,0.18163165776773735,1.0304761296334997,1.0304761296334997
1905-07-01,121.64516129032258,31,31.0,2999.06,284.2,2999.06,1.0,80769.64,9.835846225299678,1.7665701319838625,1.7665701319838625,9.8,31.0,0.18026225836570023,0.18026225836570023,1.1481897138995236,1.1481897138995236
1905-08-01,98.12903225806451,31,31.0,2415.54,268.0,2415.54,1.0,71824.0,8.827267140020762,1.5854239807544546,1.5854239807544546,8.8,31.0,0.18016181599482436,0.18016181599482436,1.0373994755106224,1.0373994755106224
1905-09-01,91.76666666666667,30,30.0,2188.29,248.1,2188.29,1.0,61553.61,8.540667421226516,1.559305400918413,1.559305400918413,8.5,30.0,0.18344769422569565,0.18344769422569565,1.0584750490690524,1.0584750490690524
1905-10-01,131.16129032258064,31,31.0,3233.58,312.4,3233.58,1.0,97593.75999999998,10.21317934132484,1.834341160252266,1.834341160252266,10.2,31.0,0.17983736865218294,0.17983736865218294,1.0253144917697274,1.0253144917697274
1905-11-01,178.66666666666666,30,30.0,4271.1,353.6,4271.1,1.0,125032.96000000002,11.931890043073645,2.1784551100875746,2.1784551100875746,11.9,30.0,0.18306345462920795,0.18306345462920795,1.0200066477942622,1.0200066477942622
1905-12-01,92.54838709677419,31,31.0,2286.64,263.8,2286.64,1.0,69590.44,8.588514460904243,1.5425427337120303,1.5425427337120303,8.6,31.0,0.17936543415256168,0.17936543415256168,1.0220659160404018,1.0220659160404018
1906-01-01,75.80645161290323,31,31.0,1869.45,230.7,1869.45,1.0,53222.49,7.76561901651616,1.3947463488862517,1.3947463488862517,7.8,31.0,0.17881363447259638,0.17881363447259638,1.1021312467577382,1.1021312467577382
1906-02-01,52.25,28,28.0,1165.7,174.8,1165.7,1.0,30555.040000000005,6.452297486720746,1.2193696096335842,1.2193696096335842,6.5,28.0,0.18759532455901295,0.18759532455901295,1.0874112858607916,1.0874112858607916
1906-03-01,107.41935483870968,31,31.0,2643.38,273.4,2643.38,1.0,74747.55999999998,9.23419312017272,1.6585100443221878,1.6585100443221878,9.2,31.0,0.18027283090458565,0.18027283090458565,1.0914160593740891,1.0914160593740891
1906-04-01,92.16666666666667,30,30.0,2199.07,250.1,2199.07,1.0,62550.009999999995,8.561678184405983,1.5631414238996775,1.5631414238996775,8.6,30.0,0.181760630686009,0.181760630686009,1.0665108115963067,1.0665108115963067
1906-05-01,96.2258064516129,31,31.0,2370.46,266.2,2370.46,1.0,70862.43999999999,8.744509798319356,1.5705603234032406,1.5705603234032406,8.7,31.0,0.18052417510382077,0.18052417510382077,1.0273849580637031,1.0273849580637031
1906-06-01,105.26666666666667,30,30.0,2515.49,262.3,2515.49,1.0,68801.29000000001,9.156946361460609,1.671822026678943,1.671822026678943,9.2,30.0,0.18171978550858078,0.18171978550858078,1.111256256996219,1.111256256996219
1906-07-01,172.67741935483872,31,31.0,4256.03,361.3,4256.03,1.0,130537.69,11.717136609367522,2.104459859614435,2.104459859614435,11.7,31.0,0.17986836406960985,0.17986836406960985,1.0080265020272934,1.0080265020272934
1906-08-01,79.58064516129032,31,31.0,1960.83,237.7,1960.83,1.0,56501.28999999999,7.953149102409768,1.4284277466022801,1.4284277466022801,8.0,31.0,0.17855346832528501,0.17855346832528501,1.0917247489295105,1.0917247489295105
1906-09-01,93.46666666666667,30,30.0,2226.92,256.0,2226.92,1.0,65536.0,8.61572206298849,1.5730084410312475,1.5730084410312475,8.6,30.0,0.1829079582594474,0.1829079582594474,1.0162377971690633,1.0162377971690633
1906-10-01,29.741935483870968,31,31.0,749.62,143.6,749.62,1.0,20620.96,4.917447541416242,0.8831996508768859,0.8831996508768859,4.9,31.0,0.18024482670956854,0.18024482670956854,1.1234265026918167,1.1234265026918167
1906-11-01,64.83333333333333,30,30.0,1547.4,205.4,1547.4,1.0,42189.16,7.18192174839019,1.3112335159434163,1.3112335159434163,7.2,30.0,0.18211576610325225,0.18211576610325225,1.1099076417950402,1.1099076417950402
1906-12-01,107.96774193548387,31,31.0,2657.9,282.2,2657.9,1.0,79636.84,9.259519948540493,1.6630588769805628,1.6630588769805628,9.3,31.0,0.17882353515920027,0.17882353515920027,1.0452078191775571,1.0452078191775571
1907-01-01,127.35483870967742,31,31.0,3136.9,308.8,3136.9,1.0,95357.44,10.059340066855537,1.8067108108976269,1.8067108108976269,10.1,31.0,0.17888225850471554,0.17888225850471554,1.0289975530397022,1.0289975530397022
1907-02-01,180.25,28,28.0,4020.41,333.3,4020.41,1.0,111088.89000000001,11.982740564185281,2.26452511127429,2.26452511127429,12.0,28.0,0.18871042593952417,0.18871042593952417,1.01687807653569,1.01687807653569
1907-03-01,101.12903225806451,31,31.0,2493.8,266.0,2493.8,1.0,70756.0,8.969122660010989,1.6109019842664642,1.6109019842664642,9.0,31.0,0.17898910936294046,0.17898910936294046,1.103790970698278,1.103790970698278
1907-04-01,87.6,30,30.0,2095.6,244.8,2095.6,1.0,59927.04000000001,8.357830659527227,1.5259241280104474,1.5259241280104474,8.4,30.0,0.18165763428695803,0.18165763428695803,1.061851477327903,1.061851477327903
1907-05-01,71.41935483870968,31,31.0,1764.82,225.0,1764.82,1.0,50625.0,7.545175771269669,1.3551535732439932,1.3551535732439932,7.5,31.0,0.1806871430991991,0.1806871430991991,1.0702258976532628,1.0702258976532628
1907-06-01,67.16666666666667,30,30.0,1603.25,207.7,1603.25,1.0,43139.28999999999,7.310380747038192,1.3346868130347616,1.3346868130347616,7.3,30.0,0.18283381000476187,0.18283381000476187,1.1160849710275704,1.1160849710275704
1907-07-01,82.87096774193549,31,31.0,2044.78,247.0,2044.78,1.0,61009.0,8.121615920572108,1.458685280359817,1.458685280359817,8.1,31.0,0.18008460251355765,0.18008460251355765,1.034634732724354,1.034634732724354
1907-08-01,90.45161290322581,31,31.0,2229.98,261.0,2229.98,1.0,68121.0,8.481440839248801,1.5233117435555041,1.5233117435555041,8.5,31.0,0.17921314630064755,0.17921314630064755,1.0199002838323037,1.0199002838323037
1907-09-01,141.66666666666666,30,30.0,3382.26,317.0,3382.26,1.0,100489.0,10.618003578827802,1.9385733585981901,1.9385733585981901,10.6,30.0,0.1828842791130368,0.1828842791130368,1.0065391959404673,1.0065391959404673
1907-10-01,109.06451612903226,31,31.0,2688.17,281.3,2688.17,1.0,79129.69,9.312097577362609,1.6725020978850103,1.6725020978850103,9.3,31.0,0.1798389352564527,0.1798389352564527,1.0521601349633027,1.0521601349633027
1907-11-01,102.46666666666667,30,30.0,2442.91,262.3,2442.91,1.0,68801.29000000001,9.02387573791513,1.6475267659265642,1.6475267659265642,9.0,30.0,0.18305852954739602,0.18305852954739602,1.0617662757891315,1.0617662757891315
1907-12-01,78.90322580645162,31,31.0,1940.8400000000001,237.2,1940.8400000000001,1.0,56263.84,7.912505414562689,1.4211279247710236,1.4211279247710236,7.9,31.0,0.1798896107305093,0.1798896107305093,1.0683351434935477,1.0683351434935477
1908-01-01,65.35483870967742,31,31.0,1609.67,216.5,1609.67,1.0,46872.25,7.205889168567431,1.2942159004920193,1.2942159004920193,7.2,31.0,0.17975220840166933,0.17975220840166933,1.0650866565714991,1.0650866565714991
1908-02-01,56.62068965517241,29,29.0,1305.6200000000001,191.2,1305.6200000000001,1.0,36557.439999999995,6.709797262983796,1.2459780718492328,1.2459780718492328,6.7,29.0,0.18596687639540788,0.18596687639540788,1.0339003773422195,1.0339003773422195
1908-03-01,47.87096774193548,31,31.0,1185.23,183.5,1185.23,1.0,33672.25,6.183302176543826,1.1105538549409684,1.1105538549409684,6.2,31.0,0.1791215895066078,0.1791215895066078,1.1006121829579938,1.1006121829579938
1908-04-01,96.06666666666666,30,30.0,2286.91,250.5,2286.91,1.0,62750.25,8.730998415607079,1.594054927256621,1.594054927256621,8.7,30.0,0.18322470428237023,0.18322470428237023,1.0888265517584703,1.0888265517584703
1908-05-01,68.03225806451613,31,31.0,1677.15,217.9,1677.15,1.0,47480.41,7.355379861246176,1.321065221500777,1.321065221500777,7.4,31.0,0.17852232722983472,0.17852232722983472,1.1123053249921513,1.1123053249921513
1908-06-01,80.16666666666667,30,30.0,1912.59,230.5,1912.59,1.0,53130.25,7.98454757641283,1.457772273024837,1.457772273024837,8.0,30.0,0.18222153412810463,0.18222153412810463,1.0872697034577528,1.0872697034577528
1908-07-01,65.80645161290323,31,31.0,1621.97,212.7,1621.97,1.0,45241.28999999999,7.233368019341046,1.2991512477845633,1.2991512477845633,7.2,31.0,0.18043767330341157,0.18043767330341157,1.1049294211830907,1.1049294211830907
1908-08-01,150.93548387096774,31,31.0,3723.7900000000004,335.1,3723.7900000000004,1.0,112292.01000000001,10.960030021150313,1.968479502171222,1.968479502171222,11.0,31.0,0.17895268201556563,0.17895268201556563,1.036741783184803,1.036741783184803
1908-09-01,144.9,30,30.0,3460.83,319.5,3460.83,1.0,102080.25,10.740623818009828,1.960960648933748,1.960960648933748,10.7,30.0,0.18326735036764003,0.18326735036764003,1.009741996049054,1.009741996049054
1908-10-01,53.935483870967744,31,31.0,1338.77,189.1,1338.77,1.0,35758.81,6.571615405077968,1.1802969696328351,1.1802969696328351,6.6,31.0,0.17883287418679322,0.17883287418679322,1.17729061325902,1.17729061325902
1908-11-01,75.86666666666666,30,30.0,1807.12,224.4,1807.12,1.0,50355.36,7.761271373514351,1.4170078020643044,1.4170078020643044,7.8,30.0,0.18166766693132108,0.18166766693132108,1.090644686604499,1.090644686604499
1908-12-01,65.93548387096774,31,31.0,1626.03,220.1,1626.03,1.0,48444.009999999995,7.242415387504454,1.3007762030760994,1.3007762030760994,7.2,31.0,0.18066336153834714,0.18066336153834714,1.0293526119665994,1.0293526119665994
1909-01-01,94.64516129032258,31,31.0,2334.08,260.0,2334.08,1.0,67600.0,8.677148334897039,1.5584618474203096,1.5584618474203096,8.7,31.0,0.17913354568049536,0.17913354568049536,1.0787254665221908,1.0787254665221908
1909-02-01,77.60714285714286,28,28.0,1730.38,209.2,1730.38,1.0,43764.63999999999,7.861252172159707,1.4856370172214934,1.4856370172214934,7.9,28.0,0.18805531863563207,0.18805531863563207,1.1228712007776516,1.1228712007776516
1909-03-01,110.51612903225806,31,31.0,2722.0299999999997,274.5,2722.0299999999997,1.0,75350.25,9.370561314822005,1.6830024951090192,1.6830024951090192,9.4,31.0,0.17904281862861907,0.17904281862861907,1.1316803578553902,1.1316803578553902
1909-04-01,53.7,30,30.0,1281.66,187.2,1281.66,1.0,35043.84,6.536206851071958,1.1933426442839736,1.1933426442839736,6.5,30.0,0.18359117604368824,0.18359117604368824,1.0882988006106242,1.0882988006106242
1909-05-01,59.96774193548387,31,31.0,1478.75,208.5,1478.75,1.0,43472.25,6.906635425677673,1.2404683416176614,1.2404683416176614,6.9,31.0,0.17977802052429875,0.17977802052429875,1.05431697762749,1.05431697762749
1909-06-01,37.766666666666666,30,30.0,902.2600000000001,159.0,902.2600000000001,1.0,25281.0,5.48409822426015,1.00125476833377,1.00125476833377,5.5,30.0,0.18204632151523092,0.18204632151523092,1.0797416109282103,1.0797416109282103
1909-07-01,59.645161290322584,31,31.0,1477.3,195.2,1477.3,1.0,38103.03999999999,6.903248417207468,1.239860016938403,1.239860016938403,6.9,31.0,0.1796898575273048,0.1796898575273048,1.2088741415190523,1.2088741415190523
1909-08-01,38.516129032258064,31,31.0,952.9,168.2,952.9,1.0,28291.239999999998,5.544250145639116,0.9957767219195041,0.9957767219195041,5.5,31.0,0.18105031307627348,0.18105031307627348,1.0284951463768466,1.0284951463768466
1909-09-01,64.7,30,30.0,1545.97,210.1,1545.97,1.0,44142.009999999995,7.178602463804033,1.3106275002625438,1.3106275002625438,7.2,30.0,0.18203159725868664,0.18203159725868664,1.059019336069738,1.059019336069738
1909-10-01,97.35483870967742,31,31.0,2400.69,264.1,2400.69,1.0,69748.81000000001,8.800091641751568,1.5805431171800877,1.5805431171800877,8.8,31.0,0.17960717240682814,0.17960717240682814,1.0693565017108124,1.0693565017108124
1909-11-01,92.96666666666667,30,30.0,2216.01,251.9,2216.01,1.0,63453.61,8.594591322453907,1.569150513282054,1.569150513282054,8.6,30.0,0.18245936200954116,0.18245936200954116,1.050792160372059,1.050792160372059
1909-12-01,90.2258064516129,31,31.0,2231.95,247.7,2231.95,1.0,61355.28999999999,8.485186332472269,1.5239844539971443,1.5239844539971443,8.5,31.0,0.1792922887055464,0.1792922887055464,1.1366120384944425,1.1366120384944425
1910-01-01,44.03225806451613,31,31.0,1082.55,175.1,1082.55,1.0,30660.01,5.909396563265617,1.0613589545413067,1.0613589545413067,5.9,31.0,0.1798913482273401,0.1798913482273401,1.0944097295710993,1.0944097295710993
1910-02-01,52.5,28,28.0,1191.02,165.79999999999998,1191.02,1.0,27489.639999999996,6.5219957506447805,1.2325413434304369,1.2325413434304369,6.5,28.0,0.18962174514314414,0.18962174514314414,1.2142454623094294,1.2142454623094294
1910-03-01,35.70967741935484,31,31.0,880.24,162.0,880.24,1.0,26244.0,5.328680766350844,0.9570593184447097,0.9570593184447097,5.3,31.0,0.18057722989522826,0.18057722989522826,1.0295890672360881,1.0295890672360881
1910-04-01,14.066666666666666,30,30.0,368.63,99.1,368.63,1.0,9820.81,3.5053768223497266,0.6399913193855749,0.6399913193855749,3.5,30.0,0.1828546626815928,0.1828546626815928,1.127398124030647,1.127398124030647
1910-05-01,36.935483870967744,31,31.0,913.8100000000001,161.7,913.8100000000001,1.0,26146.889999999996,5.429340838028487,0.9751384010204095,0.9751384010204095,5.4,31.0,0.18058118537414988,0.18058118537414988,1.0743416974859987,1.0743416974859987
1910-06-01,20.466666666666665,30,30.0,504.52,115.4,504.52,1.0,13317.160000000002,4.1008942114291775,0.7487174218473734,0.7487174218473734,4.1,30.0,0.18261400532862768,0.18261400532862768,1.1414103572721934,1.1414103572721934
1910-07-01,23.548387096774192,31,31.0,598.2,128.2,598.2,1.0,16435.239999999998,4.392809373686546,0.7889718543070201,0.7889718543070201,4.4,31.0,0.17931178506977727,0.17931178506977727,1.137002874274486,1.137002874274486
1910-08-01,19.258064516129032,31,31.0,513.33,117.1,513.33,1.0,13712.409999999998,4.069279083334604,0.7308640987935493,0.7308640987935493,4.1,31.0,0.1782595362911096,0.1782595362911096,1.185012894838125,1.185012894838125
1910-09-01,43.733333333333334,30,30.0,1060.77,165.7,1060.77,1.0,27456.489999999998,5.946343414233659,1.0856488075493536,1.0856488075493536,5.9,30.0,0.1840082724659921,0.1840082724659921,1.146709769614165,1.146709769614165
1910-10-01,63.87096774193548,31,31.0,1582.05,209.9,1582.05,1.0,44058.01,7.14379947701095,1.2830642626872684,1.2830642626872684,7.1,31.0,0.18071327643482654,0.18071327643482654,1.103258407814679,1.103258407814679
1910-11-01,8.266666666666667,30,30.0,272.09000000000003,83.7,272.09000000000003,1.0,7005.6900000000005,3.011588728008303,0.5498383600861458,0.5498383600861458,3.0,30.0,0.18327945336204862,0.18327945336204862,1.162514850896994,1.162514850896994
1910-12-01,9.612903225806452,31,31.0,299.82,90.8,299.82,1.0,8244.64,3.1099216876355276,0.5585584239873964,0.5585584239873964,3.1,31.0,0.18018013677012787,0.18018013677012787,1.1246812388449332,1.1246812388449332
1911-01-01,5.580645161290323,31,31.0,213.81,78.5,213.81,1.0,6162.25,2.6262324295830233,0.4716852687077697,0.4716852687077697,2.6,31.0,0.1814174110414499,0.1814174110414499,1.0561676674892915,1.0561676674892915
1911-02-01,15.035714285714286,28,28.0,384.48,95.6,384.48,1.0,9139.359999999999,3.705594226494392,0.7002914845014939,0.7002914845014939,3.7,28.0,0.18926796878418753,0.18926796878418753,1.1820241967908187,1.1820241967908187
1911-03-01,13.0,31,31.0,377.33000000000004,100.3,377.33000000000004,1.0,10060.09,3.4888301024657205,0.6266123842734598,0.6266123842734598,3.5,31.0,0.17903210979241707,0.17903210979241707,1.176825615836807,1.176825615836807
1911-04-01,27.633333333333333,30,30.0,676.68,132.8,676.68,1.0,17635.840000000004,4.749315740188264,0.8671024545384857,0.8671024545384857,4.7,30.0,0.18448988394435864,0.18448988394435864,1.132386273848469,1.132386273848469
1911-05-01,15.129032258064516,31,31.0,413.23,105.9,413.23,1.0,11214.810000000001,3.651027252705737,0.6557438524302001,0.6557438524302001,3.7,31.0,0.1772280682243784,0.1772280682243784,1.179721855506324,1.179721855506324
1911-06-01,3.7333333333333334,30,30.0,176.92,70.4,176.92,1.0,4956.160000000001,2.4284425736124238,0.4433709257244748,0.4433709257244748,2.4,30.0,0.18473788571853117,0.18473788571853117,1.0476728517504874,1.0476728517504874
1911-07-01,5.935483870967742,31,31.0,219.67000000000002,79.1,219.67000000000002,1.0,6256.8099999999995,2.6619784056708773,0.4781054355392706,0.4781054355392706,2.7,31.0,0.17707608723676688,0.17707608723676688,1.1240454917394662,1.1240454917394662
1911-08-01,6.741935483870968,31,31.0,230.6,81.2,230.6,1.0,6593.4400000000005,2.7273998015361363,0.48985546510266365,0.48985546510266365,2.7,31.0,0.18142795003802356,0.18142795003802356,1.0647902508942548,1.0647902508942548
1911-09-01,6.666666666666667,30,30.0,239.4,79.4,239.4,1.0,6304.360000000001,2.824889378365107,0.5157518783291051,0.5157518783291051,2.8,30.0,0.18419709940325182,0.18419709940325182,1.1239315675618633,1.1239315675618633
1911-10-01,4.451612903225806,31,31.0,195.15,74.7,195.15,1.0,5580.09,2.509016000411831,0.45063257654397765,0.45063257654397765,2.5,31.0,0.18025303061759107,0.18025303061759107,1.0791392290350497,1.0791392290350497
1911-11-01,6.966666666666667,30,30.0,225.53,79.5,225.53,1.0,6320.25,2.7418363675950226,0.5005885425066068,0.5005885425066068,2.7,30.0,0.18540316389133582,0.18540316389133582,1.0395014044943822,1.0395014044943822
1911-12-01,3.7096774193548385,31,31.0,183.51,72.7,183.51,1.0,5285.29,2.433038721301993,0.4369866543822827,0.4369866543822827,2.4,31.0,0.18207777265928446,0.18207777265928446,1.0490162257094582,1.0490162257094582
1912-01-01,0.41935483870967744,31,31.0,130.89,63.3,130.89,1.0,4006.8899999999994,2.054813389219597,0.36905537937944677,0.36905537937944677,2.1,31.0,0.1757406568473556,0.1757406568473556,1.0596284829721363,1.0596284829721363
1912-02-01,0.0,29,29.0,116.0,58.0,116.0,1.0,3364.0,2.0,0.3713906763541037,0.3713906763541037,2.0,29.0,0.18569533817705186,0.18569533817705186,1.0,1.0
1912-03-01,8.225806451612904,31,31.0,269.45,86.5,269.45,1.0,7482.25,2.9482088602863548,0.5295139427897446,0.5295139427897446,2.9,31.0,0.18259101475508435,0.18259101475508435,1.0831521739130434,1.0831521739130434
1912-04-01,7.566666666666666,30,30.0,261.45,81.1,261.45,1.0,6577.209999999999,2.9521178838251023,0.5389805191284746,0.5389805191284746,3.0,30.0,0.17966017304282486,0.17966017304282486,1.2411095418445288,1.2411095418445288
1912-05-01,7.419354838709677,31,31.0,244.48,83.6,244.48,1.0,6988.959999999999,2.8082826803766077,0.5043824589856016,0.5043824589856016,2.8,31.0,0.18013659249485775,0.18013659249485775,1.0808483381965697,1.0808483381965697
1912-06-01,6.933333333333334,30,30.0,225.70999999999998,79.1,225.70999999999998,1.0,6256.8099999999995,2.7429303065638884,0.5007882675232007,0.5007882675232007,2.7,30.0,0.18547713611970396,0.18547713611970396,1.050436902057668,1.050436902057668
1912-07-01,4.903225806451613,31,31.0,210.98,77.0,210.98,1.0,5929.0,2.6087940607899474,0.468553245213835,0.468553245213835,2.6,31.0,0.18021278662070578,0.18021278662070578,1.099223157666465,1.099223157666465
1912-08-01,0.4838709677419355,31,31.0,132.25,63.5,132.25,1.0,4032.25,2.0654609733079115,0.3709677419354839,0.3709677419354839,2.1,31.0,0.17665130568356374,0.17665130568356374,1.0527589743589745,1.0527589743589745
1912-09-01,15.933333333333334,30,30.0,409.14,105.4,409.14,1.0,11109.160000000002,3.692966287417203,0.6742403132415029,0.6742403132415029,3.7,30.0,0.18222711168689268,0.18222711168689268,1.113255863073153,1.113255863073153
1912-10-01,7.645161290322581,31,31.0,272.09,84.3,272.09,1.0,7106.49,2.962616541875365,0.5321016387930444,0.5321016387930444,3.0,31.0,0.1773672129310148,0.1773672129310148,1.2256979398337822,1.2256979398337822
1912-11-01,1.9,30,30.0,152.41,65.5,152.41,1.0,4290.25,2.253959479079722,0.4115148167981858,0.4115148167981858,2.3,30.0,0.17891948556442863,0.17891948556442863,1.1137670862092297,1.1137670862092297
1912-12-01,10.64516129032258,31,31.0,329.52,93.0,329.52,1.0,8649.0,3.2603186070313495,0.5855705081193795,0.5855705081193795,3.3,31.0,0.1774456085210241,0.1774456085210241,1.2183177313966738,1.2183177313966738
1913-01-01,3.774193548387097,31,31.0,180.72,72.8,180.72,1.0,5299.839999999999,2.4144724929795407,0.43365206133693057,0.43365206133693057,2.4,31.0,0.18068835889038776,0.18068835889038776,1.0460079076091204,1.0460079076091204
1913-02-01,4.785714285714286,28,28.0,183.79999999999998,69.0,183.79999999999998,1.0,4761.0,2.5620862035235494,0.48418878085949496,0.48418878085949496,2.6,28.0,0.1862264541767288,0.1862264541767288,1.117722625185703,1.117722625185703
1913-03-01,0.7741935483870968,31,31.0,134.0,64.0,134.0,1.0,4096.0,2.079081683138325,0.3734140936383944,0.3734140936383944,2.1,31.0,0.17781623506590208,0.17781623506590208,1.0358430085815244,1.0358430085815244
1913-04-01,1.5666666666666667,30,30.0,144.4,64.4,144.4,1.0,4147.360000000001,2.193931022920578,0.40055517028799476,0.40055517028799476,2.2,30.0,0.1820705319490885,0.1820705319490885,1.0521214301416952,1.0521214301416952
1913-05-01,0.0,31,31.0,124.0,62.0,124.0,1.0,3844.0,2.0,0.35921060405354976,0.35921060405354976,2.0,31.0,0.17960530202677488,0.17960530202677488,1.0,1.0
1913-06-01,0.0,30,30.0,120.0,60.0,120.0,1.0,3600.0,2.0,0.36514837167011077,0.36514837167011077,2.0,30.0,0.18257418583505539,0.18257418583505539,1.0,1.0
1913-07-01,2.903225806451613,31,31.0,172.27,70.7,172.27,1.0,4998.490000000001,2.357349523128369,0.42339247308414446,0.42339247308414446,2.4,31.0,0.17641353045172686,0.17641353045172686,1.1112402667097643,1.1112402667097643
1913-08-01,0.3870967741935484,31,31.0,129.0,63.0,129.0,1.0,3969.0,2.0399240972596617,0.36638118360001765,0.36638118360001765,2.0,31.0,0.18319059180000882,0.18319059180000882,0.9674479166666666,0.9674479166666666
1913-09-01,1.9666666666666666,30,30.0,154.6,65.8,154.6,1.0,4329.639999999999,2.2700954458641895,0.4144608277965214,0.4144608277965214,2.3,30.0,0.18020035991153105,0.18020035991153105,1.103318770598605,1.103318770598605
1913-10-01,5.193548387096774,31,31.0,210.02,77.4,210.02,1.0,5990.760000000001,2.6028520337655423,0.46748602565546554,0.46748602565546554,2.6,31.0,0.17980231755979442,0.17980231755979442,1.08746285077689,1.08746285077689
1913-11-01,1.1666666666666667,30,30.0,135.73,63.1,135.73,1.0,3981.61,2.127048032681287,0.3883440627988422,0.3883440627988422,2.1,30.0,0.18492574418992486,0.18492574418992486,0.9967211665470581,0.9967211665470581
1913-12-01,6.32258064516129,31,31.0,247.71,80.9,247.71,1.0,6544.810000000001,2.826772923545562,0.50770340469451,0.50770340469451,2.8,31.0,0.1813226445337536,0.1813226445337536,1.157124708199012,1.157124708199012
1914-01-01,4.709677419354839,31,31.0,210.81,75.5,210.81,1.0,5700.25,2.6077428133627674,0.46836443560217156,0.46836443560217156,2.6,31.0,0.18014016753929674,0.18014016753929674,1.1450257221137312,1.1450257221137312
1914-02-01,4.428571428571429,28,28.0,181.94,67.8,181.94,1.0,4596.839999999999,2.5490894732937766,0.4817326297134254,0.4817326297134254,2.5,28.0,0.19269305188537017,0.19269305188537017,1.0686674669867948,1.0686674669867948
1914-03-01,5.258064516129032,31,31.0,211.83,77.1,211.83,1.0,5944.409999999999,2.614043956488034,0.46949615431629893,0.46949615431629893,2.6,31.0,0.18057544396780728,0.18057544396780728,1.0962829999755785,1.0962829999755785
1914-04-01,28.9,30,30.0,691.78,138.6,691.78,1.0,19209.96,4.802013466592252,0.8767236990320522,0.8767236990320522,4.8,30.0,0.18265077063167753,0.18265077063167753,1.082407666412142,1.082407666412142
1914-05-01,8.741935483870968,31,31.0,290.15,86.9,290.15,1.0,7551.610000000001,3.05935898831027,0.5494770951037945,0.5494770951037945,3.1,31.0,0.1772506758399337,0.1772506758399337,1.2318542001195352,1.2318542001195352
1914-06-01,19.066666666666666,30,30.0,514.4499999999999,109.3,514.4499999999999,1.0,11946.49,4.141054616077085,0.7560496750287715,0.7560496750287715,4.1,30.0,0.18440235976311503,0.18440235976311503,1.2783851351114937,1.2783851351114937
1914-07-01,9.064516129032258,31,31.0,279.04,88.8,279.04,1.0,7885.44,3.000215046055973,0.5388545294921575,0.5388545294921575,3.0,31.0,0.17961817649738585,0.17961817649738585,1.1003838872528398,1.1003838872528398
1914-08-01,12.903225806451612,31,31.0,375.5,99.0,375.5,1.0,9801.0,3.4803596402967396,0.6250910443572936,0.6250910443572936,3.5,31.0,0.178597441244941,0.178597441244941,1.2091400986685057,1.2091400986685057
1914-09-01,21.233333333333334,30,30.0,538.4300000000001,115.1,538.4300000000001,1.0,13248.009999999998,4.2364686552206035,0.7734698155426335,0.7734698155426335,4.2,30.0,0.1841594798911032,0.1841594798911032,1.2067723717070118,1.2067723717070118
1914-10-01,13.67741935483871,31,31.0,383.08,101.4,383.08,1.0,10281.960000000001,3.515312127655055,0.6313686964058709,0.6313686964058709,3.5,31.0,0.18039105611596312,0.18039105611596312,1.1505513755091483,1.1505513755091483
1914-11-01,27.3,30,30.0,661.1,136.8,661.1,1.0,18714.24,4.694322812362468,0.8570621655140049,0.8570621655140049,4.7,30.0,0.18235365223702232,0.18235365223702232,1.0646292002388504,1.0646292002388504
1914-12-01,37.25806451612903,31,31.0,916.0699999999999,160.5,916.0699999999999,1.0,25760.25,5.436050511289452,0.9763434939129463,0.9763434939129463,5.4,31.0,0.18080435072461967,0.18080435072461967,1.091068008684529,1.091068008684529
1915-01-01,38.483870967741936,31,31.0,944.6700000000001,166.7,944.6700000000001,1.0,27788.889999999996,5.520255954795178,0.9914672380260905,0.9914672380260905,5.5,31.0,0.18026677055019827,0.18026677055019827,1.0477331805505994,1.0477331805505994
1915-02-01,70.35714285714286,28,28.0,1569.4,197.0,1569.4,1.0,38809.0,7.486654793697917,1.414844766851019,1.414844766851019,7.5,28.0,0.1886459689134692,0.1886459689134692,1.1420799364117766,1.1420799364117766
1915-03-01,64.7741935483871,31,31.0,1594.43,213.1,1594.43,1.0,45411.61,7.171696159657882,1.2880746547996156,1.2880746547996156,7.2,31.0,0.1788992576110577,0.1788992576110577,1.1005685441189963,1.1005685441189963
1915-04-01,68.86666666666666,30,30.0,1653.85,209.7,1653.85,1.0,43974.09,7.4248456774086105,1.3555851545038071,1.3555851545038071,7.4,30.0,0.183187183041055,0.183187183041055,1.1254697515893106,1.1254697515893106
1915-05-01,55.096774193548384,31,31.0,1391.26,181.0,1391.26,1.0,32761.0,6.69920553787609,1.2032128339696782,1.2032128339696782,6.7,31.0,0.17958400507010122,0.17958400507010122,1.3308376161230535,1.3308376161230535
1915-06-01,114.73333333333333,30,30.0,2735.67,256.9,2735.67,1.0,65997.60999999999,9.549293167559576,1.7434544253674467,1.7434544253674467,9.5,30.0,0.18352151845973122,0.18352151845973122,1.2407038102214383,1.2407038102214383
1915-07-01,119.41935483870968,31,31.0,2942.35,293.9,2942.35,1.0,86377.20999999999,9.742408127820978,1.7497881542653935,1.7497881542653935,9.7,31.0,0.18039053136756636,0.18039053136756636,1.048460319823153,1.048460319823153
1915-08-01,116.03225806451613,31,31.0,2858.85,292.1,2858.85,1.0,85322.41000000002,9.603174878233526,1.7247811244210696,1.7247811244210696,9.6,31.0,0.1796647004605281,0.1796647004605281,1.0393307055868068,1.0393307055868068
1915-09-01,82.43333333333334,30,30.0,1968.06,237.79999999999998,1968.06,1.0,56548.83999999999,8.099506157785177,1.4787607424236462,1.4787607424236462,8.1,30.0,0.18256305462020325,0.18256305462020325,1.0458066007851117,1.0458066007851117
1915-10-01,89.12903225806451,31,31.0,2199.21,253.7,2199.21,1.0,64363.689999999995,8.422722722761097,1.512765658509287,1.512765658509287,8.4,31.0,0.18009114982253416,0.18009114982253416,1.055408973098464,1.055408973098464
1915-11-01,70.93333333333334,30,30.0,1688.3,222.0,1688.3,1.0,49284.0,7.5017775671281175,1.3696309316340987,1.3696309316340987,7.5,30.0,0.18261745755121314,0.18261745755121314,1.0281748141113587,1.0281748141113587
1915-12-01,57.483870967741936,31,31.0,1418.39,205.7,1418.39,1.0,42312.49,6.764208462860401,1.214887703944109,1.214887703944109,6.8,31.0,0.17865995646236899,0.17865995646236899,1.051942700780797,1.051942700780797
1916-01-01,75.51612903225806,31,31.0,1862.94,234.4,1862.94,1.0,54943.36,7.752086087607478,1.392315763102301,1.392315763102301,7.8,31.0,0.17850202091055142,0.17850202091055142,1.066387568146597,1.066387568146597
1916-02-01,92.37931034482759,29,29.0,2133.24,241.8,2133.24,1.0,58467.240000000005,8.576712656956627,1.5926555572809618,1.5926555572809618,8.6,29.0,0.18519250666057696,0.18519250666057696,1.0662676181346964,1.0662676181346964
1916-03-01,111.6774193548387,31,31.0,2751.75,287.1,2751.75,1.0,82426.41000000002,9.42157784196777,1.6921653338753915,1.6921653338753915,9.4,31.0,0.18001758871014803,0.18001758871014803,1.0312213444023481,1.0312213444023481
1916-04-01,119.76666666666667,30,30.0,2852.59,285.1,2852.59,1.0,81282.01000000001,9.751222145625304,1.7803214441343014,1.7803214441343014,9.8,30.0,0.18166545348309196,0.18166545348309196,1.0657150084751361,1.0657150084751361
1916-05-01,123.96774193548387,31,31.0,3058.47,301.7,3058.47,1.0,91022.89,9.932790271653035,1.7839817967088547,1.7839817967088547,9.9,31.0,0.1802001814857429,0.1802001814857429,1.035977273538551,1.035977273538551
1916-06-01,112.9,30,30.0,2694.12,266.8,2694.12,1.0,71182.24,9.476497243180098,1.7301637687417533,1.7301637687417533,9.5,30.0,0.18212250197281613,0.18212250197281613,1.1466350660523312,1.1466350660523312
1916-07-01,89.3225806451613,31,31.0,2203.12,243.8,2203.12,1.0,59438.44,8.430206824080544,1.514109842787165,1.514109842787165,8.4,31.0,0.18025117176037678,0.18025117176037678,1.1462334796066487,1.1462334796066487
1916-08-01,58.58064516129032,31,31.0,1454.6,201.0,1454.6,1.0,40401.0,6.850005886505594,1.230297376131023,1.230297376131023,6.9,31.0,0.1783039675552207,0.1783039675552207,1.137425025162788,1.137425025162788
1916-09-01,75.06666666666666,30,30.0,1791.5800000000002,221.2,1791.5800000000002,1.0,48929.439999999995,7.727828500512504,1.410901996754007,1.410901996754007,7.7,30.0,0.18323402555246845,0.18323402555246845,1.0940127532306305,1.0940127532306305
1916-10-01,84.54838709677419,31,31.0,2088.44,236.8,2088.44,1.0,56074.240000000005,8.207864049682142,1.4741759016378688,1.4741759016378688,8.2,31.0,0.1797775489802279,0.1797775489802279,1.1582527257167623,1.1582527257167623
1916-11-01,109.46666666666667,30,30.0,2612.99,271.3,2612.99,1.0,73603.69,9.332720217957178,1.7039137954198922,1.7039137954198922,9.3,30.0,0.18321653714192387,0.18321653714192387,1.059688240854084,1.059688240854084
1916-12-01,88.25806451612904,31,31.0,2176.03,251.7,2176.03,1.0,63352.88999999999,8.378216763072693,1.5047721521774593,1.5047721521774593,8.4,31.0,0.179139541925888,0.179139541925888,1.0728260652802386,1.0728260652802386
1917-01-01,124.54838709677419,31,31.0,3073.6,305.8,3073.6,1.0,93513.64000000001,9.957328311187403,1.7883889587105701,1.7883889587105701,10.0,31.0,0.178838895871057,0.178838895871057,1.028597510571645,1.028597510571645
1917-02-01,119.85714285714286,28,28.0,2668.6800000000003,263.8,2668.6800000000003,1.0,69590.44,9.762684057163789,1.8449738674107479,1.8449738674107479,9.8,28.0,0.18826263953170896,0.18826263953170896,1.085247608550642,1.085247608550642
1917-03-01,158.0,31,31.0,3897.41,345.7,3897.41,1.0,119508.48999999999,11.212622495464942,2.0138464498101913,2.0138464498101913,11.2,31.0,0.17980771873305282,0.17980771873305282,1.0089900552784385,1.0089900552784385
1917-04-01,124.6,30,30.0,2976.14,280.2,2976.14,1.0,78512.04,9.960153947940096,1.8184669978369754,1.8184669978369754,10.0,30.0,0.18184669978369755,0.18184669978369755,1.152086094161849,1.152086094161849
1917-05-01,190.2258064516129,31,31.0,4689.33,377.7,4689.33,1.0,142657.28999999998,12.299134509282325,2.208989768207582,2.208989768207582,12.3,31.0,0.1795926640819172,0.1795926640819172,1.0198045981110402,1.0198045981110402
1917-06-01,191.43333333333334,30,30.0,4574.61,367.9,4574.61,1.0,135350.40999999997,12.348562669395982,2.2545287755981294,2.2545287755981294,12.3,30.0,0.18329502240635198,0.18329502240635198,1.0061983180374356,1.0061983180374356
1917-07-01,199.74193548387098,31,31.0,4926.22,387.0,4926.22,1.0,149769.0,12.605963770400308,2.2640979303213293,2.2640979303213293,12.6,31.0,0.17969031193026425,0.17969031193026425,1.0193268867112326,1.0193268867112326
1917-08-01,257.7096774193548,31,31.0,6358.900000000001,436.0,6358.900000000001,1.0,190096.0,14.322213741304552,2.57234552469903,2.57234552469903,14.3,31.0,0.17988430242650558,0.17988430242650558,1.0349351872866177,1.0349351872866177
1917-09-01,215.56666666666666,30,30.0,5142.64,387.2,5142.64,1.0,149923.84,13.092797001914196,2.390406752928138,2.390406752928138,13.1,30.0,0.18247379793344565,0.18247379793344565,1.0312551629631472,1.0312551629631472
1917-10-01,120.3225806451613,31,31.0,2969.87,298.7,2969.87,1.0,89221.68999999999,9.787862793506871,1.7579520532244344,1.7579520532244344,9.8,31.0,0.17938286257392186,0.17938286257392186,1.0356253352103182,1.0356253352103182
1917-11-01,160.73333333333332,30,30.0,3835.48,337.2,3835.48,1.0,113703.84,11.30704794954604,2.0643750735863007,2.0643750735863007,11.3,30.0,0.18268805960940712,0.18268805960940712,1.0110783486710826,1.0110783486710826
1917-12-01,215.51612903225808,31,31.0,5318.17,398.5,5318.17,1.0,158802.25,13.097857495321207,2.352444651350823,2.352444651350823,13.1,31.0,0.1795759275840323,0.1795759275840323,1.0398410050084672,1.0398410050084672
1918-01-01,159.96774193548387,31,31.0,3947.9100000000003,347.5,3947.9100000000003,1.0,120756.25,11.285031479081969,2.0268514871821792,2.0268514871821792,11.3,31.0,0.17936738824621054,0.17936738824621054,1.0167268878232496,1.0167268878232496
1918-02-01,108.71428571428571,28,28.0,2422.84,254.2,2422.84,1.0,64617.63999999999,9.302150289046077,1.7579411659259654,1.7579411659259654,9.3,28.0,0.18902593181999627,0.18902593181999627,1.0512988224095907,1.0512988224095907
1918-03-01,120.41935483870968,31,31.0,2966.06,298.0,2966.06,1.0,88804.0,9.781582430195519,1.756824066675061,1.756824066675061,9.8,31.0,0.17926776190561847,0.17926776190561847,1.040663138001681,1.040663138001681
1918-04-01,134.13333333333333,30,30.0,3198.77,307.1,3198.77,1.0,94310.41000000002,10.325970495147981,1.8852556561084464,1.8852556561084464,10.3,30.0,0.18303452971926662,0.18303452971926662,1.012847864444104,1.012847864444104
1918-05-01,127.87096774193549,31,31.0,3151.15,304.5,3151.15,1.0,92720.25,10.0821624664553,1.8108098348707178,1.8108098348707178,10.1,31.0,0.1792881024624473,0.1792881024624473,1.059299021649207,1.059299021649207
1918-06-01,99.0,30,30.0,2360.84,246.4,2360.84,1.0,60712.96000000001,8.871001446661289,1.619615866665783,1.619615866665783,8.9,30.0,0.1819793108613239,0.1819793108613239,1.181245171555035,1.181245171555035
1918-07-01,179.4516129032258,31,31.0,4421.06,367.0,4421.06,1.0,134689.0,11.942145481850295,2.1448726461154073,2.1448726461154073,11.9,31.0,0.18024139883322748,0.18024139883322748,1.0107333393005218,1.0107333393005218
1918-08-01,169.6451612903226,31,31.0,4182.349999999999,357.1,4182.349999999999,1.0,127520.41000000002,11.615270816000471,2.086164223030549,2.086164223030549,11.6,31.0,0.1798417433647025,0.1798417433647025,1.0145271459596492,1.0145271459596492
1918-09-01,133.2,30,30.0,3173.63,304.9,3173.63,1.0,92964.00999999998,10.285313153553792,1.8778326750686696,1.8778326750686696,10.3,30.0,0.1823138519484145,0.1823138519484145,1.0280318448368304,1.0280318448368304
1918-10-01,141.70967741935485,31,31.0,3492.7599999999998,325.6,3492.7599999999998,1.0,106015.36000000002,10.614597374340434,1.9064379673110254,1.9064379673110254,10.6,31.0,0.17985263842556845,0.17985263842556845,1.019143096253899,1.019143096253899
1918-11-01,138.96666666666667,30,30.0,3315.73,299.3,3315.73,1.0,89580.49,10.513055375737984,1.9194125258642145,1.9194125258642145,10.5,30.0,0.182801192939449,0.182801192939449,1.11180127319661,1.11180127319661
1918-12-01,98.54838709677419,31,31.0,2431.7,266.6,2431.7,1.0,71075.56000000001,8.856745196959826,1.5907183960741578,1.5907183960741578,8.9,31.0,0.17873240405327614,0.17873240405327614,1.0734989261967494,1.0734989261967494
1919-01-01,80.16129032258064,31,31.0,1978.09,236.7,1978.09,1.0,56026.88999999999,7.98807579074646,1.4347007650097865,1.4347007650097865,8.0,31.0,0.1793375956262233,0.1793375956262233,1.101336384896612,1.101336384896612
1919-02-01,132.46428571428572,28,28.0,2950.42,278.8,2950.42,1.0,77729.44,10.265093416873656,1.9399203118495694,1.9399203118495694,10.3,28.0,0.18834177784947273,0.18834177784947273,1.072816145491075,1.072816145491075
1919-03-01,110.87096774193549,31,31.0,2734.65,285.9,2734.65,1.0,81738.80999999998,9.392258308257512,1.6868993901680764,1.6868993901680764,9.4,31.0,0.17945738193277408,0.17945738193277408,1.040189655835845,1.040189655835845
1919-04-01,86.33333333333333,30,30.0,2057.41,240.9,2057.41,1.0,58032.810000000005,8.281324370735234,1.5119560546229878,1.5119560546229878,8.3,30.0,0.18216338007505875,0.18216338007505875,1.070891677415436,1.070891677415436
1919-05-01,146.8709677419355,31,31.0,3623.76,328.8,3623.76,1.0,108109.44,10.811821487194827,1.9418604636672014,1.9418604636672014,10.8,31.0,0.17980189478400013,0.17980189478400013,1.0381066572950475,1.0381066572950475
1919-06-01,185.26666666666668,30,30.0,4419.68,361.6,4419.68,1.0,130754.56000000001,12.137654908039966,2.2160224627822607,2.2160224627822607,12.1,30.0,0.1831423522960546,0.1831423522960546,1.0080297697674625,1.0080297697674625
1919-07-01,107.83870967741936,31,31.0,2657.2400000000002,282.6,2657.2400000000002,1.0,79862.76000000001,9.258370232110979,1.6628523818139944,1.6628523818139944,9.3,31.0,0.17880133137784884,0.17880133137784884,1.042148929247546,1.042148929247546
1919-08-01,115.06451612903226,31,31.0,2835.57,289.3,2835.57,1.0,83694.49,9.563994981178105,1.7177442071770532,1.7177442071770532,9.6,31.0,0.17893168824760972,0.17893168824760972,1.0602440646004174,1.0602440646004174
1919-09-01,91.13333333333334,30,30.0,2178.6,253.6,2178.6,1.0,64312.96,8.521736912155877,1.5558491786373982,1.5558491786373982,8.5,30.0,0.18304107983969392,0.18304107983969392,1.0114596818893766,1.0114596818893766
1919-10-01,87.96774193548387,31,31.0,2167.1,248.2,2167.1,1.0,61603.24,8.361007810838549,1.5016813331138814,1.5016813331138814,8.4,31.0,0.17877158727546205,0.17877158727546205,1.10439641605259,1.10439641605259
1919-11-01,69.9,30,30.0,1668.64,212.8,1668.64,1.0,45283.840000000004,7.457971127145327,1.3616330065199083,1.3616330065199083,7.5,30.0,0.18155106753598776,0.18155106753598776,1.1224609769071332,1.1224609769071332
1919-12-01,58.0,31,31.0,1432.47,204.7,1432.47,1.0,41902.09,6.7976988516276124,1.2209027553336382,1.2209027553336382,6.8,31.0,0.1795445228431821,0.1795445228431821,1.0626284605588092,1.0626284605588092
1920-01-01,85.25806451612904,31,31.0,2104.94,245.2,2104.94,1.0,60123.03999999999,8.240223924298457,1.4799879066918806,1.4799879066918806,8.2,31.0,0.1804863300843757,0.1804863300843757,1.0774689278001175,1.0774689278001175
1920-02-01,89.82758620689656,29,29.0,2071.78,237.0,2071.78,1.0,56169.0,8.452259440834291,1.569545175225903,1.569545175225903,8.5,29.0,0.1846523735559886,0.1846523735559886,1.0849073205610196,1.0849073205610196
1920-03-01,116.90322580645162,31,31.0,2880.25,281.9,2880.25,1.0,79467.60999999999,9.639050281152217,1.7312245369976136,1.7312245369976136,9.6,31.0,0.18033588927058475,0.18033588927058475,1.1187944068055096,1.1187944068055096
1920-04-01,24.666666666666668,30,30.0,596.87,129.3,596.87,1.0,16718.49,4.460455881035779,0.8143641009332919,0.8143641009332919,4.5,30.0,0.1809698002073982,0.1809698002073982,1.093446564303091,1.093446564303091
1920-05-01,55.41935483870968,31,31.0,1363.81,197.9,1363.81,1.0,39164.41,6.632787571431934,1.1912838150464713,1.1912838150464713,6.6,31.0,0.18049754773431384,0.18049754773431384,1.0713414601884623,1.0713414601884623
1920-06-01,64.56666666666666,30,30.0,1543.0,211.8,1543.0,1.0,44859.240000000005,7.171703656268385,1.3093679560934903,1.3093679560934903,7.2,30.0,0.18185666056854033,0.18185666056854033,1.0414800545938427,1.0414800545938427
1920-07-01,45.70967741935484,31,31.0,1127.71,183.1,1127.71,1.0,33525.61,6.031396350388845,1.0832707631547764,1.0832707631547764,6.0,31.0,0.18054512719246274,0.18054512719246274,1.0330388698032897,1.0330388698032897
1920-08-01,31.93548387096774,31,31.0,791.84,149.6,791.84,1.0,22380.16,5.05403064953623,0.9077307012625321,0.9077307012625321,5.1,31.0,0.1779864120122612,0.1779864120122612,1.1211511595158863,1.1211511595158863
1920-09-01,60.53333333333333,30,30.0,1458.37,196.1,1458.37,1.0,38455.21,6.972254537331044,1.272953695587986,1.272953695587986,7.0,30.0,0.18185052794114087,0.18185052794114087,1.1525749226150126,1.1525749226150126
1920-10-01,82.70967741935483,31,31.0,2044.71,249.3,2044.71,1.0,62150.490000000005,8.121476903665625,1.4586603121863413,1.4586603121863413,8.1,31.0,0.1800815200230051,0.1800815200230051,1.0149855804217165,1.0149855804217165
1920-11-01,45.3,30,30.0,1082.46,172.0,1082.46,1.0,29584.0,6.006829446554979,1.0966919956548116,1.0966919956548116,6.0,30.0,0.18278199927580194,0.18278199927580194,1.0988016787864796,1.0988016787864796
1920-12-01,49.83870967741935,31,31.0,1228.1000000000001,187.4,1228.1000000000001,1.0,35118.76,6.29413449429372,1.1304599268447657,1.1304599268447657,6.3,31.0,0.1794380836261533,0.1794380836261533,1.0892083541601136,1.0892083541601136
1921-01-01,52.54838709677419,31,31.0,1294.86,192.8,1294.86,1.0,37171.840000000004,6.462946496711452,1.1607794575247472,1.1607794575247472,6.5,31.0,0.17858145500380726,0.17858145500380726,1.0956159074704725,1.0956159074704725
1921-02-01,47.142857142857146,28,28.0,1048.49,169.1,1048.49,1.0,28594.809999999998,6.119319523327037,1.1564426894046895,1.1564426894046895,6.1,28.0,0.18958076875486715,0.18958076875486715,1.020976667663775,1.020976667663775
1921-03-01,44.483870967741936,31,31.0,1105.96,174.8,1105.96,1.0,30555.040000000005,5.972949776472096,1.0727734485940286,1.0727734485940286,6.0,31.0,0.17879557476567143,0.17879557476567143,1.1372185480836752,1.1372185480836752
1921-04-01,53.96666666666667,30,30.0,1290.89,191.9,1290.89,1.0,36825.61,6.559700196401256,1.197631922680012,1.197631922680012,6.6,30.0,0.18145938222424426,0.18145938222424426,1.0669314405741763,1.0669314405741763
1921-05-01,37.0,31,31.0,935.68,154.0,935.68,1.0,23716.0,5.493926265108734,0.9867382861576857,0.9867382861576857,5.5,31.0,0.1794069611195792,0.1794069611195792,1.235038401567669,1.235038401567669
1921-06-01,56.166666666666664,30,30.0,1347.28,189.0,1347.28,1.0,35721.0,6.70144263075745,1.2235104322308732,1.2235104322308732,6.7,30.0,0.1826134973478915,0.1826134973478915,1.1361505242958865,1.1361505242958865
1921-07-01,69.74193548387096,31,31.0,1716.55,216.7,1716.55,1.0,46958.88999999999,7.441275471662186,1.3364925285523188,1.3364925285523188,7.4,31.0,0.18060709845301604,0.18060709845301604,1.1252249552078875,1.1252249552078875
1921-08-01,37.96774193548387,31,31.0,954.7,159.8,954.7,1.0,25536.040000000005,5.549484137606701,0.996716774627648,0.996716774627648,5.5,31.0,0.18122123175048144,0.18122123175048144,1.1437761326274318,1.1437761326274318
1921-09-01,29.6,30,30.0,722.69,140.5,722.69,1.0,19740.25,4.90812251952482,0.8960964729809447,0.8960964729809447,4.9,30.0,0.18287683122060094,0.18287683122060094,1.098264446122426,1.098264446122426
1921-10-01,30.322580645161292,31,31.0,772.24,139.0,772.24,1.0,19321.0,4.99108883330436,0.8964260173480934,0.8964260173480934,5.0,31.0,0.17928520346961868,0.17928520346961868,1.253601858021776,1.253601858021776
1921-11-01,29.6,30,30.0,742.48,134.4,742.48,1.0,18063.36,4.974870182560881,0.9082828732161462,0.9082828732161462,5.0,30.0,0.18165657464322923,0.18165657464322923,1.2561440296335982,1.2561440296335982
1921-12-01,33.903225806451616,31,31.0,878.37,146.1,878.37,1.0,21345.21,5.323017577373971,0.9560421796780836,0.9560421796780836,5.3,31.0,0.18038531692039314,0.18038531692039314,1.276021115130621,1.276021115130621
1922-01-01,19.741935483870968,31,31.0,526.11,119.3,526.11,1.0,14232.49,4.119622594677897,0.7399060603534496,0.7399060603534496,4.1,31.0,0.18046489276913408,0.18046489276913408,1.1402208314668059,1.1402208314668059
1922-02-01,43.92857142857143,28,28.0,995.0,152.2,995.0,1.0,23164.839999999997,5.961183966773235,1.1265578782562504,1.1265578782562504,6.0,28.0,0.18775964637604173,0.18775964637604173,1.2282001133070877,1.2282001133070877
1922-03-01,91.25806451612904,31,31.0,2259.91,242.1,2259.91,1.0,58612.409999999996,8.538168572981277,1.53350034530582,1.53350034530582,8.5,31.0,0.1804118053300965,0.1804118053300965,1.1920028392706623,1.1920028392706623
1922-04-01,18.333333333333332,30,30.0,488.36,110.0,488.36,1.0,12100.0,4.0346829697842015,0.736628958310914,0.736628958310914,4.0,30.0,0.1841572395777285,0.1841572395777285,1.1980771019425336,1.1980771019425336
1922-05-01,13.35483870967742,31,31.0,383.12,99.4,383.12,1.0,9880.36,3.5154956517423477,0.6314016583049983,0.6314016583049983,3.5,31.0,0.18040047380142807,0.18040047380142807,1.1992041898488401,1.1992041898488401
1922-06-01,9.8,30,30.0,286.02,87.2,286.02,1.0,7603.84,3.0877176036677962,0.563737527578216,0.563737527578216,3.1,30.0,0.1818508153478116,0.1818508153478116,1.1428239557682482,1.1428239557682482
1922-07-01,18.29032258064516,31,31.0,498.34,113.2,498.34,1.0,12814.24,4.009424381500135,0.7201138769928469,0.7201138769928469,4.0,31.0,0.18002846924821173,0.18002846924821173,1.2080042871410128,1.2080042871410128
1922-08-01,10.935483870967742,31,31.0,336.34000000000003,94.0,336.34000000000003,1.0,8836.0,3.2938848521699784,0.5915991837154077,0.5915991837154077,3.3,31.0,0.1792724799137599,0.1792724799137599,1.1916888440243492,1.1916888440243492
1922-09-01,7.8,30,30.0,232.38,81.2,232.38,1.0,6593.4400000000005,2.7831636674834628,0.5081338406365,0.5081338406365,2.8,30.0,0.18147637165589287,0.18147637165589287,1.072717440175065,1.072717440175065
1922-10-01,10.35483870967742,31,31.0,311.12,92.8,311.12,1.0,8611.84,3.1679850113689088,0.5689869047832088,0.5689869047832088,3.2,31.0,0.17780840774475273,0.17780840774475273,1.148035351150262,1.148035351150262
1922-11-01,12.233333333333333,30,30.0,328.71,95.7,328.71,1.0,9158.49,3.310135948869774,0.6043453758682474,0.6043453758682474,3.3,30.0,0.18313496238431742,0.18313496238431742,1.072766252386809,1.072766252386809
1922-12-01,29.032258064516128,31,31.0,760.93,138.9,760.93,1.0,19293.210000000003,4.954405012941318,0.889837408712293,0.889837408712293,5.0,31.0,0.1779674817424586,0.1779674817424586,1.2553269214581257,1.2553269214581257
1923-01-01,7.548387096774194,31,31.0,270.09,83.5,270.09,1.0,6972.25,2.9517080894223415,0.5301424228955743,0.5301424228955743,3.0,31.0,0.17671414096519145,0.17671414096519145,1.2501805388113683,1.2501805388113683
1923-02-01,2.5,28,28.0,147.57999999999998,62.6,147.57999999999998,1.0,3918.76,2.295803625250706,0.4338661036752783,0.4338661036752783,2.3,28.0,0.1886374363805558,0.1886374363805558,1.0606176316166291,1.0606176316166291
1923-03-01,5.483870967741935,31,31.0,217.26,78.0,217.26,1.0,6084.0,2.6473358488817005,0.4754755547047063,0.4754755547047063,2.6,31.0,0.18287521334796397,0.18287521334796397,1.0702877577666643,1.0702877577666643
1923-04-01,10.233333333333333,30,30.0,296.27,89.9,296.27,1.0,8082.010000000001,3.142557345008467,0.5737498487048941,0.5737498487048941,3.1,30.0,0.18508059635641744,0.18508059635641744,1.0728241631495528,1.0728241631495528
1923-05-01,5.32258064516129,31,31.0,206.6,77.4,206.6,1.0,5990.760000000001,2.5815724140593574,0.4636640931311213,0.4636640931311213,2.6,31.0,0.17833234351196972,0.17833234351196972,1.0874111366213934,1.0874111366213934
1923-06-01,15.266666666666667,30,30.0,418.38,101.0,418.38,1.0,10201.0,3.7344343614528825,0.6818113130967149,0.6818113130967149,3.7,30.0,0.18427332786397702,0.18427332786397702,1.2167108606896722,1.2167108606896722
1923-07-01,5.935483870967742,31,31.0,224.33,79.1,224.33,1.0,6256.8099999999995,2.6900653547643087,0.48315000051420703,0.48315000051420703,2.7,31.0,0.17894444463489148,0.17894444463489148,1.1241413150147206,1.1241413150147206
1923-08-01,0.8064516129032258,31,31.0,135.89,64.3,135.89,1.0,4134.49,2.0936925244879614,0.3760382782118612,0.3760382782118612,2.1,31.0,0.17906584676755294,0.17906584676755294,1.02588906117141,1.02588906117141
1923-09-01,22.133333333333333,30,30.0,540.52,122.6,540.52,1.0,15030.759999999998,4.244682948505498,0.7749695334513337,0.7749695334513337,4.2,30.0,0.18451655558365088,0.18451655558365088,1.058331677046067,1.058331677046067
1923-10-01,19.483870967741936,31,31.0,491.15,117.9,491.15,1.0,13900.410000000002,3.9803955063657646,0.7149001371068409,0.7149001371068409,4.0,31.0,0.17872503427671022,0.17872503427671022,1.1100426123440068,1.1100426123440068
1923-11-01,16.733333333333334,30,30.0,432.88,106.39999999999999,432.88,1.0,11320.959999999997,3.798596231943234,0.693525614363145,0.693525614363145,3.8,30.0,0.18250674062188027,0.18250674062188027,1.1538416323171765,1.1538416323171765
1923-12-01,4.645161290322581,31,31.0,210.28,76.2,210.28,1.0,5806.4400000000005,2.6044626713492387,0.467775304705141,0.467775304705141,2.6,31.0,0.17991357873274652,0.17991357873274652,1.123284537968893,1.123284537968893
1924-01-01,0.8064516129032258,31,31.0,135.89,64.3,135.89,1.0,4134.49,2.0936925244879614,0.3760382782118612,0.3760382782118612,2.1,31.0,0.17906584676755294,0.17906584676755294,1.02588906117141,1.02588906117141
1924-02-01,8.482758620689655,29,29.0,283.35,80.5,283.35,1.0,6480.25,3.125810239789424,0.5804483895549887,0.5804483895549887,3.1,29.0,0.18724141598548022,0.18724141598548022,1.2584776259097292,1.2584776259097292
1924-03-01,3.0,31,31.0,174.47,70.9,174.47,1.0,5026.81,2.3723542138831277,0.42608739509897126,0.42608739509897126,2.4,31.0,0.17753641462457137,0.17753641462457137,1.1048051043414104,1.1048051043414104
1924-04-01,18.933333333333334,30,30.0,521.0,107.39999999999999,521.0,1.0,11534.759999999998,4.167333280008532,0.7608474807008885,0.7608474807008885,4.2,30.0,0.18115416207164012,0.18115416207164012,1.394165117089895,1.394165117089895
1924-05-01,34.61290322580645,31,31.0,872.5600000000001,154.4,872.5600000000001,1.0,23839.36,5.305383753715988,0.9528750514541048,0.9528750514541048,5.3,31.0,0.17978774555737825,0.17978774555737825,1.1373778671821935,1.1373778671821935
1924-06-01,39.96666666666667,30,30.0,955.22,163.0,955.22,1.0,26569.0,5.6427534649908875,1.0302211197386488,1.0302211197386488,5.6,30.0,0.1839680570961873,0.1839680570961873,1.0646136571798461,1.0646136571798461
1924-07-01,46.935483870967744,31,31.0,1156.1200000000001,181.4,1156.1200000000001,1.0,32905.96,6.106897211218402,1.0968311180673505,1.0968311180673505,6.1,31.0,0.17980838001104107,0.17980838001104107,1.0898539961146256,1.0898539961146256
1924-08-01,32.12903225806452,31,31.0,794.89,151.1,794.89,1.0,22831.21,5.06375482258233,0.9094772142994373,0.9094772142994373,5.1,31.0,0.17832886554890928,0.17832886554890928,1.0982196664415835,1.0982196664415835
1924-09-01,41.9,30,30.0,997.63,168.1,997.63,1.0,28257.609999999997,5.7666570327472515,1.0528427127438256,1.0528427127438256,5.8,30.0,0.18152460564548717,0.18152460564548717,1.0740422406766257,1.0740422406766257
1924-10-01,42.61290322580645,31,31.0,1050.41,177.1,1050.41,1.0,31364.409999999996,5.821013103265368,1.0454848165137904,1.0454848165137904,5.8,31.0,0.18025600284720525,0.18025600284720525,1.0317882826416838,1.0317882826416838
1924-11-01,37.5,30,30.0,927.16,149.8,927.16,1.0,22440.040000000005,5.559256545018707,1.0149767375549932,1.0149767375549932,5.6,30.0,0.18124584599196308,0.18124584599196308,1.2688603292539162,1.2688603292539162
1924-12-01,27.483870967741936,31,31.0,714.52,136.8,714.52,1.0,18714.24,4.800940768022921,0.8622744166534134,0.8622744166534134,4.8,31.0,0.17964050346946114,0.17964050346946114,1.1904029618238505,1.1904029618238505
1925-01-01,9.096774193548388,31,31.0,293.61,89.1,293.61,1.0,7938.809999999999,3.077546152794568,0.5527436062740074,0.5527436062740074,3.1,31.0,0.17830438912064756,0.17830438912064756,1.1695704494323238,1.1695704494323238
1925-02-01,38.607142857142854,28,28.0,870.85,145.9,870.85,1.0,21286.81,5.5768974989940165,1.0539345621168754,1.0539345621168754,5.6,28.0,0.18820260037801348,0.18820260037801348,1.1616103283901416,1.1616103283901416
1925-03-01,29.967741935483872,31,31.0,761.92,144.6,761.92,1.0,20909.16,4.957626903683761,0.8904160773721868,0.8904160773721868,5.0,31.0,0.17808321547443734,0.17808321547443734,1.1546534413646732,1.1546534413646732
1925-04-01,52.96666666666667,30,30.0,1260.46,186.0,1260.46,1.0,34596.0,6.48192358280575,1.183431920775805,1.183431920775805,6.5,30.0,0.18206644935012387,0.18206644935012387,1.1028631904567918,1.1028631904567918
1925-05-01,71.35483870967742,31,31.0,1763.39,229.1,1763.39,1.0,52486.81,7.542118295750656,1.3546044344299613,1.3546044344299613,7.5,31.0,0.1806139245906615,0.1806139245906615,1.0309411313353871,1.0309411313353871
1925-06-01,79.06666666666666,30,30.0,1895.01,212.9,1895.01,1.0,45326.41,7.947766981989344,1.4510570859434395,1.4510570859434395,7.9,30.0,0.18367811214473917,0.18367811214473917,1.2496486413055992,1.2496486413055992
1925-07-01,64.19354838709677,31,31.0,1587.23,217.7,1587.23,1.0,47393.28999999999,7.155485150703304,1.2851630716401699,1.2851630716401699,7.2,31.0,0.1784948710611347,0.1784948710611347,1.0529395018912346,1.0529395018912346
1925-08-01,63.25806451612903,31,31.0,1557.61,206.5,1557.61,1.0,42642.25,7.088404889040111,1.2731151009841168,1.2731151009841168,7.1,31.0,0.17931198605410098,0.17931198605410098,1.1412148189688407,1.1412148189688407
1925-09-01,100.3,30,30.0,2391.03,264.1,2391.03,1.0,69748.81000000001,8.927541654901422,1.62993864915217,1.62993864915217,8.9,30.0,0.18313917406204155,0.18313917406204155,1.022865807038177,1.022865807038177
1925-10-01,115.3225806451613,31,31.0,2849.06,289.8,2849.06,1.0,83984.04000000001,9.586717962385384,1.721825375079735,1.721825375079735,9.6,31.0,0.17935680990413908,0.17935680990413908,1.0564703411524843,1.0564703411524843
1925-11-01,97.6,30,30.0,2328.9900000000002,254.1,2328.9900000000002,1.0,64566.81,8.81095908513937,1.6086536813953047,1.6086536813953047,8.8,30.0,0.18280155470401188,0.18280155470401188,1.0824127516034465,1.0824127516034465
1925-12-01,164.38709677419354,31,31.0,4054.69,351.5,4054.69,1.0,123552.25,11.436627632869019,2.0540789601692,2.0540789601692,11.4,31.0,0.1801823649271228,0.1801823649271228,1.0112078439091143,1.0112078439091143
1926-01-01,119.70967741935483,31,31.0,2947.64,297.8,2947.64,1.0,88684.84000000001,9.751162048203412,1.7513604047795988,1.7513604047795988,9.8,31.0,0.17871024538567332,0.17871024538567332,1.0421007450674853,1.0421007450674853
1926-02-01,116.42857142857143,28,28.0,2597.1,260.0,2597.1,1.0,67600.0,9.63086555967694,1.8200625129430055,1.8200625129430055,9.6,28.0,0.18958984509822974,0.18958984509822974,1.0715881906807234,1.0715881906807234
1926-03-01,104.19354838709677,31,31.0,2569.52,274.0,2569.52,1.0,75076.0,9.104270532858955,1.6351752587875994,1.6351752587875994,9.1,31.0,0.17968958887775818,0.17968958887775818,1.0621242404816782,1.0621242404816782
1926-04-01,64.16666666666667,30,30.0,1534.69,208.1,1534.69,1.0,43305.61,7.1523655760407925,1.3058373218403245,1.3058373218403245,7.2,30.0,0.18136629470004506,0.18136629470004506,1.0802086714872452,1.0802086714872452
1926-05-01,107.0,31,31.0,2643.18,281.6,2643.18,1.0,79298.56000000001,9.233843780774176,1.6584473011140028,1.6584473011140028,9.2,31.0,0.1802660109906525,0.1802660109906525,1.0266188752831176,1.0266188752831176
1926-06-01,122.36666666666666,30,30.0,2918.73,292.9,2918.73,1.0,85790.40999999999,9.863620025122621,1.8008423954731112,1.8008423954731112,9.9,30.0,0.1819032722700112,0.1819032722700112,1.0291847588947154,1.0291847588947154
1926-07-01,87.2258064516129,31,31.0,2154.13,236.9,2154.13,1.0,56121.61,8.335950126777933,1.497180840200083,1.497180840200083,8.3,31.0,0.18038323375904614,0.18038323375904614,1.186810279079179,1.186810279079179
1926-08-01,102.70967741935483,31,31.0,2529.48,278.0,2529.48,1.0,77284.0,9.033057568302,1.6223850327801257,1.6223850327801257,9.0,31.0,0.1802650036422362,0.1802650036422362,1.0074510544646664,1.0074510544646664
1926-09-01,101.43333333333334,30,30.0,2421.57,261.7,2421.57,1.0,68486.89,8.984375326086951,1.6403150103968853,1.6403150103968853,9.0,30.0,0.1822572233774317,0.1822572233774317,1.0667991920723308,1.0667991920723308
1926-10-01,119.25806451612904,31,31.0,2938.62,292.2,2938.62,1.0,85380.84,9.736230972423934,1.7486787044046408,1.7486787044046408,9.7,31.0,0.18027615509326195,0.18027615509326195,1.06112947953124,1.06112947953124
1926-11-01,100.83333333333333,30,30.0,2407.89,261.3,2407.89,1.0,68277.69,8.958961993445445,1.6356751918805068,1.6356751918805068,9.0,30.0,0.18174168798672297,0.18174168798672297,1.070173433045189,1.070173433045189
1926-12-01,132.38709677419354,31,31.0,3265.75,314.9,3265.75,1.0,99162.00999999998,10.26385766627482,1.8434432561111178,1.8434432561111178,10.3,31.0,0.17897507340884639,0.17897507340884639,1.0290989450474923,1.0290989450474923
1927-01-01,136.0,31,31.0,3350.7200000000003,318.2,3350.7200000000003,1.0,101251.23999999999,10.39652547419011,1.867271097820974,1.867271097820974,10.4,31.0,0.17954529786740134,0.17954529786740134,1.0274821829342686,1.0274821829342686
1927-02-01,155.07142857142858,28,28.0,3447.7000000000003,304.2,3447.7000000000003,1.0,92537.64,11.096492367281783,2.0970399449252857,2.0970399449252857,11.1,28.0,0.18892251756083656,0.18892251756083656,1.0455606996704678,1.0455606996704678
1927-03-01,116.06451612903226,31,31.0,2860.36,287.0,2860.36,1.0,82369.0,9.605710667064402,1.7252365655399153,1.7252365655399153,9.6,31.0,0.17971214224374119,0.17971214224374119,1.077938196402303,1.077938196402303
1927-04-01,155.83333333333334,30,30.0,3721.15,328.7,3721.15,1.0,108043.68999999999,11.137249810134158,2.033374316526869,2.033374316526869,11.1,30.0,0.183186875362781,0.183186875362781,1.0272741633783073,1.0272741633783073
1927-05-01,131.90322580645162,31,31.0,3255.6000000000004,313.6,3255.6000000000004,1.0,98344.96000000002,10.247895141867412,1.8405763020938155,1.8405763020938155,10.2,31.0,0.18044865706802113,0.18044865706802113,1.017220433495398,1.017220433495398
1927-06-01,98.5,30,30.0,2348.02,259.6,2348.02,1.0,67392.16000000002,8.846882690153256,1.6152124043329754,1.6152124043329754,8.8,30.0,0.18354686412874718,0.18354686412874718,1.0354196396477837,1.0354196396477837
1927-07-01,91.58064516129032,31,31.0,2259.38,257.2,2259.38,1.0,66151.84,8.53716731746846,1.5333205145070343,1.5333205145070343,8.5,31.0,0.18039064876553346,0.18039064876553346,1.0513426779936161,1.0513426779936161
1927-08-01,89.64516129032258,31,31.0,2209.05,257.3,2209.05,1.0,66203.29000000001,8.441544729452948,1.5161461907059264,1.5161461907059264,8.4,31.0,0.1804935941316579,0.1804935941316579,1.0250783508015722,1.0250783508015722
1927-09-01,114.06666666666666,30,30.0,2719.4,279.4,2719.4,1.0,78064.35999999999,9.520854303405061,1.7382622228983624,1.7382622228983624,9.5,30.0,0.18297497083140657,0.18297497083140657,1.0419489239890765,1.0419489239890765
1927-10-01,105.19354838709677,31,31.0,2592.95,278.1,2592.95,1.0,77339.61000000002,9.14568468662116,1.6426134603822433,1.6426134603822433,9.1,31.0,0.1805069736683784,0.1805069736683784,1.0299785970369777,1.0299785970369777
1927-11-01,112.1,30,30.0,2671.75,277.7,2671.75,1.0,77117.29,9.4370722861136,1.7229657893037549,1.7229657893037549,9.4,30.0,0.18329423290465477,0.18329423290465477,1.0323284645393132,1.0323284645393132
1927-12-01,75.29032258064517,31,31.0,1851.85,228.5,1851.85,1.0,52212.25,7.728977731511041,1.3881653798262579,1.3881653798262579,7.7,31.0,0.18028121815925427,0.18028121815925427,1.0946267305263662,1.0946267305263662
1928-01-01,139.2258064516129,31,31.0,3427.89,323.3,3427.89,1.0,104522.89000000001,10.515564500976328,1.888651138179886,1.888651138179886,10.5,31.0,0.17987153696951297,0.17987153696951297,1.0141189969830355,1.0141189969830355
1928-02-01,122.44827586206897,29,29.0,2825.15,276.5,2825.15,1.0,76452.25,9.870104635577142,1.8328324181463844,1.8328324181463844,9.9,29.0,0.18513458769155397,0.18513458769155397,1.0811407756111542,1.0811407756111542
1928-03-01,142.41935483870967,31,31.0,3516.34,327.0,3516.34,1.0,106929.0,10.650367250975206,1.912862426807474,1.912862426807474,10.7,31.0,0.17877218942125928,0.17877218942125928,1.0299372436604957,1.0299372436604957
1928-04-01,134.33333333333334,30,30.0,3204.26,300.6,3204.26,1.0,90360.36000000002,10.33482784891295,1.8868727802607386,1.8868727802607386,10.3,30.0,0.18319153206414937,0.18319153206414937,1.0587525141671092,1.0587525141671092
1928-05-01,128.25806451612902,31,31.0,3166.68,290.8,3166.68,1.0,84564.64,10.106976191816,1.815266511508536,1.815266511508536,10.1,31.0,0.17972935757510258,0.17972935757510258,1.16544603820538,1.16544603820538
1928-06-01,152.4,30,30.0,3638.08,319.4,3638.08,1.0,102016.35999999999,11.012235619225251,2.010549952403847,2.010549952403847,11.0,30.0,0.18277726840034972,0.18277726840034972,1.069971135905202,1.069971135905202
1928-07-01,163.38709677419354,31,31.0,4028.29,349.1,4028.29,1.0,121870.81000000001,11.399335011731054,2.0473810076863455,2.0473810076863455,11.4,31.0,0.17959482523564432,0.17959482523564432,1.0256337865144092,1.0256337865144092
1928-08-01,139.58064516129033,31,31.0,3439.15,324.3,3439.15,1.0,105170.49,10.532821207095711,1.891750534094445,1.891750534094445,10.5,31.0,0.18016671753280428,0.18016671753280428,1.0076648946135969,1.0076648946135969
1928-09-01,149.56666666666666,30,30.0,3574.0299999999997,322.5,3574.0299999999997,1.0,104006.25,10.914867536224767,1.9927730539237136,1.9927730539237136,10.9,30.0,0.182823215956304,0.182823215956304,1.0291017165606815,1.0291017165606815
1928-10-01,102.25806451612904,31,31.0,2523.39,275.7,2523.39,1.0,76010.48999999999,9.022176977833833,1.6204308210428606,1.6204308210428606,9.0,31.0,0.1800478690047623,0.1800478690047623,1.0249092697902082,1.0249092697902082
1928-11-01,83.93333333333334,30,30.0,2006.3400000000001,237.2,2006.3400000000001,1.0,56263.84,8.177897040193157,1.4930728939561748,1.4930728939561748,8.2,30.0,0.1820820602385579,0.1820820602385579,1.0783699949315761,1.0783699949315761
1928-12-01,98.3225806451613,31,31.0,2424.79,261.9,2424.79,1.0,68591.60999999999,8.844152432995743,1.5884566688990365,1.5884566688990365,8.8,31.0,0.18050643964761776,0.18050643964761776,1.0880838764806897,1.0880838764806897
1929-01-01,114.7741935483871,31,31.0,2829.5,291.2,2829.5,1.0,84797.43999999999,9.553752851544104,1.7159046663907407,1.7159046663907407,9.6,31.0,0.17874006941570217,0.17874006941570217,1.045973096310582,1.045973096310582
1929-02-01,104.67857142857143,28,28.0,2333.09,251.7,2333.09,1.0,63352.88999999999,9.128233282357701,1.7250739410358087,1.7250739410358087,9.1,28.0,0.18956856494898996,0.18956856494898996,1.0257318116414673,1.0257318116414673
1929-03-01,83.7741935483871,31,31.0,2064.21,243.1,2064.21,1.0,59097.61,8.160111479314404,1.4655992868144165,1.4655992868144165,8.2,31.0,0.17873162034322154,0.17873162034322154,1.0967859184267463,1.0967859184267463
1929-04-01,87.93333333333334,30,30.0,2099.64,249.4,2099.64,1.0,62200.36,8.36588309743807,1.527394295306007,1.527394295306007,8.4,30.0,0.18183265420309605,0.18183265420309605,1.0216909215064311,1.0216909215064311
1929-05-01,97.0,31,31.0,2390.44,268.2,2390.44,1.0,71931.23999999999,8.781285084879974,1.5771653598530815,1.5771653598530815,8.8,31.0,0.17922333634694107,0.17922333634694107,1.0357861859512691,1.0357861859512691
1929-06-01,119.86666666666666,30,30.0,2863.42,289.6,2863.42,1.0,83868.16000000002,9.769715110141817,1.7836977820745805,1.7836977820745805,9.8,30.0,0.18200997776271227,0.18200997776271227,1.031699873365435,1.031699873365435
1929-07-01,117.12903225806451,31,31.0,2875.63,296.7,2875.63,1.0,88030.89,9.631316528103318,1.7298355139454653,1.7298355139454653,9.6,31.0,0.18019119936931932,0.18019119936931932,1.0062811152241211,1.0062811152241211
1929-08-01,109.61290322580645,31,31.0,2703.42,281.6,2703.42,1.0,79298.56000000001,9.338474006720453,1.6772394444462138,1.6772394444462138,9.3,31.0,0.1803483273598079,0.1803483273598079,1.0498508129889181,1.0498508129889181
1929-09-01,57.266666666666666,30,30.0,1368.48,197.2,1368.48,1.0,38887.84,6.753961800306543,1.233099076852032,1.233099076852032,6.8,30.0,0.18133809953706354,0.18133809953706354,1.0727133938318776,1.0727133938318776
1929-10-01,90.09677419354838,31,31.0,2217.19,255.9,2217.19,1.0,65484.810000000005,8.45708330717607,1.5189370016509542,1.5189370016509542,8.5,31.0,0.1786984707824652,0.1786984707824652,1.0623927373907853,1.0623927373907853
1929-11-01,135.13333333333333,30,30.0,3227.26,307.4,3227.26,1.0,94494.75999999998,10.371852936352951,1.8936326054555686,1.8936326054555686,10.4,30.0,0.18208005821688159,0.18208005821688159,1.031218560823952,1.031218560823952
1929-12-01,179.93548387096774,31,31.0,4443.01,366.5,4443.01,1.0,134322.25,11.97175439214347,2.1501905633912965,2.1501905633912965,12.0,31.0,0.1791825469492747,0.1791825469492747,1.0312732812418672,1.0312732812418672
1930-01-01,108.83870967741936,31,31.0,2685.07,283.9,2685.07,1.0,80599.20999999999,9.306726668938042,1.6715374542552577,1.6715374542552577,9.3,31.0,0.17973521013497393,0.17973521013497393,1.032313518444791,1.032313518444791
1930-02-01,83.14285714285714,28,28.0,1850.68,211.6,1850.68,1.0,44774.56,8.129927077515166,1.5364118017282333,1.5364118017282333,8.1,28.0,0.1896804693491646,0.1896804693491646,1.1552441205221895,1.1552441205221895
1930-03-01,58.38709677419355,31,31.0,1436.5700000000002,206.9,1436.5700000000002,1.0,42807.61,6.807420050352078,1.2226487341666084,1.2226487341666084,6.8,31.0,0.17980128443626595,0.17980128443626595,1.0393760949688475,1.0393760949688475
1930-04-01,63.7,30,30.0,1517.62,208.8,1517.62,1.0,43597.44,7.112477299319368,1.298554752193547,1.298554752193547,7.1,30.0,0.1828950355202179,0.1828950355202179,1.04209998997144,1.04209998997144
1930-05-01,61.38709677419355,31,31.0,1512.67,213.70000000000002,1512.67,1.0,45667.69000000001,6.9853995198279755,1.2546147905363918,1.2546147905363918,7.0,31.0,0.17923068436234169,0.17923068436234169,1.0321890919764047,1.0321890919764047
1930-06-01,48.0,30,30.0,1144.4,177.2,1144.4,1.0,31399.839999999997,6.176298783791687,1.1276327219248101,1.1276327219248101,6.2,30.0,0.18187624547174355,0.18187624547174355,1.1056391842260438,1.1056391842260438
1930-07-01,36.54838709677419,31,31.0,902.37,164.1,902.37,1.0,26928.809999999998,5.395248805886467,0.9690152912908357,0.9690152912908357,5.4,31.0,0.17944727616496958,0.17944727616496958,1.042032256428463,1.042032256428463
1930-08-01,41.516129032258064,31,31.0,1021.8,171.4,1021.8,1.0,29377.960000000003,5.741192412955748,1.0311485973227457,1.0311485973227457,5.7,31.0,0.18090326268820098,0.18090326268820098,1.0650627588502815,1.0650627588502815
1930-09-01,53.53333333333333,30,30.0,1280.74,185.2,1280.74,1.0,34299.03999999999,6.533860522947619,1.1929142653369706,1.1929142653369706,6.5,30.0,0.18352527159030319,0.18352527159030319,1.1128453009391763,1.1128453009391763
1930-10-01,57.225806451612904,31,31.0,1413.72,203.4,1413.72,1.0,41371.560000000005,6.753063820795856,1.2128860671401263,1.2128860671401263,6.8,31.0,0.1783655981088421,0.1783655981088421,1.0767078500739777,1.0767078500739777
1930-11-01,59.36666666666667,30,30.0,1426.31,193.3,1426.31,1.0,37364.89000000001,6.8951915612741805,1.2588839854763776,1.2588839854763776,6.9,30.0,0.1824469544168663,0.1824469544168663,1.1525967358754854,1.1525967358754854
1930-12-01,43.0,31,31.0,1064.42,173.4,1064.42,1.0,30067.56,5.859703834858727,1.0524338770472526,1.0524338770472526,5.9,31.0,0.17837862322834788,0.17837862322834788,1.116706329038856,1.116706329038856
1931-01-01,24.419354838709676,31,31.0,616.92,130.8,616.92,1.0,17108.640000000003,4.461013916285212,0.8012217517800514,0.8012217517800514,4.5,31.0,0.17804927817334476,0.17804927817334476,1.142593374129563,1.142593374129563
1931-02-01,71.82142857142857,28,28.0,1601.31,201.3,1601.31,1.0,40521.69,7.562383411143795,1.4291561303433433,1.4291561303433433,7.6,28.0,0.18804685925570308,0.18804685925570308,1.1223562051552425,1.1223562051552425
1931-03-01,50.064516129032256,31,31.0,1236.77,190.5,1236.77,1.0,36290.25,6.316312725919523,1.1344432548343377,1.1344432548343377,6.3,31.0,0.18007035791021234,0.18007035791021234,1.0528289915865698,1.0528289915865698
1931-04-01,51.96666666666667,30,30.0,1239.48,190.6,1239.48,1.0,36328.36,6.427752328769365,1.173541648174448,1.173541648174448,6.4,30.0,0.1833658825272575,0.1833658825272575,1.0152652350260256,1.0152652350260256
1931-05-01,40.806451612903224,31,31.0,1005.84,172.8,1005.84,1.0,29859.840000000004,5.696178685127708,1.0230638931408396,1.0230638931408396,5.7,31.0,0.17948489353348063,0.17948489353348063,1.0472395508421708,1.0472395508421708
1931-06-01,25.5,30,30.0,650.51,125.1,650.51,1.0,15650.009999999998,4.656572416130417,0.8501699176569875,0.8501699176569875,4.7,30.0,0.1808872165227633,0.1808872165227633,1.2820754025134176,1.2820754025134176
1931-07-01,29.0,31,31.0,726.99,141.5,726.99,1.0,20022.25,4.8426532317088995,0.8697661962920145,0.8697661962920145,4.8,31.0,0.1812012908941697,0.1812012908941697,1.1098295643593297,1.1098295643593297
1931-08-01,21.612903225806452,31,31.0,576.26,121.8,576.26,1.0,14835.24,4.311500000935233,0.7743682598564128,0.7743682598564128,4.3,31.0,0.18008564182707273,0.18008564182707273,1.205740522814395,1.205740522814395
1931-09-01,31.7,30,30.0,756.49,147.7,756.49,1.0,21815.289999999997,5.0215867346221685,0.9168121096737567,0.9168121096737567,5.0,30.0,0.18336242193475133,0.18336242193475133,1.0325141983398864,1.0325141983398864
1931-10-01,16.580645161290324,31,31.0,432.19,111.7,432.19,1.0,12476.890000000001,3.733846930877832,0.6706187057420595,0.6706187057420595,3.7,31.0,0.18124829884920526,0.18124829884920526,1.0563899474457645,1.0563899474457645
1931-11-01,31.2,30,30.0,773.2,140.8,773.2,1.0,19824.640000000003,5.076744363598913,0.9268824688767779,0.9268824688767779,5.1,30.0,0.18174166056407412,0.18174166056407412,1.1881411588835278,1.1881411588835278
1931-12-01,29.677419354838708,31,31.0,742.13,144.7,742.13,1.0,20938.089999999997,4.892818964498364,0.8787762278810607,0.8787762278810607,4.9,31.0,0.17934208732266543,0.17934208732266543,1.1057399598731632,1.1057399598731632
1932-01-01,20.06451612903226,31,31.0,524.41,118.5,524.41,1.0,14042.25,4.112961416413145,0.7387096774193548,0.7387096774193548,4.1,31.0,0.18017309205350118,0.18017309205350118,1.1562498150592104,1.1562498150592104
1932-02-01,17.620689655172413,29,29.0,451.54,104.2,451.54,1.0,10857.640000000001,3.945927625741026,0.7327403648841511,0.7327403648841511,3.9,29.0,0.18788214484209,0.18788214484209,1.1858496458807812,1.1858496458807812
1932-03-01,18.806451612903224,31,31.0,493.05,113.9,493.05,1.0,12973.210000000001,3.988087099058572,0.7162815879354995,0.7162815879354995,4.0,31.0,0.17907039698387486,0.17907039698387486,1.192528781682286,1.192528781682286
1932-04-01,18.666666666666668,30,30.0,495.72,110.6,495.72,1.0,12232.359999999999,4.0649723246290375,0.7421590126111789,0.7421590126111789,4.1,30.0,0.18101439331979974,0.18101439331979974,1.2468031736510619,1.2468031736510619
1932-05-01,29.741935483870968,31,31.0,756.12,142.8,756.12,1.0,20391.840000000004,4.938721265867865,0.8870205245822539,0.8870205245822539,4.9,31.0,0.18102459685352118,0.18102459685352118,1.1365760970313286,1.1365760970313286
1932-06-01,36.93333333333333,30,30.0,886.13,157.7,886.13,1.0,24869.289999999997,5.4348566371769795,0.992264525662834,0.992264525662834,5.4,30.0,0.18375268993756183,0.18375268993756183,1.057319802728248,1.057319802728248
1932-07-01,16.032258064516128,31,31.0,439.04,108.4,439.04,1.0,11750.560000000001,3.7633204281805837,0.6759123021269056,0.6759123021269056,3.8,31.0,0.17787165845444883,0.17787165845444883,1.1879747372590066,1.1879747372590066
1932-08-01,11.32258064516129,31,31.0,337.42,95.8,337.42,1.0,9177.64,3.299169005830447,0.5925482457295521,0.5925482457295521,3.3,31.0,0.17956007446350064,0.17956007446350064,1.1456581397295542,1.1456581397295542
1932-09-01,6.6,30,30.0,221.82999999999998,78.1,221.82999999999998,1.0,6099.609999999999,2.719252348226132,0.4964652835574485,0.4964652835574485,2.7,30.0,0.18387603094720315,0.18387603094720315,1.0784973238195377,1.0784973238195377
1932-10-01,14.774193548387096,31,31.0,387.27,104.5,387.27,1.0,10920.25,3.534484494966881,0.6348121552274797,0.6348121552274797,3.5,31.0,0.18137490149356564,0.18137490149356564,1.0808887893074894,1.0808887893074894
1932-11-01,13.7,30,30.0,374.05,98.3,374.05,1.0,9662.89,3.5310527231030315,0.6446790760611911,0.6446790760611911,3.5,30.0,0.18419402173176888,0.18419402173176888,1.146639408149995,1.146639408149995
1932-12-01,18.451612903225808,31,31.0,479.1,117.4,479.1,1.0,13782.760000000002,3.9312642635261015,0.7060759053976722,0.7060759053976722,3.9,31.0,0.18104510394812107,0.18104510394812107,1.062693273881022,1.062693273881022
1933-01-01,20.387096774193548,31,31.0,551.88,119.2,551.88,1.0,14208.640000000001,4.219310446644249,0.7578105271142668,0.7578105271142668,4.2,31.0,0.18043107788434923,0.18043107788434923,1.2008822004633601,1.2008822004633601
1933-02-01,36.892857142857146,28,28.0,870.73,133.1,870.73,1.0,17715.609999999997,5.5765132475409755,1.0538619454178997,1.0538619454178997,5.6,28.0,0.18818963311033923,0.18818963311033923,1.4078764586034451,1.4078764586034451
1933-03-01,16.838709677419356,31,31.0,450.03,111.1,450.03,1.0,12343.21,3.8101308080161167,0.6843196945352545,0.6843196945352545,3.8,31.0,0.18008413014085647,0.18008413014085647,1.128950373239117,1.128950373239117
1933-04-01,4.9,30,30.0,205.28,74.2,205.28,1.0,5505.64,2.6158491291866715,0.4775865250285951,0.4775865250285951,2.6,30.0,0.18368712501099813,0.18368712501099813,1.109117116573214,1.109117116573214
1933-05-01,5.258064516129032,31,31.0,216.09,77.7,216.09,1.0,6037.290000000001,2.640197939793591,0.47419354838709676,0.47419354838709676,2.6,31.0,0.18238213399503722,0.18238213399503722,1.0788617467188895,1.0788617467188895
1933-06-01,8.666666666666666,30,30.0,263.90999999999997,84.5,263.90999999999997,1.0,7140.25,2.9659737018389087,0.5415102338214239,0.5415102338214239,3.0,30.0,0.18050341127380798,0.18050341127380798,1.1395727959932174,1.1395727959932174
1933-07-01,4.709677419354839,31,31.0,211.57000000000002,75.9,211.57000000000002,1.0,5760.810000000001,2.6124392260256353,0.4692079362169283,0.4692079362169283,2.6,31.0,0.18046459085266472,0.18046459085266472,1.132549682479042,1.132549682479042
1933-08-01,0.3870967741935484,31,31.0,129.0,63.0,129.0,1.0,3969.0,2.0399240972596617,0.36638118360001765,0.36638118360001765,2.0,31.0,0.18319059180000882,0.18319059180000882,0.9674479166666666,0.9674479166666666
1933-09-01,8.5,30,30.0,261.79,84.3,261.79,1.0,7106.49,2.954036786049445,0.5393308611397811,0.5393308611397811,3.0,30.0,0.17977695371326038,0.17977695371326038,1.1451502622467018,1.1451502622467018
1933-10-01,5.0,31,31.0,215.99,76.5,215.99,1.0,5852.25,2.6395869667125402,0.4740838143823445,0.4740838143823445,2.6,31.0,0.18233992860859402,0.18233992860859402,1.1142796819167322,1.1142796819167322
1933-11-01,1.0,30,30.0,135.85,62.9,135.85,1.0,3956.41,2.1279880952047954,0.3885156939487058,0.3885156939487058,2.1,30.0,0.18500747330890752,0.18500747330890752,1.0032953284335282,1.0032953284335282
1933-12-01,0.41935483870967744,31,31.0,130.89,63.3,130.89,1.0,4006.8899999999994,2.054813389219597,0.36905537937944677,0.36905537937944677,2.1,31.0,0.1757406568473556,0.1757406568473556,1.0596284829721363,1.0596284829721363
1934-01-01,5.67741935483871,31,31.0,225.19,79.1,225.19,1.0,6256.8099999999995,2.6952167906101905,0.48407522570517825,0.48407522570517825,2.7,31.0,0.17928712063154748,0.17928712063154748,1.1241590153225836,1.1241590153225836
1934-02-01,12.928571428571429,28,28.0,320.49,91.3,320.49,1.0,8335.689999999999,3.3832043137492347,0.6393655177643868,0.6393655177643868,3.4,28.0,0.18804868169540787,0.18804868169540787,1.0907463319692585,1.0907463319692585
1934-03-01,7.193548387096774,31,31.0,245.5,82.2,245.5,1.0,6756.84,2.8141348295185993,0.5054335359997547,0.5054335359997547,2.8,31.0,0.18051197714276956,0.18051197714276956,1.1193917073904909,1.1193917073904909
1934-04-01,18.8,30,30.0,487.55,112.1,487.55,1.0,12566.409999999998,4.031335593406566,0.7360178137940835,0.7360178137940835,4.0,30.0,0.18400445344852087,0.18400445344852087,1.1518015773011694,1.1518015773011694
1934-05-01,32.903225806451616,31,31.0,826.74,151.6,826.74,1.0,22982.559999999998,5.164206837265962,0.9275189287358891,0.9275189287358891,5.2,31.0,0.17836902475690175,0.17836902475690175,1.1355345909111016,1.1355345909111016
1934-06-01,11.166666666666666,30,30.0,335.09,90.9,335.09,1.0,8262.810000000001,3.3421051250172646,0.610182122175193,0.610182122175193,3.3,30.0,0.1849036733864221,0.1849036733864221,1.1940267819751451,1.1940267819751451
1934-07-01,15.32258064516129,31,31.0,427.6,106.8,427.6,1.0,11406.24,3.7139666647799596,0.6670481045451784,0.6670481045451784,3.7,31.0,0.18028327149869686,0.18028327149869686,1.1593867728607552,1.1593867728607552
1934-08-01,13.903225806451612,31,31.0,393.54,102.2,393.54,1.0,10444.84,3.5629817161581703,0.6399304072464649,0.6399304072464649,3.6,31.0,0.17775844645735137,0.17775844645735137,1.1999462756061405,1.1999462756061405
1934-09-01,6.7,30,30.0,231.01999999999998,78.8,231.01999999999998,1.0,6209.44,2.775007507497352,0.5066447363674953,0.5066447363674953,2.8,30.0,0.1809445487026769,0.1809445487026769,1.1416026307954275,1.1416026307954275
1934-10-01,9.548387096774194,31,31.0,281.77,90.3,281.77,1.0,8154.089999999999,3.0148556911914834,0.5414840669835876,0.5414840669835876,3.0,31.0,0.18049468899452922,0.18049468899452922,1.0628671090606072,1.0628671090606072
1934-11-01,14.466666666666667,30,30.0,386.46,100.0,386.46,1.0,10000.0,3.589150317275664,0.655286197016235,0.655286197016235,3.6,30.0,0.18202394361562083,0.18202394361562083,1.1730892054331703,1.1730892054331703
1934-12-01,25.677419354838708,31,31.0,677.23,131.9,677.23,1.0,17397.61,4.673984278135525,0.8394723579429284,0.8394723579429284,4.7,31.0,0.1786111399878571,0.1786111399878571,1.2291144100791969,1.2291144100791969
1935-01-01,31.096774193548388,31,31.0,765.52,150.4,765.52,1.0,22620.160000000003,4.969325260876682,0.8925171643490383,0.8925171643490383,5.0,31.0,0.17850343286980766,0.17850343286980766,1.0642810863047845,1.0642810863047845
1935-02-01,34.142857142857146,28,28.0,757.78,142.2,757.78,1.0,20220.839999999997,5.202265989794392,0.9831358616432316,0.9831358616432316,5.2,28.0,0.18906458877754453,0.18906458877754453,1.0502757531446754,1.0502757531446754
1935-03-01,38.483870967741936,31,31.0,964.53,158.7,964.53,1.0,25185.689999999995,5.577980904210944,1.0018349450003894,1.0018349450003894,5.6,31.0,0.1788990973214981,0.1788990973214981,1.2044191937958382,1.2044191937958382
1935-04-01,20.366666666666667,30,30.0,519.08,115.8,519.08,1.0,13409.64,4.159647420956092,0.7594442412419463,0.7594442412419463,4.2,30.0,0.18082005743855864,0.18082005743855864,1.1913307102251571,1.1913307102251571
1935-05-01,45.38709677419355,31,31.0,1148.46,172.0,1148.46,1.0,29584.0,6.08663263013249,1.093191491860969,1.093191491860969,6.1,31.0,0.17921171997720806,0.17921171997720806,1.2171511425490773,1.2171511425490773
1935-06-01,76.16666666666667,30,30.0,1816.46,231.4,1816.46,1.0,53545.96,7.78130237599508,1.4206649460336835,1.4206649460336835,7.8,30.0,0.18213653154277995,0.18213653154277995,1.023391681728994,1.023391681728994
1935-07-01,56.483870967741936,31,31.0,1400.5,200.6,1400.5,1.0,40240.36,6.721414981597157,1.207201767817047,1.207201767817047,6.7,31.0,0.18017936833090253,0.18017936833090253,1.0746380136282674,1.0746380136282674
1935-08-01,50.225806451612904,31,31.0,1237.84,192.6,1237.84,1.0,37094.759999999995,6.319044435723265,1.1349338843986885,1.1349338843986885,6.3,31.0,0.18014823561883944,0.18014823561883944,1.0292085879099488,1.0292085879099488
1935-09-01,70.1,30,30.0,1673.39,219.5,1673.39,1.0,48180.25,7.468578624254194,1.3635696616683075,1.3635696616683075,7.5,30.0,0.181809288222441,0.181809288222441,1.052567513695829,1.052567513695829
1935-10-01,88.74193548387096,31,31.0,2185.32,252.0,2185.32,1.0,63504.0,8.396082035591785,1.5079808498440415,1.5079808498440415,8.4,31.0,0.17952152974333827,0.17952152974333827,1.0701932918321138,1.0701932918321138
1935-11-01,107.0,30,30.0,2549.67,271.7,2549.67,1.0,73820.89,9.218947879232207,1.6831419033066306,1.6831419033066306,9.2,30.0,0.1829502068811555,0.1829502068811555,1.0330443340243087,1.0330443340243087
1935-12-01,102.45161290322581,31,31.0,2522.46,277.4,2522.46,1.0,76950.75999999998,9.02051425470604,1.6201321871533065,1.6201321871533065,9.0,31.0,0.1800146874614785,0.1800146874614785,1.0119610417005362,1.0119610417005362
1936-01-01,104.6774193548387,31,31.0,2579.33,278.5,2579.33,1.0,77562.25,9.121633271974218,1.6382936987904084,1.6382936987904084,9.1,31.0,0.18003227459235258,0.18003227459235258,1.0269149294265947,1.0269149294265947
1936-02-01,123.89655172413794,29,29.0,2850.46,285.0,2850.46,1.0,81225.0,9.914218281737146,1.8410241165882892,1.8410241165882892,9.9,29.0,0.18596203197861508,0.18596203197861508,1.0153290851850614,1.0153290851850614
1936-03-01,128.41935483870967,31,31.0,3165.9,311.2,3165.9,1.0,96845.43999999999,10.105731366487678,1.815042934279472,1.815042934279472,10.1,31.0,0.17970722121578933,0.17970722121578933,1.0126619964188552,1.0126619964188552
1936-04-01,124.8,30,30.0,2978.86,295.8,2978.86,1.0,87497.64000000001,9.964704377618702,1.8192977888307467,1.8192977888307467,10.0,30.0,0.18192977888307466,0.18192977888307466,1.0296071476658795,1.0296071476658795
1936-05-01,90.93548387096774,31,31.0,2244.38,261.2,2244.38,1.0,68225.43999999999,8.508781043058383,1.5282221891181973,1.5282221891181973,8.5,31.0,0.17979084577861146,0.17979084577861146,1.0182902487471406,1.0182902487471406
1936-06-01,116.7,30,30.0,2786.04,284.4,2786.04,1.0,80883.35999999999,9.636804449608801,1.7594317264389658,1.7594317264389658,9.6,30.0,0.1832741381707256,0.1832741381707256,1.0263855405025424,1.0263855405025424
1936-07-01,87.16129032258064,31,31.0,2147.56,255.0,2147.56,1.0,65025.0,8.323228281878256,1.494895929404539,1.494895929404539,8.3,31.0,0.18010794330175167,0.18010794330175167,1.0187394715815403,1.0187394715815403
1936-08-01,144.96774193548387,31,31.0,3577.1,331.2,3577.1,1.0,109693.43999999999,10.741988762824375,1.929318136115294,1.929318136115294,10.7,31.0,0.18031010617899945,0.18031010617899945,1.0031234586492523,1.0031234586492523
1936-09-01,126.66666666666667,30,30.0,3028.42,298.4,3028.42,1.0,89042.55999999998,10.047255014845266,1.8343694042125516,1.8343694042125516,10.0,30.0,0.18343694042125516,0.18343694042125516,1.0111311930805797,1.0111311930805797
1936-10-01,148.2258064516129,31,31.0,3651.52,332.4,3651.52,1.0,110489.75999999998,10.853154736846585,1.9492841344546536,1.9492841344546536,10.9,31.0,0.17883340683070217,0.17883340683070217,1.0345068394986667,1.0345068394986667
1936-11-01,192.3,30,30.0,4597.29,361.9,4597.29,1.0,130971.60999999999,12.379135672574236,2.2601106167619323,2.2601106167619323,12.4,30.0,0.18226698522273646,0.18226698522273646,1.058654242412541,1.058654242412541
1936-12-01,205.61290322580646,31,31.0,5069.26,389.0,5069.26,1.0,151321.0,12.787670473117153,2.2967334175430776,2.2967334175430776,12.8,31.0,0.17943229824555293,0.17943229824555293,1.0419088347256589,1.0419088347256589
1937-01-01,220.8709677419355,31,31.0,5445.87,404.90000000000003,5445.87,1.0,163944.01000000004,13.254177673716752,2.380520584204434,2.380520584204434,13.3,31.0,0.17898651009055894,0.17898651009055894,1.0381536338533688,1.0381536338533688
1937-02-01,214.07142857142858,28,28.0,4762.94,360.0,4762.94,1.0,129600.0,13.042430755039492,2.4647877335439192,2.4647877335439192,13.0,28.0,0.18959905642645533,0.18959905642645533,1.0231982393689822,1.0231982393689822
1937-03-01,139.74193548387098,31,31.0,3449.11,315.7,3449.11,1.0,99666.48999999999,10.54806204490786,1.8944878693728373,1.8944878693728373,10.5,31.0,0.18042741613074642,0.18042741613074642,1.0653079516403379,1.0653079516403379
1937-04-01,182.16666666666666,30,30.0,4350.3,354.2,4350.3,1.0,125457.63999999998,12.04200979903272,2.1985601348761574,2.1985601348761574,12.0,30.0,0.1832133445730131,0.1832133445730131,1.0342040375092048,1.0342040375092048
1937-05-01,194.38709677419354,31,31.0,4799.13,376.7,4799.13,1.0,141902.88999999998,12.442292600694227,2.234701720453193,2.234701720453193,12.4,31.0,0.1802178806817091,0.1802178806817091,1.042744779574244,1.042744779574244
1937-06-01,217.13333333333333,30,30.0,5181.78,388.6,5181.78,1.0,151009.96000000002,13.142526393353753,2.399486056082288,2.399486056082288,13.1,30.0,0.18316687451009833,0.18316687451009833,1.0235828219209757,1.0235828219209757
1937-07-01,241.80645161290323,31,31.0,5969.96,425.4,5969.96,1.0,180965.15999999997,13.877296380733162,2.4924360077766496,2.4924360077766496,13.9,31.0,0.17931194300551437,0.17931194300551437,1.0269130239000843,1.0269130239000843
1937-08-01,229.48387096774192,31,31.0,5662.6900000000005,415.3,5662.6900000000005,1.0,172474.09,13.515451133973986,2.427446682945515,2.427446682945515,13.5,31.0,0.1798108654033715,0.1798108654033715,1.0159950698813152,1.0159950698813152
1937-09-01,167.86666666666667,30,30.0,4006.34,345.2,4006.34,1.0,119163.04,11.55615276234555,2.1098551819707647,2.1098551819707647,11.6,30.0,0.18188406741127283,0.18188406741127283,1.0168549463470211,1.0168549463470211
1937-10-01,208.16129032258064,31,31.0,5126.37,392.3,5126.37,1.0,153899.29,12.859501319784854,2.309634618453669,2.309634618453669,12.9,31.0,0.1790414432909821,0.1790414432909821,1.0404691929149472,1.0404691929149472
1937-11-01,123.93333333333334,30,30.0,2954.88,295.0,2954.88,1.0,87025.0,9.92451510150496,1.81196026446498,1.81196026446498,9.9,30.0,0.18302628933989695,0.18302628933989695,1.0140834817411941,1.0140834817411941
1937-12-01,147.93548387096774,31,31.0,3645.46,327.6,3645.46,1.0,107321.76000000001,10.844145142470555,1.947665963535608,1.947665963535608,10.8,31.0,0.18033944106811184,0.18033944106811184,1.0460016416480913,1.0460016416480913
1938-01-01,163.96774193548387,31,31.0,4042.58,351.8,4042.58,1.0,123763.24,11.4195361749772,2.051009243712462,2.051009243712462,11.4,31.0,0.17991309155372473,0.17991309155372473,1.0094246055776839,1.0094246055776839
1938-02-01,198.64285714285714,28,28.0,4429.45,347.3,4429.45,1.0,120617.29000000001,12.57754518406286,2.3769326186220314,2.3769326186220314,12.6,28.0,0.18864544592238344,0.18864544592238344,1.0331407314224965,1.0331407314224965
1938-03-01,144.16129032258064,31,31.0,3555.9900000000002,325.3,3555.9900000000002,1.0,105820.09000000001,10.710245321126388,1.9236168456817575,1.9236168456817575,10.7,31.0,0.17977727529736054,0.17977727529736054,1.0411170684531519,1.0411170684531519
1938-04-01,168.36666666666667,30,30.0,4016.82,345.8,4016.82,1.0,119577.64000000001,11.57125749432619,2.112612916114387,2.112612916114387,11.6,30.0,0.18212180311330922,0.18212180311330922,1.0132082828764972,1.0132082828764972
1938-05-01,212.29032258064515,31,31.0,5240.88,401.2,5240.88,1.0,160961.44,13.002332296987735,2.335287819252972,2.335287819252972,13.0,31.0,0.1796375245579209,0.1796375245579209,1.009295882316375,1.009295882316375
1938-06-01,162.63333333333333,30,30.0,3879.08,339.4,3879.08,1.0,115192.35999999999,11.371133042343082,2.0760753572278845,2.0760753572278845,11.4,30.0,0.1821118734410425,0.1821118734410425,1.0159158008819793,1.0159158008819793
1938-07-01,275.61290322580646,31,31.0,6795.07,457.09999999999997,6795.07,1.0,208940.40999999997,14.8052627957633,2.6591036960188412,2.6591036960188412,14.8,31.0,0.1796691686499217,0.1796691686499217,1.007702527300407,1.007702527300407
1938-08-01,192.80645161290323,31,31.0,4754.46,381.4,4754.46,1.0,145465.96,12.384251185249548,2.2242771745021903,2.2242771745021903,12.4,31.0,0.17937719149211212,0.17937719149211212,1.0163270237329574,1.0163270237329574
1938-09-01,149.33333333333334,30,30.0,3564.53,320.9,3564.53,1.0,102976.80999999998,10.900351676283966,1.9901228326133262,1.9901228326133262,10.9,30.0,0.1825800763865437,0.1825800763865437,1.0397555513262549,1.0397555513262549
1938-10-01,165.25806451612902,31,31.0,4069.68,347.6,4069.68,1.0,120825.76000000001,11.457748469922002,2.057872374487159,2.057872374487159,11.5,31.0,0.17894542386844864,0.17894542386844864,1.0536716374856023,1.0536716374856023
1938-11-01,203.6,30,30.0,4861.55,378.3,4861.55,1.0,143110.89,12.729951557907308,2.3241605414046216,2.3241605414046216,12.7,30.0,0.183004767039734,0.183004767039734,1.0148290762183747,1.0148290762183747
1938-12-01,154.74193548387098,31,31.0,3808.79,340.1,3808.79,1.0,115668.01000000001,11.084412187770134,1.9908191987737198,1.9908191987737198,11.1,31.0,0.1793530809706054,0.1793530809706054,1.0244664677618884,1.0244664677618884
1939-01-01,133.8709677419355,31,31.0,3297.72,317.0,3297.72,1.0,100489.0,10.313974234800522,1.8524444575377224,1.8524444575377224,10.3,31.0,0.17984897645997303,0.17984897645997303,1.0150578323487458,1.0150578323487458
1939-02-01,129.0,28,28.0,2867.74,281.6,2867.74,1.0,79298.56000000001,10.120241386166919,1.9125458511243754,1.9125458511243754,10.1,28.0,0.18936097535884905,0.18936097535884905,1.0088613467708443,1.0088613467708443
1939-03-01,107.7741935483871,31,31.0,2657.75,282.3,2657.75,1.0,79693.29000000001,9.259258661887674,1.6630119485123676,1.6630119485123676,9.3,31.0,0.17881848908735135,0.17881848908735135,1.0444418251627756,1.0444418251627756
1939-04-01,181.9,30,30.0,4339.05,357.1,4339.05,1.0,127520.41000000002,12.02642922899395,2.195715524986483,2.195715524986483,12.0,30.0,0.1829762937488736,0.1829762937488736,1.0168823432376455,1.0168823432376455
1939-05-01,197.32258064516128,31,31.0,4858.03,385.5,4858.03,1.0,148610.25,12.518412246019473,2.248373212342005,2.248373212342005,12.5,31.0,0.17986985698736038,0.17986985698736038,1.0107546165200092,1.0107546165200092
1939-06-01,168.3,30,30.0,4014.66,344.8,4014.66,1.0,118887.04000000001,11.56814591885839,2.112044822756689,2.112044822756689,11.6,30.0,0.18207282954799045,0.18207282954799045,1.019299330265465,1.019299330265465
1939-07-01,162.6451612903226,31,31.0,4010.99,348.1,4010.99,1.0,121173.61000000002,11.374830732522941,2.0429799092182237,2.0429799092182237,11.4,31.0,0.17920876396651084,0.17920876396651084,1.03173324393053,1.03173324393053
1939-08-01,176.32258064516128,31,31.0,4347.92,363.0,4347.92,1.0,131769.0,11.842950809277548,2.1270567569885324,2.1270567569885324,11.8,31.0,0.18025904720241798,0.18025904720241798,1.0160149325370653,1.0160149325370653
1939-09-01,187.7,30,30.0,4480.0,364.0,4480.0,1.0,132496.0,12.220201853215574,2.2310934040908683,2.2310934040908683,12.2,30.0,0.1828765085320384,0.1828765085320384,1.0114048243969502,1.0114048243969502
1939-10-01,146.90322580645162,31,31.0,3619.14,333.0,3619.14,1.0,110889.0,10.804927191467012,1.9406222116007454,1.9406222116007454,10.8,31.0,0.17968724181488382,0.17968724181488382,1.0112057571437123,1.0112057571437123
1939-11-01,113.66666666666667,30,30.0,2718.29,282.9,2718.29,1.0,80032.40999999999,9.518911002140248,1.7379074262521068,1.7379074262521068,9.5,30.0,0.18293762381601125,0.18293762381601125,1.015425254791751,1.015425254791751
1939-12-01,70.16129032258064,31,31.0,1732.3300000000002,229.1,1732.3300000000002,1.0,52486.81,7.475400517913793,1.3426215677910163,1.3426215677910163,7.5,31.0,0.17901620903880217,0.17901620903880217,1.030922196424828,1.030922196424828
1940-01-01,84.09677419354838,31,31.0,2073.77,251.5,2073.77,1.0,63252.25,8.178985661536087,1.4689891900128502,1.4689891900128502,8.2,31.0,0.17914502317229883,0.17914502317229883,1.0223181419348764,1.0223181419348764
1940-02-01,99.06896551724138,29,29.0,2282.69,255.7,2282.69,1.0,65382.48999999999,8.872059979275505,1.6475001781786527,1.6475001781786527,8.9,29.0,0.18511237957063512,0.18511237957063512,1.019542375728608,1.019542375728608
1940-03-01,138.8709677419355,31,31.0,3422.9,322.4,3422.9,1.0,103941.75999999998,10.507907928425052,1.8872759771543242,1.8872759771543242,10.5,31.0,0.17974056925279278,0.17974056925279278,1.019981225413818,1.019981225413818
1940-04-01,101.06666666666666,30,30.0,2413.75,267.1,2413.75,1.0,71342.41000000002,8.969856929368122,1.6376643259363148,1.6376643259363148,9.0,30.0,0.18196270288181277,0.18196270288181277,1.0225971315850326,1.0225971315850326
1940-05-01,90.61290322580645,31,31.0,2236.21,256.7,2236.21,1.0,65894.89,8.493280076131535,1.525438133271594,1.525438133271594,8.5,31.0,0.17946330979665812,0.17946330979665812,1.0555675989511564,1.0555675989511564
1940-06-01,139.8,30,30.0,3334.25,311.7,3334.25,1.0,97156.89,10.542374811524521,1.9247654979820845,1.9247654979820845,10.5,30.0,0.18331099980781757,0.18331099980781757,1.0220427606812172,1.0220427606812172
1940-07-01,112.48387096774194,31,31.0,2774.15,288.9,2774.15,1.0,83463.20999999999,9.459847233302416,1.6990387194644312,1.6990387194644312,9.5,31.0,0.1788461809962559,0.1788461809962559,1.0404892559164776,1.0404892559164776
1940-08-01,175.8709677419355,31,31.0,4339.39,364.3,4339.39,1.0,132714.49000000002,11.831328014244436,2.124969241376215,2.124969241376215,11.8,31.0,0.18008213909967924,0.18008213909967924,1.0085308599564868,1.0085308599564868
1940-09-01,110.76666666666667,30,30.0,2647.36,274.8,2647.36,1.0,75515.04000000001,9.393898729139746,1.7150834122896506,1.7150834122896506,9.4,30.0,0.18245568215847346,0.18245568215847346,1.0550169842102837,1.0550169842102837
1940-10-01,91.54838709677419,31,31.0,2257.67,262.3,2257.67,1.0,68801.29000000001,8.53393605062336,1.5327401618493912,1.5327401618493912,8.5,31.0,0.18032237198228132,0.18032237198228132,1.0094819007442035,1.0094819007442035
1940-11-01,97.4,30,30.0,2321.3,259.4,2321.3,1.0,67288.35999999999,8.79640077910657,1.6059957105242288,1.6059957105242288,8.8,30.0,0.18249951255957145,0.18249951255957145,1.0370593959461922,1.0370593959461922
1940-12-01,113.7741935483871,31,31.0,2806.44,282.6,2806.44,1.0,79862.76000000001,9.514742381202192,1.708898179082775,1.708898179082775,9.5,31.0,0.17988401885081842,0.17988401885081842,1.089122994713477,1.089122994713477
1941-01-01,76.12903225806451,31,31.0,1879.44,234.8,1879.44,1.0,55131.04000000001,7.786340396758515,1.3984680186430916,1.3984680186430916,7.8,31.0,0.17929077162090917,0.17929077162090917,1.062649760758362,1.062649760758362
1941-02-01,74.28571428571429,28,28.0,1657.23,209.7,1657.23,1.0,43974.09,7.693294854240653,1.453896067643834,1.453896067643834,7.7,28.0,0.18881767112257583,0.18881767112257583,1.059297169024356,1.059297169024356
1941-03-01,77.45161290322581,31,31.0,1906.8600000000001,240.8,1906.8600000000001,1.0,57984.64000000001,7.842933947396587,1.4086325203982097,1.4086325203982097,7.8,31.0,0.18059391287156534,0.18059391287156534,1.0086059041566908,1.0086059041566908
1941-04-01,54.56666666666667,30,30.0,1302.1100000000001,194.1,1302.1100000000001,1.0,37674.81,6.588145920262139,1.2028253775544016,1.2028253775544016,6.6,30.0,0.1822462693264245,0.1822462693264245,1.042042245970192,1.042042245970192
1941-05-01,49.03225806451613,31,31.0,1211.84,190.2,1211.84,1.0,36176.03999999999,6.252328598468398,1.1229513662985589,1.1229513662985589,6.3,31.0,0.17824624861881888,0.17824624861881888,1.056230372781302,1.056230372781302
1941-06-01,99.63333333333334,30,30.0,2374.55,260.9,2374.55,1.0,68068.80999999998,8.896722242863754,1.6243118200914777,1.6243118200914777,8.9,30.0,0.1825069460776941,0.1825069460776941,1.0490178289549197,1.0490178289549197
1941-07-01,111.41935483870968,31,31.0,2752.13,280.7,2752.13,1.0,78792.48999999999,9.422228350914352,1.6922821687312133,1.6922821687312133,9.4,31.0,0.18003001795012907,0.18003001795012907,1.0805029066143297,1.0805029066143297
1941-08-01,100.12903225806451,31,31.0,2462.68,266.4,2462.68,1.0,70968.95999999999,8.912984366786505,1.6008192491566133,1.6008192491566133,8.9,31.0,0.1798673313659116,0.1798673313659116,1.0752025945650534,1.0752025945650534
1941-09-01,109.8,30,30.0,2623.66,274.0,2623.66,1.0,75076.0,9.35175562840119,1.707389169983744,1.707389169983744,9.4,30.0,0.18163714574295148,0.18163714574295148,1.0613920820224718,1.0613920820224718
1941-10-01,77.19354838709677,31,31.0,1903.97,241.5,1903.97,1.0,58322.25,7.836988394579527,1.4075646675887858,1.4075646675887858,7.8,31.0,0.18045700866522896,0.18045700866522896,1.0025699117378268,1.0025699117378268
1941-11-01,64.0,30,30.0,1540.77,200.7,1540.77,1.0,40280.49,7.1665193783314365,1.3084214407700092,1.3084214407700092,7.2,30.0,0.18172520010694573,0.18172520010694573,1.1645729499335566,1.1645729499335566
1941-12-01,56.193548387096776,31,31.0,1396.31,196.5,1396.31,1.0,38612.25,6.711352923555438,1.205394568843453,1.205394568843453,6.7,31.0,0.1799096371408139,0.1799096371408139,1.1216425004984423,1.1216425004984423
1942-01-01,59.483870967741936,31,31.0,1469.1100000000001,203.7,1469.1100000000001,1.0,41493.689999999995,6.884086370847647,1.2364184118144963,1.2364184118144963,6.9,31.0,0.17919107417601396,0.17919107417601396,1.1064226033102662,1.1064226033102662
1942-02-01,87.92857142857143,28,28.0,1957.67,230.5,1957.67,1.0,53130.25,8.361625781765513,1.5801987410526848,1.5801987410526848,8.4,28.0,0.18811889774436721,0.18811889774436721,1.042772711479468,1.042772711479468
1942-03-01,90.38709677419355,31,31.0,2232.38,244.4,2232.38,1.0,59731.36,8.486003656876195,1.524131249793565,1.524131249793565,8.5,31.0,0.17930955879924296,0.17930955879924296,1.1687141232766214,1.1687141232766214
1942-04-01,101.23333333333333,30,30.0,2414.42,262.8,2414.42,1.0,69063.84000000001,8.971101753222213,1.6378915986379836,1.6378915986379836,9.0,30.0,0.18198795540422041,0.18198795540422041,1.0575572900709411,1.0575572900709411
1942-05-01,41.774193548387096,31,31.0,1038.83,170.5,1038.83,1.0,29070.25,5.788837980224557,1.039705993822297,1.039705993822297,5.8,31.0,0.17925965410729258,0.17925965410729258,1.1162192282802654,1.1162192282802654
1942-06-01,18.9,30,30.0,476.19,113.7,476.19,1.0,12927.69,3.9840933723997987,0.7273926037567333,0.7273926037567333,4.0,30.0,0.18184815093918333,0.18184815093918333,1.1182435851102277,1.1182435851102277
1942-07-01,29.612903225806452,31,31.0,748.84,142.8,748.84,1.0,20391.840000000004,4.914888506594841,0.882740034654891,0.882740034654891,4.9,31.0,0.18015102748059,0.18015102748059,1.1365254798146922,1.1365254798146922
1942-08-01,33.74193548387097,31,31.0,837.44,153.0,837.44,1.0,23409.0,5.197518018091626,0.9335017934289509,0.9335017934289509,5.2,31.0,0.17951957565941362,0.17951957565941362,1.1141454113052,1.1141454113052
1942-09-01,28.666666666666668,30,30.0,691.93,140.5,691.93,1.0,19740.25,4.8025340533236545,0.8768187447306947,0.8768187447306947,4.8,30.0,0.18267057181889473,0.18267057181889473,1.0522749512817928,1.0522749512817928
1942-10-01,32.0,31,31.0,799.64,149.4,799.64,1.0,22320.36,5.078861950248049,0.9121905345265958,0.9121905345265958,5.1,31.0,0.17886088912286194,0.17886088912286194,1.1243104319929815,1.1243104319929815
1942-11-01,51.266666666666666,30,30.0,1235.6100000000001,183.1,1235.6100000000001,1.0,33525.61,6.417709871909138,1.1717081547894084,1.1717081547894084,6.4,30.0,0.18307939918584504,0.18307939918584504,1.1033877361412203,1.1033877361412203
1942-12-01,37.61290322580645,31,31.0,926.71,162.3,926.71,1.0,26341.290000000005,5.46752878069626,0.9819971579970361,0.9819971579970361,5.5,31.0,0.17854493781764294,0.17854493781764294,1.1073777335686836,1.1073777335686836
1943-01-01,20.741935483870968,31,31.0,532.06,123.2,532.06,1.0,15178.240000000002,4.142852375652747,0.7440782521814535,0.7440782521814535,4.1,31.0,0.18148250053206186,0.18148250053206186,1.0666501435869282,1.0666501435869282
1943-02-01,48.107142857142854,28,28.0,1077.18,163.0,1077.18,1.0,26569.0,6.202476463938762,1.1721578740223746,1.1721578740223746,6.2,28.0,0.18905772161651202,0.18905772161651202,1.1399648985439252,1.1399648985439252
1943-03-01,45.74193548387097,31,31.0,1130.08,181.6,1130.08,1.0,32978.56,6.0377308277520205,1.0844084688747713,1.0844084688747713,6.0,31.0,0.18073474481246188,0.18073474481246188,1.0507854691966463,1.0507854691966463
1943-04-01,43.53333333333333,30,30.0,1035.94,172.8,1035.94,1.0,29859.840000000004,5.8763367273611316,1.0728673936905924,1.0728673936905924,5.9,30.0,0.18184193113399869,0.18184193113399869,1.0509702018116909,1.0509702018116909
1943-05-01,23.580645161290324,31,31.0,582.09,129.5,582.09,1.0,16770.25,4.333254755284248,0.778275529081786,0.778275529081786,4.3,31.0,0.18099430908878744,0.18099430908878744,1.0616895311140981,1.0616895311140981
1943-06-01,12.733333333333333,30,30.0,338.13,96.3,338.13,1.0,9273.689999999999,3.357231001882355,0.6129437168288782,0.6129437168288782,3.4,30.0,0.18027756377319945,0.18027756377319945,1.1264957092784336,1.1264957092784336
1943-07-01,22.0,31,31.0,572.6899999999999,125.1,572.6899999999999,1.0,15650.009999999998,4.298124121956221,0.7719658810725137,0.7719658810725137,4.3,31.0,0.1795269490866311,0.1795269490866311,1.1405342594041914,1.1405342594041914
1943-08-01,32.32258064516129,31,31.0,810.2900000000001,150.3,810.2900000000001,1.0,22590.090000000004,5.112571475957495,0.9182449440728202,0.9182449440728202,5.1,31.0,0.1800480282495726,0.1800480282495726,1.1104472952001392,1.1104472952001392
1943-09-01,16.733333333333334,30,30.0,451.13,106.5,451.13,1.0,11342.25,3.8778430430674558,0.7079940363841744,0.7079940363841744,3.9,30.0,0.18153693240619856,0.18153693240619856,1.215473707020031,1.215473707020031
1943-10-01,12.96774193548387,31,31.0,361.0,101.4,361.0,1.0,10281.960000000001,3.412500738508723,0.6129032258064516,0.6129032258064516,3.4,31.0,0.18026565464895636,0.18026565464895636,1.0833790278360156,1.0833790278360156
1943-11-01,17.033333333333335,30,30.0,445.55,108.7,445.55,1.0,11815.69,3.853786017238978,0.7036018444799271,0.7036018444799271,3.9,30.0,0.1804107293538275,0.1804107293538275,1.1647569862816112,1.1647569862816112
1943-12-01,31.35483870967742,31,31.0,797.72,148.4,797.72,1.0,22022.56,5.072760907612979,0.9110947549214459,0.9110947549214459,5.1,31.0,0.1786460303767541,0.1786460303767541,1.1400740830083993,1.1400740830083993
1944-01-01,6.096774193548387,31,31.0,233.24,80.4,233.24,1.0,6464.160000000001,2.7429675477012,0.49265151485451614,0.49265151485451614,2.7,31.0,0.18246352402019114,0.18246352402019114,1.0869101192119301,1.0869101192119301
1944-02-01,0.8275862068965517,29,29.0,126.0,60.0,126.0,1.0,3600.0,2.084425001338954,0.38706800552833875,0.38706800552833875,2.1,29.0,0.1843180978706375,0.1843180978706375,1.0313212435233161,1.0313212435233161
1944-03-01,18.258064516129032,31,31.0,498.73,112.7,498.73,1.0,12701.29,4.0109929588730315,0.7203956018056583,0.7203956018056583,4.0,31.0,0.18009890045141458,0.18009890045141458,1.219192530092046,1.219192530092046
1944-04-01,0.43333333333333335,30,30.0,126.89,61.3,126.89,1.0,3757.6899999999996,2.0566153424174067,0.37548487171774164,0.37548487171774164,2.1,30.0,0.17880231986559125,0.17880231986559125,1.0581992949212295,1.0581992949212295
1944-05-01,4.096774193548387,31,31.0,203.85,73.9,203.85,1.0,5461.210000000001,2.564333529713501,0.4605678981015791,0.4605678981015791,2.6,31.0,0.1771414992698381,0.1771414992698381,1.1968953999726097,1.1968953999726097
1944-06-01,8.233333333333333,30,30.0,242.17,82.89999999999999,242.17,1.0,6872.409999999999,2.8411851987037617,0.5187270744599493,0.5187270744599493,2.8,30.0,0.1852596694499819,0.1852596694499819,1.0276897970510872,1.0276897970510872
1944-07-01,8.451612903225806,31,31.0,257.01,86.3,257.01,1.0,7447.69,2.8793480444868633,0.5171461751702667,0.5171461751702667,2.9,31.0,0.178326267300092,0.178326267300092,1.0882141883660517,1.0882141883660517
1944-08-01,27.903225806451612,31,31.0,706.26,141.4,706.26,1.0,19993.960000000003,4.77311016478368,0.8572758927530422,0.8572758927530422,4.8,31.0,0.17859914432355045,0.17859914432355045,1.1113393509853426,1.1113393509853426
1944-09-01,23.733333333333334,30,30.0,588.5699999999999,127.3,588.5699999999999,1.0,16205.289999999999,4.429334035721396,0.8086820553633342,0.8086820553633342,4.4,30.0,0.18379137621893957,0.18379137621893957,1.0780387943178853,1.0780387943178853
1944-10-01,28.06451612903226,31,31.0,700.89,140.9,700.89,1.0,19852.81,4.754929530362114,0.8540105544167185,0.8540105544167185,4.8,31.0,0.17791886550348301,0.17791886550348301,1.1194987238877354,1.1194987238877354
1944-11-01,17.933333333333334,30,30.0,452.71,112.1,452.71,1.0,12566.409999999998,3.8846278243009755,0.7092327622939532,0.7092327622939532,3.9,30.0,0.18185455443434698,0.18185455443434698,1.0926711079191331,1.0926711079191331
1944-12-01,47.354838709677416,31,31.0,1182.65,180.3,1182.65,1.0,32508.090000000004,6.176568626672904,1.1093444736826892,1.1093444736826892,6.2,31.0,0.17892652801333697,0.17892652801333697,1.1415063922486004,1.1415063922486004
1945-01-01,30.774193548387096,31,31.0,771.26,149.4,771.26,1.0,22320.36,4.987920893389316,0.8958570385428491,0.8958570385428491,5.0,31.0,0.17917140770856982,0.17917140770856982,1.0791049278160108,1.0791049278160108
1945-02-01,21.214285714285715,28,28.0,483.11,112.5,483.11,1.0,12656.25,4.1537848489574625,0.78499155071496,0.78499155071496,4.2,28.0,0.18690275017022856,0.18690275017022856,1.0964015857864118,1.0964015857864118
1945-03-01,35.87096774193548,31,31.0,888.84,158.4,888.84,1.0,25090.56,5.354648267114856,0.9617232192623105,0.9617232192623105,5.4,31.0,0.17809689245598342,0.17809689245598342,1.121156678120398,1.121156678120398
1945-04-01,53.36666666666667,30,30.0,1277.38,184.0,1277.38,1.0,33856.0,6.525284157286435,1.1913484423589564,1.1913484423589564,6.5,30.0,0.18328437574753176,0.18328437574753176,1.127967360188983,1.127967360188983
1945-05-01,51.0,31,31.0,1260.09,191.5,1260.09,1.0,36672.25,6.37558346476062,1.1450885937852433,1.1450885937852433,6.4,31.0,0.17892009277894425,0.17892009277894425,1.075971361249921,1.075971361249921
1945-06-01,60.233333333333334,30,30.0,1437.41,199.7,1437.41,1.0,39880.09,6.9219698545043284,1.2637730105609244,1.2637730105609244,6.9,30.0,0.18315550877694556,0.18315550877694556,1.077229527181768,1.077229527181768
1945-07-01,71.0,31,31.0,1754.3500000000001,215.9,1754.3500000000001,1.0,46612.810000000005,7.522761160895045,1.3511277903778465,1.3511277903778465,7.5,31.0,0.18015037205037954,0.18015037205037954,1.16593168824788,1.16593168824788
1945-08-01,43.096774193548384,31,31.0,1076.33,169.7,1076.33,1.0,28798.089999999997,5.892395317750258,1.0583054407056893,1.0583054407056893,5.9,31.0,0.17937380350943885,0.17937380350943885,1.1678941019617806,1.1678941019617806
1945-09-01,58.13333333333333,30,30.0,1394.36,194.8,1394.36,1.0,37947.04,6.8175264331476315,1.244704337940898,1.244704337940898,6.8,30.0,0.18304475557954383,0.18304475557954383,1.10037458265714,1.10037458265714
1945-10-01,114.54838709677419,31,31.0,2822.89,293.1,2822.89,1.0,85907.61000000002,9.542587057079201,1.7138992305035028,1.7138992305035028,9.5,31.0,0.18041044531615819,0.18041044531615819,1.0099012189004186,1.0099012189004186
1945-11-01,76.6,30,30.0,1829.96,232.6,1829.96,1.0,54102.759999999995,7.8101643175202575,1.425934391509262,1.425934391509262,7.8,30.0,0.1828121014755464,0.1828121014755464,1.0124967478306117,1.0124967478306117
1945-12-01,45.70967741935484,31,31.0,1126.76,183.8,1126.76,1.0,33782.44,6.02885534527024,1.0828143851629977,1.0828143851629977,6.0,31.0,0.18046906419383293,0.18046906419383293,1.024913276955188,1.024913276955188
1946-01-01,79.3225806451613,31,31.0,1952.95,236.7,1952.95,1.0,56026.88999999999,7.937152329190501,1.42555464131678,1.42555464131678,7.9,31.0,0.18044995459706073,0.18044995459706073,1.0730318523118532,1.0730318523118532
1946-02-01,143.78571428571428,28,28.0,3195.28,296.6,3195.28,1.0,87971.56000000001,10.682562560413249,2.0188145642673474,2.0188145642673474,10.7,28.0,0.18867425834274276,0.18867425834274276,1.0210978825680954,1.0210978825680954
1946-03-01,127.74193548387096,31,31.0,3148.46,310.0,3148.46,1.0,96100.0,10.077858195393087,1.810036764966584,1.810036764966584,10.1,31.0,0.17921156088778062,0.17921156088778062,1.020780828375732,1.020780828375732
1946-04-01,126.13333333333334,30,30.0,3009.0299999999997,297.7,3009.0299999999997,1.0,88625.29,10.015038691887316,1.8284875352779046,1.8284875352779046,10.0,30.0,0.18284875352779045,0.18284875352779045,1.0160566462492056,1.0160566462492056
1946-05-01,141.61290322580646,31,31.0,3492.6000000000004,319.8,3492.6000000000004,1.0,102272.04000000001,10.614354249271702,1.906394300759626,1.906394300759626,10.6,31.0,0.17984851893958737,0.17984851893958737,1.0577642472968058,1.0577642472968058
1946-06-01,122.56666666666666,30,30.0,2933.2599999999998,290.8,2933.2599999999998,1.0,84564.64,9.888141045380234,1.8053193007824897,1.8053193007824897,9.9,30.0,0.1823554849275242,0.1823554849275242,1.0446441062248366,1.0446441062248366
1946-07-01,193.67741935483872,31,31.0,4777.64,381.6,4777.64,1.0,145618.56000000003,12.414403705165975,2.2296927269486484,2.2296927269486484,12.4,31.0,0.17981392959263293,0.17981392959263293,1.0152285287542853,1.0152285287542853
1946-08-01,178.67741935483872,31,31.0,4404.53,368.1,4404.53,1.0,135497.61000000002,11.919799197269466,2.1408591349240913,2.1408591349240913,11.9,31.0,0.17990412898521774,0.17990412898521774,1.0044975676824437,1.0044975676824437
1946-09-01,157.4,30,30.0,3756.47,330.9,3756.47,1.0,109494.80999999998,11.189980637457182,2.043001604393779,2.043001604393779,11.2,30.0,0.18241085753515884,0.18241085753515884,1.032166099827177,1.032166099827177
1946-10-01,170.5483870967742,31,31.0,4200.22,356.8,4200.22,1.0,127306.24,11.640058751653081,2.090616267700056,2.090616267700056,11.6,31.0,0.18022554031897037,0.18022554031897037,1.0162942478361334,1.0162942478361334
1946-11-01,206.26666666666668,30,30.0,4922.38,381.0,4922.38,1.0,145161.0,12.80934554664419,2.338655834258455,2.338655834258455,12.8,30.0,0.18270748705144177,0.18270748705144177,1.0163649642302528,1.0163649642302528
1946-12-01,202.8709677419355,31,31.0,5002.95,391.5,5002.95,1.0,153272.25,12.703758651319212,2.281662409445442,2.281662409445442,12.7,31.0,0.179658457436649,0.179658457436649,1.0116506923550594,1.0116506923550594
1947-01-01,163.70967741935485,31,31.0,2261.81,258.7,2261.81,1.0,66925.68999999999,8.541757014995557,1.5341448485176001,1.5341448485176001,8.5,31.0,0.18048762923736472,0.18048762923736472,1.0387629075149838,1.0387629075149838
1947-02-01,188.89285714285714,28,28.0,2356.13,254.1,2356.13,1.0,64566.81,9.173194645269444,1.7335708399551653,1.7335708399551653,9.2,28.0,0.18843161303860492,0.18843161303860492,1.0287884652603057,1.0287884652603057
1947-03-01,183.83870967741936,31,31.0,2541.79,274.7,2541.79,1.0,75460.09,9.055011088146253,1.6263280013423036,1.6263280013423036,9.1,31.0,0.17871736278486852,0.17871736278486852,1.056505979980334,1.056505979980334
1947-04-01,212.13333333333333,30,30.0,2844.74,287.2,2844.74,1.0,82483.84,9.737795780702461,1.7778701364897893,1.7778701364897893,9.7,30.0,0.1832855810814216,0.1832855810814216,1.027588960698953,1.027588960698953
1947-05-01,285.03225806451616,31,31.0,3960.52,346.6,3960.52,1.0,120131.56000000001,11.303039842335307,2.0300858847033028,2.0300858847033028,11.3,31.0,0.1796536181153365,0.1796536181153365,1.0221959793077517,1.0221959793077517
1947-06-01,232.13333333333333,30,30.0,3115.67,302.1,3115.67,1.0,91264.41000000002,10.190960046367891,1.8606062333431959,1.8606062333431959,10.2,30.0,0.18241237581796038,0.18241237581796038,1.0269044117930668,1.0269044117930668
1947-07-01,223.5483870967742,31,31.0,3095.68,308.2,3095.68,1.0,94987.23999999999,9.993029828900259,1.7948011405822015,1.7948011405822015,10.0,31.0,0.17948011405822015,0.17948011405822015,1.012109490795455,1.012109490795455
1947-08-01,267.35483870967744,31,31.0,3709.29,331.9,3709.29,1.0,110157.60999999999,10.938670674676711,1.9646432502967364,1.9646432502967364,10.9,31.0,0.1802425000272235,0.1802425000272235,1.0377535314789375,1.0377535314789375
1947-09-01,239.86666666666667,30,30.0,3219.33,307.1,3219.33,1.0,94310.41000000002,10.359102277707272,1.8913046643344729,1.8913046643344729,10.4,30.0,0.18185621772446853,0.18185621772446853,1.0333028217472007,1.0333028217472007
1947-10-01,231.67741935483872,31,31.0,3212.5,311.0,3212.5,1.0,96721.0,10.179834588934366,1.8283522659281668,1.8283522659281668,10.2,31.0,0.17925022214982028,0.17925022214982028,1.0348785404535414,1.0348785404535414
1947-11-01,181.3,30,30.0,2426.42,264.6,2426.42,1.0,70013.16000000002,8.99336792679287,1.641956827149308,1.641956827149308,9.0,30.0,0.18243964746103422,0.18243964746103422,1.0427131120690238,1.0427131120690238
1947-12-01,164.90322580645162,31,31.0,2281.26,265.0,2281.26,1.0,70225.0,8.578404994989716,1.5407270200331225,1.5407270200331225,8.6,31.0,0.17915430465501425,0.17915430465501425,1.0125185925885152,1.0125185925885152
1948-01-01,153.61290322580646,31,31.0,2120.07,255.5,2120.07,1.0,65280.25,8.269785658571188,1.4852973509043697,1.4852973509043697,8.3,31.0,0.1789514880607674,0.1789514880607674,1.0146142712069537,1.0146142712069537
1948-02-01,122.0,29,29.0,1574.9099999999999,212.5,1574.9099999999999,1.0,45156.25,7.369344704877792,1.368452957115548,1.368452957115548,7.4,29.0,0.18492607528588484,0.18492607528588484,1.0205801381967605,1.0205801381967605
1948-03-01,134.25806451612902,31,31.0,1857.5400000000002,235.8,1857.5400000000002,1.0,55601.64000000001,7.740842664806612,1.3902963847543366,1.3902963847543366,7.7,31.0,0.18055797204601773,0.18055797204601773,1.0256037406896759,1.0256037406896759
1948-04-01,268.53333333333336,30,30.0,3612.9,328.4,3612.9,1.0,107846.55999999998,10.974060324237334,2.003580129002415,2.003580129002415,11.0,30.0,0.18214364809112862,0.18214364809112862,1.010106524130497,1.010106524130497
1948-05-01,246.38709677419354,31,31.0,3424.77,319.9,3424.77,1.0,102336.00999999998,10.51077787858269,1.8877914354191883,1.8877914354191883,10.5,31.0,0.17978966051611317,0.17978966051611317,1.036540235467678,1.036540235467678
1948-06-01,237.5,30,30.0,3189.92,308.4,3189.92,1.0,95110.55999999998,10.311676229724567,1.8826458922366562,1.8826458922366562,10.3,30.0,0.18278115458608313,0.18278115458608313,1.0040299980504925,1.0040299980504925
1948-07-01,201.3548387096774,31,31.0,2790.45,292.7,2790.45,1.0,85673.29,9.48759801683399,1.7040229073220992,1.7040229073220992,9.5,31.0,0.17937083234969464,0.17937083234969464,1.0127524587719243,1.0127524587719243
1948-08-01,223.67741935483872,31,31.0,3097.77,307.9,3097.77,1.0,94802.40999999999,9.996402578734463,1.7954069043348346,1.7954069043348346,10.0,31.0,0.17954069043348347,0.17954069043348347,1.0141496657093907,1.0141496657093907
1948-09-01,202.93333333333334,30,30.0,2714.32,279.6,2714.32,1.0,78176.16000000002,9.511957387064628,1.736637875641065,1.736637875641065,9.5,30.0,0.1828039869095858,0.1828039869095858,1.0404024073624494,1.0404024073624494
1948-10-01,192.93548387096774,31,31.0,2666.29,283.5,2666.29,1.0,80372.25,9.274122860880682,1.6656816374618926,1.6656816374618926,9.3,31.0,0.17910555241525725,0.17910555241525725,1.0353208428285297,1.0353208428285297
1948-11-01,135.63333333333333,30,30.0,1807.04,231.4,1807.04,1.0,53545.96,7.761099578453214,1.416976436720887,1.416976436720887,7.8,30.0,0.18166364573344707,0.18166364573344707,1.0233874228530475,1.0233874228530475
1948-12-01,195.29032258064515,31,31.0,2700.66,285.2,2700.66,1.0,81339.04,9.333705829740351,1.6763830545795857,1.6763830545795857,9.3,31.0,0.18025624242791244,0.18025624242791244,1.0226079174062337,1.0226079174062337
1949-01-01,168.61290322580646,31,31.0,2332.77,266.9,2332.77,1.0,71235.60999999999,8.674712972847592,1.5580244434838744,1.5580244434838744,8.7,31.0,0.17908326936596258,0.17908326936596258,1.0218057775267317,1.0218057775267317
1949-02-01,258.0357142857143,28,28.0,3236.02,299.6,3236.02,1.0,89760.16000000002,10.750448495627651,2.0316438001313726,2.0316438001313726,10.8,28.0,0.18811516667883077,0.18811516667883077,1.0194812684645,1.0194812684645
1949-03-01,223.03225806451613,31,31.0,3078.27,307.3,3078.27,1.0,94433.29000000001,9.964889977218238,1.7897470740218637,1.7897470740218637,10.0,31.0,0.17897470740218638,0.17897470740218638,1.0182443176083809,1.0182443176083809
1949-04-01,208.13333333333333,30,30.0,2794.2400000000002,288.6,2794.2400000000002,1.0,83289.96,9.65097577104685,1.7620190439127243,1.7620190439127243,9.7,30.0,0.18165144782605408,0.18165144782605408,1.0172809187867378,1.0172809187867378
1949-05-01,150.3548387096774,31,31.0,2076.64,252.2,2076.64,1.0,63604.84,8.184643370164284,1.4700053444797971,1.4700053444797971,8.2,31.0,0.17926894444875577,0.17926894444875577,1.0164607448292002,1.0164607448292002
1949-06-01,172.36666666666667,30,30.0,2308.09,259.9,2308.09,1.0,67548.01,8.771335892173628,1.6014195091993992,1.6014195091993992,8.8,30.0,0.1819794896817499,0.1819794896817499,1.032924473236632,1.032924473236632
1949-07-01,178.25806451612902,31,31.0,2457.42,271.4,2457.42,1.0,73657.95999999999,8.903460726213478,1.5991087528151,1.5991087528151,8.9,31.0,0.17967514076574156,0.17967514076574156,1.0345903275452688,1.0345903275452688
1949-08-01,175.32258064516128,31,31.0,2430.62,267.6,2430.62,1.0,71609.76000000001,8.854778188875967,1.590365110993167,1.590365110993167,8.9,31.0,0.1786927091003558,0.1786927091003558,1.065208240518746,1.065208240518746
1949-09-01,205.83333333333334,30,30.0,2762.5,284.8,2762.5,1.0,81111.04000000001,9.596006113656522,1.7519830034690531,1.7519830034690531,9.6,30.0,0.18249822952802638,0.18249822952802638,1.0233949477552484,1.0233949477552484
1949-10-01,186.29032258064515,31,31.0,2579.22,278.0,2579.22,1.0,77284.0,9.121438765967259,1.6382587644802826,1.6382587644802826,9.1,31.0,0.1800284356571739,0.1800284356571739,1.0307398000502777,1.0307398000502777
1949-11-01,203.2,30,30.0,2724.35,285.3,2724.35,1.0,81396.09000000001,9.529515552569642,1.7398435434128998,1.7398435434128998,9.5,30.0,0.1831414256224105,0.1831414256224105,0.9978252673704686,0.9978252673704686
1949-12-01,166.58064516129033,31,31.0,2299.36,266.0,2299.36,1.0,70756.0,8.61236919934384,1.546827171214244,1.546827171214244,8.6,31.0,0.17986362455979582,0.17986362455979582,1.0046680643397046,1.0046680643397046
1950-01-01,143.8709677419355,31,31.0,1988.53,246.1,1988.53,1.0,60565.21,8.009127857155114,1.4384818277554008,1.4384818277554008,8.0,31.0,0.1798102284694251,0.1798102284694251,1.016026685022094,1.016026685022094
1950-02-01,134.25,28,28.0,1679.27,207.3,1679.27,1.0,42973.29000000001,7.74428360608188,1.463532036003368,1.463532036003368,7.7,28.0,0.19006909558485297,0.19006909558485297,1.0850018961583299,1.0850018961583299
1950-03-01,155.38709677419354,31,31.0,2145.97,254.9,2145.97,1.0,64974.01,8.320146555781179,1.4943424350581096,1.4943424350581096,8.3,31.0,0.1800412572359168,0.1800412572359168,1.0195657862317526,1.0195657862317526
1950-04-01,160.63333333333333,30,30.0,2150.75,252.3,2150.75,1.0,63655.29000000001,8.467093165110837,1.5458726410096733,1.5458726410096733,8.5,30.0,0.1818673695305498,0.1818673695305498,1.022270063315651,1.022270063315651
1950-05-01,150.4516129032258,31,31.0,2078.33,250.9,2078.33,1.0,62950.810000000005,8.187973084091475,1.4706033787553527,1.4706033787553527,8.2,31.0,0.17934187545796987,0.17934187545796987,1.0273823244921183,1.0273823244921183
1950-06-01,118.33333333333333,30,30.0,1577.45,216.1,1577.45,1.0,46699.21,7.251321718601835,1.3239041590017846,1.3239041590017846,7.3,30.0,0.18135673410983352,0.18135673410983352,1.0279641131019712,1.0279641131019712
1950-07-01,128.8709677419355,31,31.0,1777.76,233.20000000000002,1777.76,1.0,54382.240000000005,7.572786592410587,1.3601126231142149,1.3601126231142149,7.6,31.0,0.17896218725187038,0.17896218725187038,1.021388292403993,1.021388292403993
1950-08-01,120.64516129032258,31,31.0,1662.43,225.7,1662.43,1.0,50940.49,7.323030396874534,1.315255086181904,1.315255086181904,7.3,31.0,0.18017192961395945,0.18017192961395945,1.0055034634074476,1.0055034634074476
1950-09-01,72.66666666666667,30,30.0,973.92,168.0,973.92,1.0,28224.0,5.697718841782209,1.0402563786554415,1.0402563786554415,5.7,30.0,0.18250111906235816,0.18250111906235816,1.037320991351218,1.037320991351218
1950-10-01,86.96774193548387,31,31.0,1200.46,188.6,1200.46,1.0,35569.96,6.222902548572672,1.117666291719582,1.117666291719582,6.2,31.0,0.18026875672896484,0.18026875672896484,1.0398865272989135,1.0398865272989135
1950-11-01,77.7,30,30.0,1036.58,172.4,1036.58,1.0,29721.760000000002,5.878151636923521,1.0731987493263098,1.0731987493263098,5.9,30.0,0.18189809310615418,0.18189809310615418,1.05603032646126,1.05603032646126
1950-12-01,76.6774193548387,31,31.0,1061.94,165.8,1061.94,1.0,27489.640000000003,5.852873570500055,1.0512071253541908,1.0512071253541908,5.9,31.0,0.1781706992125747,0.1781706992125747,1.2256257638765387,1.2256257638765387
1951-01-01,85.0,31,31.0,1174.12,183.4,1174.12,1.0,33635.560000000005,6.154253708588671,1.105336596080468,1.105336596080468,6.2,31.0,0.17828009614201096,0.17828009614201096,1.1018217306441118,1.1018217306441118
1951-02-01,84.82142857142857,28,28.0,1055.86,170.8,1055.86,1.0,29172.640000000003,6.140788688294502,1.1604999802161278,1.1604999802161278,6.1,28.0,0.19024589839608652,0.19024589839608652,0.9999999999999998,0.9999999999999998
1951-03-01,79.3225806451613,31,31.0,1091.3,180.4,1091.3,1.0,32544.160000000003,5.933230638231723,1.065639680774123,1.065639680774123,5.9,31.0,0.18061689504646153,0.18061689504646153,1.02887654731557,1.02887654731557
1951-04-01,131.7,30,30.0,1760.1699999999998,223.9,1760.1699999999998,1.0,50131.21,7.659786768137435,1.3984793328628222,1.3984793328628222,7.7,30.0,0.1816206925795873,0.1816206925795873,1.0667711506719726,1.0667711506719726
1951-05-01,153.67741935483872,31,31.0,2133.61,244.7,2133.61,1.0,59878.09,8.296151459095842,1.490032788470778,1.490032788470778,8.3,31.0,0.17952202270732265,0.17952202270732265,1.1095377428284057,1.1095377428284057
1951-06-01,142.4,30,30.0,1905.76,230.6,1905.76,1.0,53176.36,7.9702781214543155,1.455167038903476,1.455167038903476,8.0,30.0,0.1818958798629345,0.1818958798629345,1.0862802463790164,1.0862802463790164
1951-07-01,87.16129032258064,31,31.0,1200.74,188.0,1200.74,1.0,35344.0,6.223628233361692,1.1177966285552903,1.1177966285552903,6.2,31.0,0.18028977879924035,0.18028977879924035,1.0467688205519918,1.0467688205519918
1951-08-01,86.45161290322581,31,31.0,1189.18,183.8,1189.18,1.0,33782.44,6.193597110023409,1.1124028795779146,1.1124028795779146,6.2,31.0,0.17941981928676043,0.17941981928676043,1.0969034702266665,1.0969034702266665
1951-09-01,117.66666666666667,30,30.0,1571.8700000000001,213.7,1571.8700000000001,1.0,45667.689999999995,7.238485108547691,1.3215605253722669,1.3215605253722669,7.2,30.0,0.1835500729683704,0.1835500729683704,1.02241278198251,1.02241278198251
1951-10-01,73.25806451612904,31,31.0,1008.31,172.5,1008.31,1.0,29756.25,5.703168332800467,1.0243192709221662,1.0243192709221662,5.7,31.0,0.17970513524950285,0.17970513524950285,1.0510172207121624,1.0510172207121624
1951-11-01,74.2,30,30.0,986.44,171.2,986.44,1.0,29309.439999999995,5.73422473690501,1.0469214127356667,1.0469214127356667,5.7,30.0,0.18367042328695907,0.18367042328695907,0.9975835893090423,0.9975835893090423
1951-12-01,64.96774193548387,31,31.0,897.47,162.5,897.47,1.0,26406.25,5.380580374020104,0.9663807631552183,0.9663807631552183,5.4,31.0,0.17895940058429965,0.17895940058429965,1.0633707296076096,1.0633707296076096
1952-01-01,57.87096774193548,31,31.0,800.6700000000001,153.9,800.6700000000001,1.0,23685.210000000003,5.08213188692787,0.9127778324915836,0.9127778324915836,5.1,31.0,0.17897604558658503,0.17897604558658503,1.0572613650962612,1.0572613650962612
1952-02-01,32.44827586206897,29,29.0,425.95,96.5,425.95,1.0,9312.25,3.8324836639551068,0.7116743500361703,0.7116743500361703,3.8,29.0,0.18728272369372903,0.18728272369372903,1.3186691874008305,1.3186691874008305
1952-03-01,31.548387096774192,31,31.0,440.95000000000005,94.3,440.95000000000005,1.0,8892.49,3.771497520665644,0.6773809512923856,0.6773809512923856,3.8,31.0,0.1782581450769436,0.1782581450769436,1.5897564230897565,1.5897564230897565
1952-04-01,41.7,30,30.0,563.01,126.7,563.01,1.0,16052.890000000001,4.332089565094424,0.7909277253116537,0.7909277253116537,4.3,30.0,0.18393668030503574,0.18393668030503574,1.0379673696632898,1.0379673696632898
1952-05-01,33.61290322580645,31,31.0,473.22,117.0,473.22,1.0,13689.0,3.907065560023607,0.7017296899464504,0.7017296899464504,3.9,31.0,0.17993068972985907,0.17993068972985907,1.0702047098241647,1.0702047098241647
1952-06-01,52.0,30,30.0,697.5,137.6,697.5,1.0,18933.76,4.8218253804964775,0.8803408430829504,0.8803408430829504,4.8,30.0,0.183404342308948,0.183404342308948,1.098827281471091,1.098827281471091
1952-07-01,56.064516129032256,31,31.0,777.01,147.7,777.01,1.0,21815.289999999997,5.006479672352363,0.8991902936437551,0.8991902936437551,5.0,31.0,0.17983805872875103,0.17983805872875103,1.1050328258774007,1.1050328258774007
1952-08-01,77.7741935483871,31,31.0,1071.89,179.7,1071.89,1.0,32292.089999999997,5.880229313061996,1.0561203617591948,1.0561203617591948,5.9,31.0,0.1790034511456262,0.1790034511456262,1.0371656811935865,1.0371656811935865
1952-09-01,40.43333333333333,30,30.0,545.99,118.5,545.99,1.0,14042.25,4.266106734092182,0.7788809636623273,0.7788809636623273,4.3,30.0,0.18113510782844822,0.18113510782844822,1.1925533444080063,1.1925533444080063
1952-10-01,34.193548387096776,31,31.0,478.12,116.0,478.12,1.0,13456.0,3.9272415009076806,0.7053533959026088,0.7053533959026088,3.9,31.0,0.18085984510323302,0.18085984510323302,1.0894452714927245,1.0894452714927245
1952-11-01,31.833333333333332,30,30.0,432.53000000000003,107.1,432.53000000000003,1.0,11470.409999999998,3.797060266399082,0.6932451867044508,0.6932451867044508,3.8,30.0,0.18243294386959233,0.18243294386959233,1.138214041102096,1.138214041102096
1952-12-01,48.87096774193548,31,31.0,675.0600000000001,135.4,675.0600000000001,1.0,18333.16,4.66649001201739,0.8381263480133119,0.8381263480133119,4.7,31.0,0.17832475489644933,0.17832475489644933,1.1639661118693405,1.1639661118693405
1953-01-01,37.87096774193548,31,31.0,524.11,108.3,524.11,1.0,11728.89,4.11178479416766,0.738498349825583,0.738498349825583,4.1,31.0,0.1801215487379471,0.1801215487379471,1.3949671479493573,1.3949671479493573
1953-02-01,5.892857142857143,28,28.0,78.13,29.1,78.13,1.0,846.8100000000001,1.6704362133458261,0.3156827715363922,0.3156827715363922,1.7,28.0,0.18569574796258365,0.18569574796258365,2.8459567050007797,2.8459567050007797
1953-03-01,14.67741935483871,31,31.0,208.28,61.4,208.28,1.0,3769.96,2.59204739104426,0.46554545453621826,0.46554545453621826,2.6,31.0,0.17905594405239164,0.17905594405239164,1.765481458188271,1.765481458188271
1953-04-01,39.6,30,30.0,530.93,104.5,530.93,1.0,10920.25,4.206859477884502,0.7680639440972491,0.7680639440972491,4.2,30.0,0.18287236764220216,0.18287236764220216,1.47700426976934,1.47700426976934
1953-05-01,18.29032258064516,31,31.0,260.87,74.9,260.87,1.0,5610.010000000001,2.900889741152287,0.5210151781060294,0.5210151781060294,2.9,31.0,0.17966040624345841,0.17966040624345841,1.4621303611421645,1.4621303611421645
1953-06-01,31.5,30,30.0,433.25,111.1,433.25,1.0,12343.21,3.800219291918121,0.6938219432166216,0.6938219432166216,3.8,30.0,0.18258472189911096,0.18258472189911096,1.0548104275749037,1.0548104275749037
1953-07-01,12.709677419354838,31,31.0,182.36,54.2,182.36,1.0,2937.6400000000003,2.4254031922880968,0.43561527288760765,0.43561527288760765,2.4,31.0,0.18150636370316986,0.18150636370316986,1.942815249266862,1.942815249266862
1953-08-01,33.645161290322584,31,31.0,468.69,95.5,468.69,1.0,9120.25,3.888319978868061,0.6983628841813411,0.6983628841813411,3.9,31.0,0.17906740620034386,0.17906740620034386,1.6353258834244921,1.6353258834244921
1953-09-01,27.966666666666665,30,30.0,382.65,101.5,382.65,1.0,10302.25,3.571414285685714,0.6520480554887551,0.6520480554887551,3.6,30.0,0.18112445985798753,0.18112445985798753,1.1372787209161659,1.1372787209161659
1953-10-01,12.290322580645162,31,31.0,177.26999999999998,61.3,177.26999999999998,1.0,3757.6899999999996,2.391314930487867,0.4294928403314096,0.4294928403314096,2.4,31.0,0.17895535013808733,0.17895535013808733,1.4964976175979356,1.4964976175979356
1953-11-01,2.5,30,30.0,35.08,13.2,35.08,1.0,174.23999999999998,1.0813571719526038,0.19742790526614462,0.19742790526614462,1.1,30.0,0.17947991387831327,0.17947991387831327,7.573440643863183,7.573440643863183
1953-12-01,3.935483870967742,31,31.0,56.47,22.5,56.47,1.0,506.25,1.3496714056487253,0.24240814044844117,0.24240814044844117,1.3,31.0,0.18646780034495475,0.18646780034495475,3.4853039263640007,3.4853039263640007
1954-01-01,0.3548387096774194,31,31.0,5.289999999999999,2.3,5.289999999999999,1.0,5.289999999999999,0.41309219466158226,0.07419354838709677,0.07419354838709677,0.4,31.0,0.1854838709677419,0.1854838709677419,,
1954-02-01,0.7857142857142857,28,28.0,10.579999999999998,4.6,10.579999999999998,1.0,21.159999999999997,0.614700856398576,0.11616754262350423,0.11616754262350423,0.6,28.0,0.19361257103917373,0.19361257103917373,25.67674858223063,25.67674858223063
1954-03-01,15.806451612903226,31,31.0,222.85,59.099999999999994,222.85,1.0,3492.8099999999995,2.681176920201156,0.48155359053994673,0.48155359053994673,2.7,31.0,0.17835318168146175,0.17835318168146175,2.074288370499945,2.074288370499945
1954-04-01,2.6666666666666665,30,30.0,38.1,15.0,38.1,1.0,225.0,1.1269427669584644,0.20575065816014618,0.20575065816014618,1.1,30.0,0.18704605287286014,0.18704605287286014,5.62279293739968,5.62279293739968
1954-05-01,1.1935483870967742,31,31.0,17.299999999999997,7.199999999999999,17.299999999999997,1.0,51.83999999999999,0.7470371584660512,0.13417183447151884,0.13417183447151884,0.7,31.0,0.19167404924502693,0.19167404924502693,13.132310364794442,13.132310364794442
1954-06-01,0.36666666666666664,30,30.0,5.289999999999999,2.3,5.289999999999999,1.0,5.289999999999999,0.41992062742062736,0.07666666666666666,0.07666666666666666,0.4,30.0,0.19166666666666665,0.19166666666666665,,
1954-07-01,7.258064516129032,31,31.0,107.71,42.5,107.71,1.0,1806.25,1.864005399410704,0.33478525274069865,0.33478525274069865,1.9,31.0,0.1762027646003677,0.1762027646003677,1.9790525981136742,1.9790525981136742
1954-08-01,12.612903225806452,31,31.0,180.91,60.9,180.91,1.0,3708.81,2.415741387568815,0.4338799615328773,0.4338799615328773,2.4,31.0,0.18078331730536554,0.18078331730536554,1.517744267127753,1.517744267127753
1954-09-01,2.3,30,30.0,32.699999999999996,14.0,32.699999999999996,1.0,196.0,1.0440306508910548,0.19061304607327728,0.19061304607327728,1.0,30.0,0.19061304607327728,0.19061304607327728,5.3110838946723815,5.3110838946723815
1954-10-01,10.451612903225806,31,31.0,151.22,52.6,151.22,1.0,2766.76,2.2086340838013507,0.39668239168777086,0.39668239168777086,2.2,31.0,0.18031017803989582,0.18031017803989582,1.7204936647881508,1.7204936647881508
1954-11-01,13.4,30,30.0,183.45999999999998,49.4,183.45999999999998,1.0,2440.3599999999997,2.4729200014018513,0.451491355891167,0.451491355891167,2.5,30.0,0.1805965423564668,0.1805965423564668,2.4110682794984273,2.4110682794984273
1954-12-01,11.258064516129032,31,31.0,161.47,49.9,161.47,1.0,2490.0099999999998,2.282259774306894,0.40990595606794883,0.40990595606794883,2.3,31.0,0.1782199808991082,0.1782199808991082,2.113865340513798,2.113865340513798
1955-01-01,33.41935483870968,31,31.0,469.26,117.6,469.26,1.0,13829.759999999998,3.8906836616253844,0.6987874141368657,0.6987874141368657,3.9,31.0,0.1791762600350938,0.1791762600350938,1.0589087234759178,1.0589087234759178
1955-02-01,29.892857142857142,28,28.0,381.66999999999996,95.89999999999999,381.66999999999996,1.0,9196.809999999998,3.6920280915198123,0.6977277259732745,0.6977277259732745,3.7,28.0,0.18857506107385796,0.18857506107385796,1.1742626889646681,1.1742626889646681
1955-03-01,7.290322580645161,31,31.0,106.47,36.5,106.47,1.0,1332.25,1.8532447569148167,0.3328525842952227,0.3328525842952227,1.9,31.0,0.17518557068169616,0.17518557068169616,2.7433470932793815,2.7433470932793815
1955-04-01,16.433333333333334,30,30.0,225.81,63.5,225.81,1.0,4032.25,2.7435378619585333,0.5008991914547277,0.5008991914547277,2.7,30.0,0.18551821905730656,0.18551821905730656,1.664334653902334,1.664334653902334
1955-05-01,41.29032258064516,31,31.0,573.91,121.3,573.91,1.0,14713.689999999999,4.30269982760262,0.7727877020671208,0.7727877020671208,4.3,31.0,0.17971807024816763,0.17971807024816763,1.2160712542910852,1.2160712542910852
1955-06-01,45.166666666666664,30,30.0,605.1600000000001,121.6,605.1600000000001,1.0,14786.56,4.491324971542363,0.8200000000000001,0.8200000000000001,4.5,30.0,0.18222222222222223,0.18222222222222223,1.2424612520625609,1.2424612520625609
1955-07-01,38.193548387096776,31,31.0,529.71,118.3,529.71,1.0,13994.89,4.133693185861611,0.742433213132696,0.742433213132696,4.1,31.0,0.18108127149577952,0.18108127149577952,1.1603781011468095,1.1603781011468095
1955-08-01,58.03225806451613,31,31.0,806.3100000000001,148.9,806.3100000000001,1.0,22171.210000000003,5.1000000000000005,0.9159870403365521,0.9159870403365521,5.1,31.0,0.17960530202677494,0.17960530202677494,1.1321981380675779,1.1321981380675779
1955-09-01,60.8,30,30.0,811.89,147.3,811.89,1.0,21697.290000000005,5.202211068382366,0.949789450352024,0.949789450352024,5.2,30.0,0.1826518173753892,0.1826518173753892,1.1263423252607083,1.1263423252607083
1955-10-01,83.0,31,31.0,1144.67,172.3,1144.67,1.0,29687.290000000005,6.07658116951279,1.0913861962405575,1.0913861962405575,6.1,31.0,0.17891576987550126,0.17891576987550126,1.2127176832400106,1.2127176832400106
1955-11-01,126.26666666666667,30,30.0,1685.1,221.6,1685.1,1.0,49106.56,7.494664769020693,1.3683323183106262,1.3683323183106262,7.5,30.0,0.18244430910808349,0.18244430910808349,1.0320201022912412,1.0320201022912412
1955-12-01,108.83870967741936,31,31.0,1497.28,214.6,1497.28,1.0,46053.159999999996,6.949773725720117,1.2482162090257063,1.2482162090257063,6.9,31.0,0.180900899858798,0.180900899858798,0.993268004133237,0.993268004133237
1956-01-01,104.12903225806451,31,31.0,1439.65,206.9,1439.65,1.0,42807.61,6.814713682954345,1.2239587092530106,1.2239587092530106,6.8,31.0,0.1799939278313251,0.1799939278313251,1.0393790266670146,1.0393790266670146
1956-02-01,175.6206896551724,29,29.0,2277.2200000000003,242.8,2277.2200000000003,1.0,58951.840000000004,8.861423564315551,1.6455250455056722,1.6455250455056722,8.9,29.0,0.18489045455119912,0.18489045455119912,1.1352240209109474,1.1352240209109474
1956-03-01,167.67741935483872,31,31.0,2315.79,267.3,2315.79,1.0,71449.29000000001,8.6430841269657,1.5523437350664988,1.5523437350664988,8.6,31.0,0.18050508547284871,0.18050508547284871,0.994594082463639,0.994594082463639
1956-04-01,156.73333333333332,30,30.0,2101.47,245.9,2101.47,1.0,60466.810000000005,8.369528063158638,1.5280597719548363,1.5280597719548363,8.4,30.0,0.18191187761367097,0.18191187761367097,1.0520375620188283,1.0520375620188283
1956-05-01,193.38709677419354,31,31.0,2674.44,286.6,2674.44,1.0,82139.56000000001,9.288286067112496,1.6682254243948251,1.6682254243948251,9.3,31.0,0.17937907789191668,0.17937907789191668,1.0122988551455028,1.0122988551455028
1956-06-01,165.06666666666666,30,30.0,2208.74,255.79999999999998,2208.74,1.0,65433.63999999999,8.58048172695838,1.5665744653719962,1.5665744653719962,8.6,30.0,0.18215982155488328,0.18215982155488328,1.0178783991750087,1.0178783991750087
1956-07-01,182.74193548387098,31,31.0,2528.64,276.8,2528.64,1.0,76618.24,9.031557576523802,1.6221156263037648,1.6221156263037648,9.0,31.0,0.1802350695893072,0.1802350695893072,1.0165038008033516,1.0165038008033516
1956-08-01,240.19354838709677,31,31.0,3326.31,319.7,3326.31,1.0,102208.09,10.35858690076234,1.8604571288820142,1.8604571288820142,10.4,31.0,0.17889010854634751,0.17889010854634751,1.0175327547703936,1.0175327547703936
1956-09-01,245.43333333333334,30,30.0,3297.85,312.3,3297.85,1.0,97531.29000000001,10.484671350754555,1.914230335612143,1.914230335612143,10.5,30.0,0.1823076510106803,0.1823076510106803,1.0179735558841956,1.0179735558841956
1956-10-01,219.93548387096774,31,31.0,3050.55,306.5,3050.55,1.0,93942.25,9.919921305619184,1.7816704621775727,1.7816704621775727,9.9,31.0,0.17996671335126996,0.17996671335126996,1.0026994764098371,1.0026994764098371
1956-11-01,285.03333333333336,30,30.0,3832.66,336.4,3832.66,1.0,113164.95999999999,11.302890485771032,2.0636160280224396,2.0636160280224396,11.3,30.0,0.1826208874356141,0.1826208874356141,1.0160614932641134,1.0160614932641134
1956-12-01,272.0,31,31.0,3781.4900000000002,341.7,3781.4900000000002,1.0,116758.89,11.044616262555108,1.98367163960604,1.98367163960604,11.0,31.0,0.1803337854187309,0.1803337854187309,0.9957700389635449,0.9957700389635449
1957-01-01,233.67741935483872,31,31.0,3239.8900000000003,314.3,3239.8900000000003,1.0,98784.49,10.223139471080364,1.8361300523652326,1.8361300523652326,10.2,31.0,0.18001275023188557,0.18001275023188557,1.0125381235569564,1.0125381235569564
1957-02-01,184.46428571428572,28,28.0,2303.2200000000003,253.6,2303.2200000000003,1.0,64312.96,9.069611741571805,1.7139955111507434,1.7139955111507434,9.1,28.0,0.18835115507151026,0.18835115507151026,1.009838454410549,1.009838454410549
1957-03-01,222.80645161290323,31,31.0,3081.91,308.1,3081.91,1.0,94925.61000000002,9.970779889903458,1.790804933568604,1.790804933568604,10.0,31.0,0.1790804933568604,0.1790804933568604,1.0127868324120215,1.0127868324120215
1957-04-01,248.03333333333333,30,30.0,3333.1,314.0,3333.1,1.0,98596.0,10.540556595044368,1.924433538588549,1.924433538588549,10.5,30.0,0.18327938462748086,0.18327938462748086,1.0066027803058692,1.0066027803058692
1957-05-01,233.0,31,31.0,3222.25,314.3,3222.25,1.0,98784.49,10.195270883458505,1.8311247062683491,1.8311247062683491,10.2,31.0,0.17952203002630876,0.17952203002630876,1.0125358091229337,1.0125358091229337
1957-06-01,284.3333333333333,30,30.0,3825.7799999999997,337.0,3825.7799999999997,1.0,113569.0,11.292741031299709,2.0617629996356674,2.0617629996356674,11.3,30.0,0.18245690262262543,0.18245690262262543,1.0123196676751423,1.0123196676751423
1957-07-01,265.0967741935484,31,31.0,3675.84,334.6,3675.84,1.0,111957.16000000002,10.889237065606007,1.9557647120093191,1.9557647120093191,10.9,31.0,0.17942795523021277,0.17942795523021277,1.0204952248457997,1.0204952248457997
1957-08-01,223.70967741935485,31,31.0,3102.97,307.3,3102.97,1.0,94433.29000000001,10.004789175770417,1.796913181628454,1.796913181628454,10.0,31.0,0.1796913181628454,0.1796913181628454,1.018249251727137,1.018249251727137
1957-09-01,334.0,30,30.0,4506.48,366.0,4506.48,1.0,133956.0,12.256263704734815,2.2376773672716985,2.2376773672716985,12.3,30.0,0.18192498920908118,0.18192498920908118,1.0170336668687532,1.0170336668687532
1957-10-01,359.38709677419354,31,31.0,5007.97,393.3,5007.97,1.0,154684.89,12.710130579771347,2.2828068415795806,2.2828068415795806,12.7,31.0,0.1797485702031166,0.1797485702031166,1.0021031966718716,1.0021031966718716
1957-11-01,298.6333333333333,30,30.0,4009.63,346.1,4009.63,1.0,119785.21000000002,11.560896735691975,2.1107213090421113,2.1107213090421113,11.6,30.0,0.18195873353811304,0.18195873353811304,1.0113909168064628,1.0113909168064628
1957-12-01,339.0,31,31.0,4727.11,379.5,4727.11,1.0,144020.25,12.348579649289173,2.217870377512268,2.217870377512268,12.3,31.0,0.18031466483839578,0.18031466483839578,1.0098313527859306,1.0098313527859306
1958-01-01,286.6774193548387,31,31.0,3977.83,348.5,3977.83,1.0,121452.25,11.327713660496258,2.0345174332662546,2.0345174332662546,11.3,31.0,0.1800457905545358,0.1800457905545358,1.010707352289971,1.010707352289971
1958-02-01,233.60714285714286,28,28.0,2922.9300000000003,285.7,2922.9300000000003,1.0,81624.48999999999,10.217159935268565,1.9308617352923867,1.9308617352923867,10.2,28.0,0.18930017012670458,0.18930017012670458,0.9992740931691824,0.9992740931691824
1958-03-01,270.0,31,31.0,3752.91,337.5,3752.91,1.0,113906.25,11.002800230088058,1.9761612584652337,1.9761612584652337,11.0,31.0,0.17965102349683942,0.17965102349683942,1.0215585836979615,1.0215585836979615
1958-04-01,277.56666666666666,30,30.0,3731.34,331.6,3731.34,1.0,109958.56000000001,11.15248851153858,2.036156510028965,2.036156510028965,11.2,30.0,0.1817996883954433,0.1817996883954433,1.0276524227970945,1.0276524227970945
1958-05-01,248.2258064516129,31,31.0,3442.5099999999998,323.7,3442.5099999999998,1.0,104781.68999999999,10.53796515829405,1.8926744150030337,1.8926744150030337,10.5,31.0,0.1802547061907651,0.1802547061907651,1.011531176786708,1.011531176786708
1958-06-01,242.86666666666667,30,30.0,3261.61,310.9,3261.61,1.0,96658.80999999998,10.426904302492343,1.9036835638075755,1.9036835638075755,10.4,30.0,0.1830464965199592,0.1830464965199592,1.0073363013023948,1.0073363013023948
1958-07-01,270.96774193548384,31,31.0,3758.49,339.7,3758.49,1.0,115396.09,11.010976927740145,1.9776298367166187,1.9776298367166187,11.0,31.0,0.1797845306106017,0.1797845306106017,1.0079266304542556,1.0079266304542556
1958-08-01,283.51612903225805,31,31.0,3940.83,348.1,3940.83,1.0,121173.61000000002,11.274907910359923,2.0250332405642673,2.0250332405642673,11.3,31.0,0.17920648146586435,0.17920648146586435,1.0131062318917967,1.0131062318917967
1958-09-01,285.06666666666666,30,30.0,3828.93,337.9,3828.93,1.0,114176.40999999999,11.297389078897831,2.062611613141618,2.062611613141618,11.3,30.0,0.18253200116297502,0.18253200116297502,1.0067476846775298,1.0067476846775298
1958-10-01,256.9032258064516,31,31.0,3566.56,330.2,3566.56,1.0,109032.04,10.726151340562241,1.9264736511065776,1.9264736511065776,10.7,31.0,0.18004426645855867,0.18004426645855867,1.0094139807641325,1.0094139807641325
1958-11-01,215.6,30,30.0,2893.61,288.5,2893.61,1.0,83232.25,9.821082764474937,1.7930761897427065,1.7930761897427065,9.8,30.0,0.18296695813701086,0.18296695813701086,1.0398780711249285,1.0398780711249285
1958-12-01,265.6774193548387,31,31.0,3688.57,334.1,3688.57,1.0,111622.81000000001,10.908076321343652,1.9591483422260383,1.9591483422260383,10.9,31.0,0.17973838002073744,0.17973838002073744,1.023658850055367,1.023658850055367
1959-01-01,307.7096774193548,31,31.0,4273.62,362.0,4273.62,1.0,131044.0,11.741324868915745,2.1088041992760957,2.1088041992760957,11.7,31.0,0.18023967515180306,0.18023967515180306,1.0040016445481978,1.0040016445481978
1959-02-01,202.60714285714286,28,28.0,2535.51,264.7,2535.51,1.0,70066.09,9.51598279587708,1.7983517113042766,1.7983517113042766,9.5,28.0,0.18930018013729227,0.18930018013729227,1.0102162605444822,1.0102162605444822
1959-03-01,262.96774193548384,31,31.0,3651.27,334.9,3651.27,1.0,112158.00999999998,10.85278320182461,1.9492174047948183,1.9492174047948183,10.9,31.0,0.1788272848435613,0.1788272848435613,1.0186016094484087,1.0186016094484087
1959-04-01,231.3,30,30.0,3099.9100000000003,303.1,3099.9100000000003,1.0,91869.61000000002,10.165152892767198,1.855894513285829,1.855894513285829,10.2,30.0,0.18195044247900286,0.18195044247900286,1.0198985689936992,1.0198985689936992
1959-05-01,243.58064516129033,31,31.0,3376.46,319.8,3376.46,1.0,102272.04000000001,10.436381773207083,1.874429500443587,1.874429500443587,10.4,31.0,0.18023360581188336,0.18023360581188336,1.0168836665905594,1.0168836665905594
1959-06-01,238.9,30,30.0,3206.59,309.9,3206.59,1.0,96038.00999999998,10.338584687148108,1.8875586819428363,1.8875586819428363,10.3,30.0,0.18325812446046952,0.18325812446046952,0.9939997686128257,0.9939997686128257
1959-07-01,211.8709677419355,31,31.0,2936.16,300.2,2936.16,1.0,90120.04,9.732154885207972,1.7479466175291307,1.7479466175291307,9.7,31.0,0.18020068221949803,0.18020068221949803,1.003446164589142,1.003446164589142
1959-08-01,282.5806451612903,31,31.0,3928.62,347.0,3928.62,1.0,120409.0,11.257427655523921,2.0218936941149424,2.0218936941149424,11.3,31.0,0.17892864549689755,0.17892864549689755,1.0197551725020129,1.0197551725020129
1959-09-01,205.56666666666666,30,30.0,2757.68,284.6,2757.68,1.0,80997.16000000002,9.587630920444667,1.7504539093871876,1.7504539093871876,9.6,30.0,0.18233894889449873,0.18233894889449873,1.0248830897137862,1.0248830897137862
1959-10-01,157.74193548387098,31,31.0,2180.44,258.8,2180.44,1.0,66977.44,8.386702223970302,1.5062961859448107,1.5062961859448107,8.4,31.0,0.17932097451723936,0.17932097451723936,1.0128203466209855,1.0128203466209855
1959-11-01,175.63333333333333,30,30.0,2353.01,263.3,2353.01,1.0,69326.89,8.856278375630854,1.6169278139594099,1.6169278139594099,8.9,30.0,0.1816772824673494,0.1816772824673494,1.0292966451995913,1.0292966451995913
1959-12-01,177.09677419354838,31,31.0,2449.54,274.0,2449.54,1.0,75076.0,8.889174278572712,1.5965428310716911,1.5965428310716911,8.9,31.0,0.1793868349518754,0.1793868349518754,1.0143860791232289,1.0143860791232289
1960-01-01,207.16129032258064,31,31.0,2867.57,296.3,2867.57,1.0,87793.69,9.617809421303592,1.7274095659491928,1.7274095659491928,9.6,31.0,0.1799384964530409,0.1799384964530409,1.009091078221871,1.009091078221871
1960-02-01,149.93103448275863,29,29.0,1940.99,233.1,1940.99,1.0,54335.61,8.181117873198772,1.5191954501299696,1.5191954501299696,8.2,29.0,0.18526773782072803,0.18526773782072803,1.0422415507546385,1.0422415507546385
1960-03-01,144.6451612903226,31,31.0,2000.2800000000002,246.6,2000.2800000000002,1.0,60811.56,8.032755522877725,1.442725481793698,1.442725481793698,8.0,31.0,0.18034068522421226,0.18034068522421226,1.0117739318035588,1.0117739318035588
1960-04-01,172.7,30,30.0,2310.67,262.1,2310.67,1.0,68696.41000000002,8.776236854901612,1.6023142984792687,1.6023142984792687,8.8,30.0,0.18208117028173507,0.18208117028173507,1.0150572999562857,1.0150572999562857
1960-05-01,169.32258064516128,31,31.0,2340.67,268.5,2340.67,1.0,72092.25,8.689389154075663,1.5606603634459413,1.5606603634459413,8.7,31.0,0.1793862486719473,0.1793862486719473,1.0092591450975015,1.0092591450975015
1960-06-01,156.0,30,30.0,2079.57,246.9,2079.57,1.0,60959.61,8.325803264550514,1.5200767524481562,1.5200767524481562,8.3,30.0,0.1831417774033923,0.1831417774033923,1.017686638799838,1.017686638799838
1960-07-01,172.41935483870967,31,31.0,2382.56,269.6,2382.56,1.0,72684.16000000002,8.766799541083872,1.5745636793845603,1.5745636793845603,8.8,31.0,0.17892769083915458,0.17892769083915458,1.024689054018685,1.024689054018685
1960-08-01,189.96774193548387,31,31.0,2634.11,272.9,2634.11,1.0,74474.40999999999,9.21798732493057,1.655599397573138,1.655599397573138,9.2,31.0,0.1799564562579498,0.1799564562579498,1.0955540274748297,1.0955540274748297
1960-09-01,180.13333333333333,30,30.0,2409.12,265.8,2409.12,1.0,70649.64,8.961249912819081,1.6360929068974046,1.6360929068974046,9.0,30.0,0.1817881007663783,0.1817881007663783,1.0329768882183195,1.0329768882183195
1960-10-01,117.25806451612904,31,31.0,1619.63,219.5,1619.63,1.0,48180.25,7.228148382003379,1.298213773244061,1.298213773244061,7.2,31.0,0.1803074685061196,0.1803074685061196,1.0351797291359093,1.0351797291359093
1960-11-01,126.93333333333334,30,30.0,1695.12,222.4,1695.12,1.0,49461.76,7.516914260519405,1.3723945011062477,1.3723945011062477,7.5,30.0,0.18298593348083303,0.18298593348083303,1.0243525606992663,1.0243525606992663
1960-12-01,121.16129032258064,31,31.0,1674.97,225.5,1674.97,1.0,50850.25,7.350597956804647,1.320206366109293,1.320206366109293,7.4,31.0,0.17840626569044502,0.17840626569044502,1.036077272971298,1.036077272971298
1961-01-01,82.12903225806451,31,31.0,1134.55,182.7,1134.55,1.0,33379.28999999999,6.049660081093332,1.0865510260240916,1.0865510260240916,6.0,31.0,0.18109183767068193,0.18109183767068193,1.0377335962392626,1.0377335962392626
1961-02-01,65.39285714285714,28,28.0,816.19,149.3,816.19,1.0,22290.49,5.399040920121171,1.0203228280644259,1.0203228280644259,5.4,28.0,0.18894867186378256,0.18894867186378256,1.0265875954047397,1.0265875954047397
1961-03-01,75.16129032258064,31,31.0,1036.81,175.5,1036.81,1.0,30800.25,5.783207057590774,1.0386946502619672,1.0386946502619672,5.8,31.0,0.17908528452792538,0.17908528452792538,1.0513310961367368,1.0513310961367368
1961-04-01,86.86666666666666,30,30.0,1156.86,184.4,1156.86,1.0,34003.36,6.209830915572501,1.1337548235840058,1.1337548235840058,6.2,30.0,0.18286368122322674,0.18286368122322674,1.0180427138355688,1.0180427138355688
1961-05-01,72.25806451612904,31,31.0,995.45,173.1,995.45,1.0,29963.609999999997,5.666682479421327,1.0177662182063012,1.0177662182063012,5.7,31.0,0.17855547687829845,0.17855547687829845,1.0434711766297897,1.0434711766297897
1961-06-01,109.5,30,30.0,1463.84,205.2,1463.84,1.0,42107.03999999999,6.985317935975904,1.2753387349598102,1.2753387349598102,7.0,30.0,0.18219124785140145,0.18219124785140145,1.0490355090150383,1.0490355090150383
1961-07-01,99.3225806451613,31,31.0,1369.03,203.5,1369.03,1.0,41412.25,6.6454689875520545,1.1935614646188528,1.1935614646188528,6.6,31.0,0.18084264615437165,0.18084264615437165,1.0112106369068221,1.0112106369068221
1961-08-01,79.2258064516129,31,31.0,1097.65,177.5,1097.65,1.0,31506.25,5.95046758802441,1.068735528347659,1.068735528347659,6.0,31.0,0.17812258805794315,0.17812258805794315,1.1016077688548633,1.1016077688548633
1961-09-01,90.06666666666666,30,30.0,1201.1100000000001,187.7,1201.1100000000001,1.0,35231.28999999999,6.327479751054128,1.1552344639365062,1.1552344639365062,6.3,30.0,0.18337054983119147,0.18337054983119147,1.0143904616431652,1.0143904616431652
1961-10-01,53.70967741935484,31,31.0,741.09,146.1,741.09,1.0,21345.21,4.8893894334832915,0.8781602659272885,0.8781602659272885,4.9,31.0,0.17921638080148744,0.17921638080148744,1.0838861353942806,1.0838861353942806
1961-11-01,46.46666666666667,30,30.0,625.36,125.4,625.36,1.0,15725.160000000002,4.565668990775977,0.8335732987832831,0.8335732987832831,4.6,30.0,0.1812115866920181,0.1812115866920181,1.219793639650856,1.219793639650856
1961-12-01,56.87096774193548,31,31.0,787.6,140.4,787.6,1.0,19712.16,5.040481287823934,0.905297164059925,0.905297164059925,5.0,31.0,0.181059432811985,0.181059432811985,1.2278964477905958,1.2278964477905958
1962-01-01,55.12903225806452,31,31.0,765.5600000000001,142.6,765.5600000000001,1.0,20334.76,4.969455087931447,0.8925404819764208,0.8925404819764208,5.0,31.0,0.17850809639528414,0.17850809639528414,1.188573881405474,1.188573881405474
1962-02-01,71.67857142857143,28,28.0,897.3000000000001,149.4,897.3000000000001,1.0,22320.36,5.660956506760017,1.069820221402853,1.069820221402853,5.7,28.0,0.1876877581408514,0.1876877581408514,1.1471218397371803,1.1471218397371803
1962-03-01,64.87096774193549,31,31.0,901.95,160.1,901.95,1.0,25632.01,5.3939930747381,0.9687897553186686,0.9687897553186686,5.4,31.0,0.17940551024419787,0.17940551024419787,1.0966738455143257,1.0966738455143257
1962-04-01,65.86666666666666,30,30.0,883.99,157.7,883.99,1.0,24869.289999999997,5.428290092960521,0.9910656441987641,0.9910656441987641,5.4,30.0,0.18353067485162297,0.18353067485162297,1.0573146885800888,1.0573146885800888
1962-05-01,61.935483870967744,31,31.0,854.1999999999999,160.8,854.1999999999999,1.0,25856.640000000003,5.249270302592296,0.9427967781172695,0.9427967781172695,5.2,31.0,0.18130707271485952,0.18130707271485952,1.005151497213872,1.005151497213872
1962-06-01,59.56666666666667,30,30.0,797.84,153.4,797.84,1.0,23531.56,5.157001712881883,0.9415353890793957,0.9415353890793957,5.2,30.0,0.1810644978998838,0.1810644978998838,1.0353853218918858,1.0353853218918858
1962-07-01,31.419354838709676,31,31.0,442.75,112.5,442.75,1.0,12656.25,3.7791874873464706,0.6787621100806714,0.6787621100806714,3.8,31.0,0.17862160791596618,0.17862160791596618,1.0999377737749212,1.0999377737749212
1962-08-01,31.451612903225808,31,31.0,440.12,105.8,440.12,1.0,11193.64,3.767946304665011,0.6767431340700296,0.6767431340700296,3.8,31.0,0.1780902984394815,0.1780902984394815,1.2495182972645238,1.2495182972645238
1962-09-01,72.7,30,30.0,970.45,168.5,970.45,1.0,28392.25,5.687559523498048,1.0384015493910714,1.0384015493910714,5.7,30.0,0.18217571041948621,0.18217571041948621,1.0309516516056567,1.0309516516056567
1962-10-01,56.096774193548384,31,31.0,777.2,152.4,777.2,1.0,23225.760000000002,5.007091744908963,0.8993002251201457,0.8993002251201457,5.0,31.0,0.17986004502402914,0.17986004502402914,1.0356031745466079,1.0356031745466079
1962-11-01,38.8,30,30.0,524.15,117.5,524.15,1.0,13806.25,4.17991227978132,0.7631440813430246,0.7631440813430246,4.2,30.0,0.18170097174833919,0.18170097174833919,1.1558300268782797,1.1558300268782797
1962-12-01,33.225806451612904,31,31.0,465.75,109.3,465.75,1.0,11946.49,3.87610546146349,0.6961690920937819,0.6961690920937819,3.9,31.0,0.17850489540866202,0.17850489540866202,1.2325912789593703,1.2325912789593703
1963-01-01,28.70967741935484,31,31.0,405.12,108.2,405.12,1.0,11707.24,3.6150224199545695,0.6492771935695032,0.6492771935695032,3.6,31.0,0.18035477599152866,0.18035477599152866,1.0661221080646819,1.0661221080646819
1963-02-01,35.17857142857143,28,28.0,446.6,107.2,446.6,1.0,11491.84,3.993745109543172,0.7547468828308317,0.7547468828308317,4.0,28.0,0.18868672070770792,0.18868672070770792,1.0952591342514966,1.0952591342514966
1963-03-01,24.838709677419356,31,31.0,353.49,99.5,353.49,1.0,9900.25,3.376818506494901,0.6064945077486196,0.6064945077486196,3.4,31.0,0.17838073757312342,0.17838073757312342,1.1266303960715465,1.1266303960715465
1963-04-01,41.733333333333334,30,30.0,560.39,112.5,560.39,1.0,12656.25,4.3219979947550495,0.789085265073145,0.789085265073145,4.3,30.0,0.18350820117980118,0.18350820117980118,1.329430896190928,1.329430896190928
1963-05-01,61.096774193548384,31,31.0,844.89,157.9,844.89,1.0,24932.410000000003,5.220585803243948,0.9376448899483225,0.9376448899483225,5.2,31.0,0.180316324990062,0.180316324990062,1.0437168292958345,1.0437168292958345
1963-06-01,51.233333333333334,30,30.0,690.15,137.7,690.15,1.0,18961.289999999997,4.796352781020178,0.8756902039724627,0.8756902039724627,4.8,30.0,0.18243545916092974,0.18243545916092974,1.0971318702609691,1.0971318702609691
1963-07-01,28.677419354838708,31,31.0,404.76,108.2,404.76,1.0,11707.24,3.6134158622484054,0.6489886472874641,0.6489886472874641,3.6,31.0,0.1802746242465178,0.1802746242465178,1.066120001981866,1.066120001981866
1963-08-01,47.45161290322581,31,31.0,660.11,136.1,660.11,1.0,18523.21,4.614528249750123,0.8287937400074559,0.8287937400074559,4.6,31.0,0.1801725521755339,0.1801725521755339,1.1014129686336638,1.1014129686336638
1963-09-01,55.233333333333334,30,30.0,739.28,135.0,739.28,1.0,18225.0,4.964138058783888,0.9063234644552806,0.9063234644552806,5.0,30.0,0.18126469289105612,0.18126469289105612,1.2444852142205183,1.2444852142205183
1963-10-01,50.12903225806452,31,31.0,692.91,138.5,692.91,1.0,19182.25,4.7277833583901625,0.8491349580008254,0.8491349580008254,4.7,31.0,0.18066701234060115,0.18066701234060115,1.1106713381873015,1.1106713381873015
1963-11-01,33.666666666666664,30,30.0,456.71999999999997,111.6,456.71999999999997,1.0,12454.56,3.9017944589637215,0.7123669466410317,0.7123669466410317,3.9,30.0,0.1826581914464184,0.1826581914464184,1.102888519933588,1.102888519933588
1963-12-01,21.64516129032258,31,31.0,308.12,87.2,308.12,1.0,7603.84,3.152674236058917,0.5662370083593937,0.5662370083593937,3.2,31.0,0.17694906511231054,0.17694906511231054,1.3065907134593981,1.3065907134593981
1964-01-01,22.612903225806452,31,31.0,323.88,97.2,323.88,1.0,9447.84,3.2322966966978557,0.5805376244505652,0.5805376244505652,3.2,31.0,0.18141800764080163,0.18141800764080163,1.0430514820319248,1.0430514820319248
1964-02-01,25.275862068965516,29,29.0,333.03999999999996,80.8,333.03999999999996,1.0,6528.639999999999,3.3888254500688704,0.6292890879735388,0.6292890879735388,3.4,29.0,0.18508502587457024,0.18508502587457024,1.5154173929885724,1.5154173929885724
1964-03-01,24.06451612903226,31,31.0,343.07,96.7,343.07,1.0,9350.890000000001,3.326676147981403,0.597488674303468,0.597488674303468,3.3,31.0,0.18105717403135393,0.18105717403135393,1.1237147278697839,1.1237147278697839
1964-04-01,12.866666666666667,30,30.0,181.26999999999998,63.699999999999996,181.26999999999998,1.0,4057.6899999999996,2.458115809585328,0.44878849262331927,0.44878849262331927,2.5,30.0,0.1795153970493277,0.1795153970493277,1.404318933448904,1.404318933448904
1964-05-01,14.290322580645162,31,31.0,206.6,73.8,206.6,1.0,5446.44,2.5815724140593574,0.4636640931311213,0.4636640931311213,2.6,31.0,0.17833234351196972,0.17833234351196972,1.2003725304589454,1.2003725304589454
1964-06-01,13.533333333333333,30,30.0,188.38,60.0,188.38,1.0,3600.0,2.5058597992172933,0.45750531265889266,0.45750531265889266,2.5,30.0,0.18300212506355706,0.18300212506355706,1.5935596578751443,1.5935596578751443
1964-07-01,4.774193548387097,31,31.0,70.23,27.7,70.23,1.0,767.29,1.50515244110613,0.270333358781204,0.270333358781204,1.5,31.0,0.18022223918746935,0.18022223918746935,3.0012050612572807,3.0012050612572807
1964-08-01,13.774193548387096,31,31.0,197.39,60.5,197.39,1.0,3660.25,2.523374596614365,0.45321145655161427,0.45321145655161427,2.5,31.0,0.1812845826206457,0.1812845826206457,1.677474688552237,1.677474688552237
1964-09-01,7.0,30,30.0,98.95,33.9,98.95,1.0,1149.2099999999998,1.8161314196206544,0.33157871530670424,0.33157871530670424,1.8,30.0,0.18421039739261347,0.18421039739261347,2.682240588044866,2.682240588044866
1964-10-01,9.161290322580646,31,31.0,131.51999999999998,45.4,131.51999999999998,1.0,2061.16,2.0597525689172693,0.3699424822408116,0.3699424822408116,2.1,31.0,0.17616308678133885,0.17616308678133885,2.128111979436579,2.128111979436579
1964-11-01,11.1,30,30.0,155.46,54.8,155.46,1.0,3003.0399999999995,2.276400667720865,0.41561199854351333,0.41561199854351333,2.3,30.0,0.18070086893196233,0.18070086893196233,1.617352278074716,1.617352278074716
1964-12-01,22.06451612903226,31,31.0,315.2,87.0,315.2,1.0,7569.0,3.1886896894310475,0.5727055747399264,0.5727055747399264,3.2,31.0,0.178970492106227,0.178970492106227,1.3131655132482285,1.3131655132482285
1965-01-01,25.387096774193548,31,31.0,360.96999999999997,100.3,360.96999999999997,1.0,10060.09,3.412358941903254,0.6128777583843,0.6128777583843,3.4,31.0,0.18025816423067648,0.18025816423067648,1.1081613589686485,1.1081613589686485
1965-02-01,20.785714285714285,28,28.0,269.71,79.5,269.71,1.0,6320.25,3.103626910567699,0.5865303548349882,0.5865303548349882,3.1,28.0,0.189203340269351,0.189203340269351,1.2006415956261756,1.2006415956261756
1965-03-01,17.451612903225808,31,31.0,249.98,80.8,249.98,1.0,6528.639999999999,2.8396955765965366,0.5100243816987177,0.5100243816987177,2.8,31.0,0.18215156489239917,0.18215156489239917,1.160161563136083,1.160161563136083
1965-04-01,10.166666666666666,30,30.0,142.05,48.3,142.05,1.0,2332.89,2.1760055146988946,0.3972824352187413,0.3972824352187413,2.2,30.0,0.18058292509942783,0.18058292509942783,1.9234403242591889,1.9234403242591889
1965-05-01,34.54838709677419,31,31.0,479.76,98.4,479.76,1.0,9682.560000000001,3.9339711529519463,0.7065620770905541,0.7065620770905541,3.9,31.0,0.18116976335655233,0.18116976335655233,1.5361683400704131,1.5361683400704131
1965-06-01,23.266666666666666,30,30.0,318.73,88.3,318.73,1.0,7796.889999999999,3.2594989389986515,0.5951003650179056,0.5951003650179056,3.3,30.0,0.1803334439448199,0.1803334439448199,1.2679950683055723,1.2679950683055723
1965-07-01,17.322580645161292,31,31.0,246.44,69.8,246.44,1.0,4872.04,2.8195172316116173,0.5064002439533007,0.5064002439533007,2.8,31.0,0.1808572299833217,0.1808572299833217,1.5755361466620543,1.5755361466620543
1965-08-01,13.290322580645162,31,31.0,190.62,63.6,190.62,1.0,4044.96,2.4797242302450724,0.4453716193162781,0.4453716193162781,2.5,31.0,0.17814864772651123,0.17814864772651123,1.5088523586398708,1.5088523586398708
1965-09-01,24.466666666666665,30,30.0,337.15999999999997,93.4,337.15999999999997,1.0,8723.560000000001,3.3524120669551745,0.612063903707956,0.612063903707956,3.4,30.0,0.18001879520822237,0.18001879520822237,1.2003768005341977,1.2003768005341977
1965-10-01,29.129032258064516,31,31.0,409.03,100.3,409.03,1.0,10060.09,3.632425653613885,0.652402906607127,0.652402906607127,3.6,31.0,0.1812230296130908,0.1812230296130908,1.2481043533041967,1.2481043533041967
1965-11-01,22.833333333333332,30,30.0,312.06,81.2,312.06,1.0,6593.4400000000005,3.225213171249305,0.5888406688853389,0.5888406688853389,3.2,30.0,0.18401270902666841,0.18401270902666841,1.4175133489774543,1.4175133489774543
1965-12-01,24.677419354838708,31,31.0,349.39,93.7,349.39,1.0,8779.69,3.3571781545354904,0.6029669964030375,0.6029669964030375,3.4,31.0,0.1773432342361875,0.1773432342361875,1.2763211273620152,1.2763211273620152
1966-01-01,40.32258064516129,31,31.0,560.48,118.6,560.48,1.0,14065.96,4.25205832509386,0.7636922197139453,0.7636922197139453,4.3,31.0,0.17760284179394079,0.17760284179394079,1.274179814416074,1.274179814416074
1966-02-01,35.285714285714285,28,28.0,447.76,108.6,447.76,1.0,11793.96,3.9989284278952244,0.7557264379255181,0.7557264379255181,4.0,28.0,0.18893160948137952,0.18893160948137952,1.0661049514374858,1.0661049514374858
1966-03-01,36.354838709677416,31,31.0,507.81,116.3,507.81,1.0,13525.689999999999,4.047340823545194,0.7269238710181303,0.7269238710181303,4.0,31.0,0.18173096775453257,0.18173096775453257,1.1421360467295751,1.1421360467295751
1966-04-01,69.0,30,30.0,918.99,164.1,918.99,1.0,26928.809999999998,5.534708664419474,1.0104949282406122,1.0104949282406122,5.5,30.0,0.1837263505892022,0.1837263505892022,1.0113876220596683,1.0113876220596683
1966-05-01,64.2258064516129,31,31.0,882.21,158.7,882.21,1.0,25185.689999999995,5.3346402968498445,0.9581296817199204,0.9581296817199204,5.3,31.0,0.18077918523017367,0.18077918523017367,1.0744255555171525,1.0744255555171525
1966-06-01,67.66666666666667,30,30.0,898.35,161.9,898.35,1.0,26211.61,5.472202481633881,0.9990829128088753,0.9990829128088753,5.5,30.0,0.1816514386925228,0.1816514386925228,1.0400339584865796,1.0400339584865796
1966-07-01,80.2258064516129,31,31.0,1101.74,184.0,1101.74,1.0,33856.0,5.961543424315552,1.0707248072699285,1.0707248072699285,6.0,31.0,0.17845413454498807,0.17845413454498807,1.0225924811001685,1.0225924811001685
1966-08-01,72.64516129032258,31,31.0,1002.31,168.3,1002.31,1.0,28324.890000000003,5.6861745176490395,1.0212670916193067,1.0212670916193067,5.7,31.0,0.1791696651963696,0.1791696651963696,1.1060661182069922,1.1060661182069922
1966-09-01,71.1,30,30.0,949.4300000000001,165.7,949.4300000000001,1.0,27456.489999999998,5.6256258911046215,1.0270940668810342,1.0270940668810342,5.6,30.0,0.1834096548001847,0.1834096548001847,1.0289549274796979,1.0289549274796979
1966-10-01,81.16129032258064,31,31.0,1115.64,183.8,1115.64,1.0,33782.44,5.999032180008221,1.0774579865587186,1.0774579865587186,6.0,31.0,0.17957633109311977,0.17957633109311977,1.0249047963069537,1.0249047963069537
1966-11-01,80.96666666666667,30,30.0,1077.63,177.9,1077.63,1.0,31648.410000000003,5.993413051008583,1.0942425081610871,1.0942425081610871,6.0,30.0,0.1823737513601812,0.1823737513601812,1.0245852412009113,1.0245852412009113
1966-12-01,99.7741935483871,31,31.0,1372.73,201.7,1372.73,1.0,40682.88999999999,6.654443094897259,1.1951732618790087,1.1951732618790087,6.7,31.0,0.1783840689371655,0.1783840689371655,1.0624876622226929,1.0624876622226929
1967-01-01,157.03225806451613,31,31.0,2172.6,257.2,2172.6,1.0,66151.84,8.371611013881493,1.503585724598861,1.503585724598861,8.4,31.0,0.17899830054748345,0.17899830054748345,1.025888397548955,1.025888397548955
1967-02-01,132.60714285714286,28,28.0,1652.74,212.6,1652.74,1.0,45198.759999999995,7.682865908723683,1.451925182195652,1.451925182195652,7.7,28.0,0.1885617119734613,0.1885617119734613,1.0294998257016372,1.0294998257016372
1967-03-01,158.32258064516128,31,31.0,2189.12,256.2,2189.12,1.0,65638.43999999999,8.403378736767039,1.509291376062422,1.509291376062422,8.4,31.0,0.17967754476933595,0.17967754476933595,1.034196111163997,1.034196111163997
1967-04-01,98.43333333333334,30,30.0,1308.89,196.5,1308.89,1.0,38612.25,6.605275669240965,1.2059528275277696,1.2059528275277696,6.6,30.0,0.1827201253829954,0.1827201253829954,1.0158631822977875,1.0158631822977875
1967-05-01,122.51612903225806,31,31.0,1694.21,216.9,1694.21,1.0,47045.61,7.392694737635997,1.3277671711448629,1.3277671711448629,7.4,31.0,0.17942799610065713,0.17942799610065713,1.12301163800897,1.12301163800897
1967-06-01,95.4,30,30.0,1277.23,189.7,1277.23,1.0,35986.09,6.52490102096065,1.1912784915562122,1.1912784915562122,6.5,30.0,0.1832736140855711,0.1832736140855711,1.0587432142686335,1.0587432142686335
1967-07-01,129.4516129032258,31,31.0,1789.3500000000001,232.3,1789.3500000000001,1.0,53963.29000000001,7.597431654311573,1.3645390069004102,1.3645390069004102,7.6,31.0,0.17954460617110662,0.17954460617110662,1.0295946597094257,1.0295946597094257
1967-08-01,151.7741935483871,31,31.0,2097.32,253.8,2097.32,1.0,64414.44,8.225295366791867,1.4773066586120855,1.4773066586120855,8.2,31.0,0.18015934861122995,0.18015934861122995,1.0032607411895798,1.0032607411895798
1967-09-01,108.7,30,30.0,1452.94,205.4,1452.94,1.0,42189.16,6.959262413024338,1.2705816690704212,1.2705816690704212,7.0,30.0,0.1815116670100602,0.1815116670100602,1.0469076414061,1.0469076414061
1967-10-01,124.96774193548387,31,31.0,1725.41,228.1,1725.41,1.0,52029.61,7.46045488537892,1.3399372529456093,1.3399372529456093,7.5,31.0,0.1786583003927479,0.1786583003927479,1.0402876896958901,1.0402876896958901
1967-11-01,133.6,30,30.0,1785.77,227.3,1785.77,1.0,51665.29000000001,7.715287853778799,1.4086123983867558,1.4086123983867558,7.7,30.0,0.1829366751151631,0.1829366751151631,1.0339961170436283,1.0339961170436283
1967-12-01,178.96774193548387,31,31.0,2474.48,275.6,2474.48,1.0,75955.36000000002,8.934312255785052,1.6046498511017906,1.6046498511017906,8.9,31.0,0.18029773607885285,0.18029773607885285,1.0022516061320985,1.0022516061320985
1968-01-01,172.4516129032258,31,31.0,2383.37,266.5,2383.37,1.0,71022.25,8.768289640848234,1.5748313092027886,1.5748313092027886,8.8,31.0,0.17895810331849868,0.17895810331849868,1.049499496495281,1.049499496495281
1968-02-01,158.48275862068965,29,29.0,2049.33,239.9,2049.33,1.0,57552.01,8.406339971957946,1.5610181439239996,1.5610181439239996,8.4,29.0,0.18583549332428567,0.18583549332428567,1.0322317769159974,1.0322317769159974
1968-03-01,130.5483870967742,31,31.0,1800.79,232.7,1800.79,1.0,54149.28999999999,7.6216796049164905,1.3688940673923369,1.3688940673923369,7.6,31.0,0.1801176404463601,0.1801176404463601,1.0259428636923695,1.0259428636923695
1968-04-01,115.0,30,30.0,1535.54,212.8,1535.54,1.0,45283.840000000004,7.154345998528913,1.3061988958637025,1.3061988958637025,7.2,30.0,0.18141651331440312,0.18141651331440312,1.0313648758923204,1.0313648758923204
1968-05-01,180.0,31,31.0,2490.05,276.9,2490.05,1.0,76673.60999999999,8.962376556939967,1.6096903483868898,1.6096903483868898,9.0,31.0,0.17885448315409888,0.17885448315409888,1.01573650550068,1.01573650550068
1968-06-01,156.16666666666666,30,30.0,2087.0,249.8,2087.0,1.0,62400.04000000001,8.340663442836346,1.522789837400056,1.522789837400056,8.3,30.0,0.18346865510844046,0.18346865510844046,0.9933838519829212,0.9933838519829212
1968-07-01,136.19354838709677,31,31.0,1882.3300000000002,236.3,1882.3300000000002,1.0,55837.69,7.7923245941532215,1.3995428122235556,1.3995428122235556,7.8,31.0,0.17942856566968662,0.17942856566968662,1.0487356585147425,1.0487356585147425
1968-08-01,154.83870967741936,31,31.0,2141.48,254.6,2141.48,1.0,64821.159999999996,8.31143790207206,1.4927783146784368,1.4927783146784368,8.3,31.0,0.179852808997402,0.179852808997402,1.0220506869211843,1.0220506869211843
1968-09-01,165.96666666666667,30,30.0,2218.38,255.6,2218.38,1.0,65331.36,8.599186007989362,1.5699893842528574,1.5699893842528574,8.6,30.0,0.1825569051456811,0.1825569051456811,1.0195306892496598,1.0195306892496598
1968-10-01,152.5483870967742,31,31.0,2106.27,254.1,2106.27,1.0,64566.81,8.242826793545227,1.480455395809083,1.480455395809083,8.2,31.0,0.1805433409523272,0.1805433409523272,1.0008137937968515,1.0008137937968515
1968-11-01,121.7,30,30.0,1624.66,220.4,1624.66,1.0,48576.16,7.359030733278217,1.3435690446634212,1.3435690446634212,7.4,30.0,0.18156338441397582,0.18156338441397582,1.0150759826629607,1.0150759826629607
1968-12-01,155.48387096774192,31,31.0,2153.79,257.1,2153.79,1.0,66100.41000000002,8.335292242878683,1.49706268076366,1.49706268076366,8.3,31.0,0.18036899768236866,0.18036899768236866,1.001608841874676,1.001608841874676
1969-01-01,147.7741935483871,31,31.0,2039.23,249.5,2039.23,1.0,62250.25,8.11058647097889,1.456704332734438,1.456704332734438,8.1,31.0,0.17984004107832569,0.17984004107832569,1.013302548271064,1.013302548271064
1969-02-01,170.53571428571428,28,28.0,2132.35,239.5,2132.35,1.0,57360.25,8.726703681394088,1.6491919790229,1.6491919790229,8.7,28.0,0.1895622964394138,0.1895622964394138,1.0358643004713195,1.0358643004713195
1969-03-01,192.29032258064515,31,31.0,2660.45,284.9,2660.45,1.0,81168.00999999998,9.263960694105705,1.6638564584290265,1.6638564584290265,9.3,31.0,0.17890929660527166,0.17890929660527166,1.0248241061115648,1.0248241061115648
1969-04-01,151.13333333333333,30,30.0,2018.16,243.6,2018.16,1.0,59340.96,8.201950987417566,1.497464523786791,1.497464523786791,8.2,30.0,0.1826176248520477,0.1826176248520477,1.020498649751931,1.020498649751931
1969-05-01,169.90322580645162,31,31.0,2345.12,264.8,2345.12,1.0,70119.04000000001,8.697645213393365,1.5621431954732483,1.5621431954732483,8.7,31.0,0.17955668913485615,0.17955668913485615,1.0386439208474287,1.0386439208474287
1969-06-01,150.06666666666666,30,30.0,2011.66,236.0,2011.66,1.0,55696.0,8.18873209558924,1.4950510953735923,1.4950510953735923,8.2,30.0,0.18232330431385274,0.18232330431385274,1.0897840971873733,1.0897840971873733
1969-07-01,137.1290322580645,31,31.0,1898.88,238.8,1898.88,1.0,57025.44,7.826505832642502,1.405681943886072,1.405681943886072,7.8,31.0,0.18021563383154768,0.18021563383154768,1.0261543618901667,1.0261543618901667
1969-08-01,138.7741935483871,31,31.0,1916.21,235.7,1916.21,1.0,55554.49,7.862138755227589,1.4120818057090632,1.4120818057090632,7.9,31.0,0.17874453236823584,0.17874453236823584,1.0824321734403117,1.0824321734403117
1969-09-01,129.3,30,30.0,1727.31,225.9,1727.31,1.0,51030.810000000005,7.587950975065667,1.3853639714289288,1.3853639714289288,7.6,30.0,0.18228473308275378,0.18228473308275378,1.0193331102254404,1.0193331102254404
1969-10-01,135.38709677419354,31,31.0,1869.13,237.1,1869.13,1.0,56216.409999999996,7.764954354600692,1.3946269720821785,1.3946269720821785,7.8,31.0,0.17879832975412543,0.17879832975412543,1.0414156881448344,1.0414156881448344
1969-11-01,132.4,30,30.0,1765.57,228.9,1765.57,1.0,52395.21,7.671527444605366,1.4006228773101073,1.4006228773101073,7.7,30.0,0.1818990749753386,0.1818990749753386,1.0190755849735453,1.0190755849735453
1969-12-01,138.6451612903226,31,31.0,1917.43,239.5,1917.43,1.0,57360.25,7.864641164424559,1.4125312516686797,1.4125312516686797,7.9,31.0,0.1788014242618582,0.1788014242618582,1.0471794183629188,1.0471794183629188
1970-01-01,157.8709677419355,31,31.0,2185.56,255.4,2185.56,1.0,65229.16,8.396543067469551,1.5080636536136915,1.5080636536136915,8.4,31.0,0.17953138733496327,0.17953138733496327,1.0409081968669303,1.0409081968669303
1970-02-01,180.82142857142858,28,28.0,2259.08,249.8,2259.08,1.0,62400.04000000001,8.982284151118165,1.6974921477982556,1.6974921477982556,9.0,28.0,0.18861023864425064,0.18861023864425064,1.0183562084808755,1.0183562084808755
1970-03-01,145.74193548387098,31,31.0,2013.77,246.7,2013.77,1.0,60860.88999999999,8.059796683579876,1.4475822176287623,1.4475822176287623,8.1,31.0,0.17871385402824227,0.17871385402824227,1.0372205130854324,1.0372205130854324
1970-04-01,155.06666666666666,30,30.0,2069.52,246.0,2069.52,1.0,60516.0,8.305660720255794,1.516399243822901,1.516399243822901,8.3,30.0,0.1826987040750483,0.1826987040750483,1.02540786031939,1.02540786031939
1970-05-01,180.48387096774192,31,31.0,2498.18,277.2,2498.18,1.0,76839.84,8.976995689700603,1.6123160221417334,1.6123160221417334,9.0,31.0,0.1791462246824148,0.1791462246824148,1.0134670116325086,1.0134670116325086
1970-06-01,151.3,30,30.0,2018.55,242.9,2018.55,1.0,59000.41,8.202743443507178,1.4976092058121615,1.4976092058121615,8.2,30.0,0.18263526900148314,0.18263526900148314,1.0265977628669893,1.0265977628669893
1970-07-01,159.29032258064515,31,31.0,2197.4,257.8,2197.4,1.0,66460.84000000001,8.419255962835548,1.5121430100458042,1.5121430100458042,8.4,31.0,0.18001702500545289,0.18001702500545289,1.0209655754500537,1.0209655754500537
1970-08-01,131.67741935483872,31,31.0,1820.82,236.2,1820.82,1.0,55790.439999999995,7.663949962797125,1.376486047786268,1.376486047786268,7.7,31.0,0.1787644217904244,0.1787644217904244,1.021998487297113,1.021998487297113
1970-09-01,140.83333333333334,30,30.0,1884.6000000000001,236.4,1884.6000000000001,1.0,55884.96,7.925906888173745,1.4470659971127786,1.4470659971127786,7.9,30.0,0.183172911026934,0.183172911026934,1.0052599649335672,1.0052599649335672
1970-10-01,122.64516129032258,31,31.0,1694.69,226.9,1694.69,1.0,51483.61,7.39374190480292,1.3279552479201504,1.3279552479201504,7.4,31.0,0.1794534118811014,0.1794534118811014,1.0229117241346068,1.0229117241346068
1970-11-01,134.8,30,30.0,1802.07,230.9,1802.07,1.0,53314.810000000005,7.750419343493615,1.415026501518611,1.415026501518611,7.8,30.0,0.18141365404084756,0.18141365404084756,1.0279773508456354,1.0279773508456354
1970-12-01,118.19354838709677,31,31.0,1626.03,223.3,1626.03,1.0,49862.89000000001,7.242415387504454,1.3007762030760994,1.3007762030760994,7.2,31.0,0.18066336153834714,0.18066336153834714,0.9990743593177499,0.9990743593177499
1971-01-01,129.2258064516129,31,31.0,1783.28,233.4,1783.28,1.0,54475.560000000005,7.584534348944738,1.362222582474668,1.362222582474668,7.6,31.0,0.17923981348350898,0.17923981348350898,1.0195816161304843,1.0195816161304843
1971-02-01,111.82142857142857,28,28.0,1390.77,196.1,1390.77,1.0,38455.21,7.047719996059516,1.331893887113614,1.331893887113614,7.0,28.0,0.19027055530194484,0.19027055530194484,0.9989421127096484,0.9989421127096484
1971-03-01,85.93548387096774,31,31.0,1184.98,190.4,1184.98,1.0,36252.16,6.182650021659206,1.110436724465948,1.110436724465948,6.2,31.0,0.17910269749450775,0.17910269749450775,1.0196388760088493,1.0196388760088493
1971-04-01,101.63333333333334,30,30.0,1357.26,198.6,1357.26,1.0,39441.96,6.726217361935309,1.2280336586049532,1.2280336586049532,6.7,30.0,0.18328860576193332,0.18328860576193332,1.0251817659059939,1.0251817659059939
1971-05-01,81.51612903225806,31,31.0,1122.29,184.3,1122.29,1.0,33966.490000000005,6.016884843987498,1.0806644196646988,1.0806644196646988,6.0,31.0,0.18011073661078314,0.18011073661078314,1.0191665499540252,1.0191665499540252
1971-06-01,70.66666666666667,30,30.0,947.36,163.4,947.36,1.0,26699.56,5.61948989381302,1.0259737921712337,1.0259737921712337,5.6,30.0,0.18320960574486317,0.18320960574486317,1.0591964958333655,1.0591964958333655
1971-07-01,114.70967741935483,31,31.0,1580.26,219.8,1580.26,1.0,48312.04000000001,7.139756930894641,1.2823381999710914,1.2823381999710914,7.1,31.0,0.18061101408043542,0.18061101408043542,1.0028239883008947,1.0028239883008947
1971-08-01,87.0,31,31.0,1197.15,189.5,1197.15,1.0,35910.25,6.214317495548797,1.116124370678313,1.116124370678313,6.2,31.0,0.18002005978682467,0.18002005978682467,1.0296887918393922,1.0296887918393922
1971-09-01,71.26666666666667,30,30.0,947.67,164.9,947.67,1.0,27192.010000000002,5.620409237769079,1.0261416406455137,1.0261416406455137,5.6,30.0,0.18323957868669888,0.18323957868669888,1.039322383416767,1.039322383416767
1971-10-01,73.35483870967742,31,31.0,1011.5699999999999,174.1,1011.5699999999999,1.0,30310.809999999998,5.712380442738443,1.02597381470988,1.02597381470988,5.7,31.0,0.17999540608945264,0.17999540608945264,1.0311298177017563,1.0311298177017563
1971-11-01,89.46666666666667,30,30.0,1192.87,186.3,1192.87,1.0,34707.69,6.305738127557577,1.151265004727891,1.151265004727891,6.3,30.0,0.18274047694093506,0.18274047694093506,1.0302346842381966,1.0302346842381966
1971-12-01,116.45161290322581,31,31.0,1607.16,221.6,1607.16,1.0,49106.56,7.200268812186246,1.2932064546866784,1.2932064546866784,7.2,31.0,0.179612007595372,0.179612007595372,1.0149829261001193,1.0149829261001193
1972-01-01,87.0,31,31.0,1199.33,188.5,1199.33,1.0,35532.25,6.219973031784706,1.117140134972087,1.117140134972087,6.2,31.0,0.1801838927374334,0.1801838927374334,1.0410273871258258,1.0410273871258258
1972-02-01,125.27586206896552,29,29.0,1618.23,210.9,1618.23,1.0,44478.810000000005,7.470009001517911,1.38714584772249,1.38714584772249,7.5,29.0,0.184952779696332,0.184952779696332,1.0659683093415906,1.0659683093415906
1972-03-01,113.51612903225806,31,31.0,1568.39,217.1,1568.39,1.0,47132.409999999996,7.112891522190649,1.2775130301267383,1.2775130301267383,7.1,31.0,0.1799314126939068,0.1799314126939068,1.0287858709569524,1.0287858709569524
1972-04-01,89.63333333333334,30,30.0,1192.14,187.2,1192.14,1.0,35043.84,6.303808372722002,1.1509126813099246,1.1509126813099246,6.3,30.0,0.18268455258887692,0.18268455258887692,1.0200037221173532,1.0200037221173532
1972-05-01,113.90322580645162,31,31.0,1576.74,216.2,1576.74,1.0,46742.439999999995,7.131800659381983,1.2809092114230534,1.2809092114230534,7.1,31.0,0.180409748087754,0.180409748087754,1.0376739428371529,1.0376739428371529
1972-06-01,124.7,30,30.0,1658.25,221.7,1658.25,1.0,49150.88999999999,7.434715865451753,1.357387196049823,1.357387196049823,7.4,30.0,0.18343070216889498,0.18343070216889498,1.0028027500682215,1.0028027500682215
1972-07-01,108.25806451612904,31,31.0,1491.24,213.8,1491.24,1.0,45710.44,6.935741930682849,1.24569602424006,1.24569602424006,6.9,31.0,0.18053565568696522,0.18053565568696522,1.0009672269059595,1.0009672269059595
1972-08-01,108.87096774193549,31,31.0,1500.06,212.0,1500.06,1.0,44944.0,6.956222556680063,1.249374453257987,1.249374453257987,7.0,31.0,0.17848206475114098,0.17848206475114098,1.04937397482825,1.04937397482825
1972-09-01,90.66666666666667,30,30.0,1212.65,188.1,1212.65,1.0,35381.61,6.357803603971003,1.1607708166941866,1.1607708166941866,6.4,30.0,0.18137044010846665,0.18137044010846665,1.0433841123639702,1.0433841123639702
1972-10-01,86.93548387096774,31,31.0,1201.95,186.1,1201.95,1.0,34633.21,6.226763255910834,1.1183596952270898,1.1183596952270898,6.2,31.0,0.18038059600436931,0.18038059600436931,1.0690261150791207,1.0690261150791207
1972-11-01,59.233333333333334,30,30.0,796.87,149.1,796.87,1.0,22230.809999999998,5.153865862955043,0.940962863832102,0.940962863832102,5.2,30.0,0.18095439689078885,0.18095439689078885,1.098217593218979,1.098217593218979
1972-12-01,64.29032258064517,31,31.0,888.61,163.1,888.61,1.0,26601.609999999997,5.353955426568045,0.9615987814266442,0.9615987814266442,5.4,31.0,0.1780738484123415,0.1780738484123415,1.0552697079298412,1.0552697079298412
1973-01-01,61.774193548387096,31,31.0,849.1,157.0,849.1,1.0,24649.0,5.233576461717662,0.9399780810870206,0.9399780810870206,5.2,31.0,0.18076501559365782,0.18076501559365782,1.0561531771141897,1.0561531771141897
1973-02-01,60.857142857142854,28,28.0,760.36,142.4,760.36,1.0,20277.760000000002,5.211114495548364,0.9848080720503413,0.9848080720503413,5.2,28.0,0.1893861677019887,0.1893861677019887,1.0472194042239231,1.0472194042239231
1973-03-01,65.35483870967742,31,31.0,903.46,164.0,903.46,1.0,26896.0,5.398506364518054,0.9696003660927316,0.9696003660927316,5.4,31.0,0.17955562335050584,0.17955562335050584,1.0433493610089666,1.0433493610089666
1973-04-01,81.8,30,30.0,1092.66,177.6,1092.66,1.0,31541.76,6.035064208440537,1.101846934318314,1.101846934318314,6.0,30.0,0.18364115571971898,0.18364115571971898,1.0281860547602393,1.0281860547602393
1973-05-01,60.25806451612903,31,31.0,833.43,155.7,833.43,1.0,24242.489999999998,5.18505918092334,0.9312641202164386,0.9312641202164386,5.2,31.0,0.17908925388777663,0.17908925388777663,1.074456214815973,1.074456214815973
1973-06-01,56.13333333333333,30,30.0,752.01,145.7,752.01,1.0,21228.489999999998,5.006695517005204,0.9140933577412466,0.9140933577412466,5.0,30.0,0.18281867154824932,0.18281867154824932,1.0620961219897171,1.0620961219897171
1973-07-01,33.225806451612904,31,31.0,464.87,113.3,464.87,1.0,12836.89,3.8724419235945815,0.69551110126835,0.69551110126835,3.9,31.0,0.17833617981239744,0.17833617981239744,1.1438665634229495,1.1438665634229495
1973-08-01,36.61290322580645,31,31.0,508.93,108.7,508.93,1.0,11815.69,4.051801670145461,0.7277250627190666,0.7277250627190666,4.1,31.0,0.17749391773635773,0.17749391773635773,1.3837279645097267,1.3837279645097267
1973-09-01,84.06666666666666,30,30.0,1125.92,170.4,1125.92,1.0,29036.160000000003,6.126227768102217,1.1184910470013707,1.1184910470013707,6.1,30.0,0.1833591880330116,0.1833591880330116,1.1595414442871144,1.1595414442871144
1973-10-01,43.74193548387097,31,31.0,607.48,121.0,607.48,1.0,14641.0,4.426751521404614,0.795068043999361,0.795068043999361,4.4,31.0,0.18069728272712748,0.18069728272712748,1.2824637011954236,1.2824637011954236
1973-11-01,34.3,30,30.0,461.46999999999997,100.5,461.46999999999997,1.0,10100.25,3.922031786374676,0.7160617602165643,0.7160617602165643,3.9,30.0,0.1836055795427088,0.1836055795427088,1.3723240908081729,1.3723240908081729
1973-12-01,33.32258064516129,31,31.0,464.19,100.7,464.19,1.0,10140.49,3.8696086323738137,0.6950022271429142,0.6950022271429142,3.9,31.0,0.1782056992674139,0.1782056992674139,1.462606574827155,1.462606574827155
1974-01-01,39.354838709677416,31,31.0,547.03,109.3,547.03,1.0,11946.49,4.200729583329313,0.7544733055466695,0.7544733055466695,4.2,31.0,0.17963650132063558,0.17963650132063558,1.4391041330027916,1.4391041330027916
1974-02-01,37.25,28,28.0,470.04,107.2,470.04,1.0,11491.84,4.097211595358831,0.7743002107235479,0.7743002107235479,4.1,28.0,0.1888537099325727,0.1888537099325727,1.1530784445371898,1.1530784445371898
1974-03-01,30.903225806451612,31,31.0,438.04,113.0,438.04,1.0,12769.0,3.7590321334946264,0.6751421016646544,0.6751421016646544,3.8,31.0,0.17766897412227747,0.17766897412227747,1.0898421534089804,1.0898421534089804
1974-04-01,57.46666666666667,30,30.0,772.95,146.5,772.95,1.0,21462.25,5.075923561284193,0.9267326115624362,0.9267326115624362,5.1,30.0,0.1817122767769483,0.1817122767769483,1.094094531956132,1.094094531956132
1974-05-01,56.29032258064516,31,31.0,780.48,132.4,780.48,1.0,17529.760000000002,5.017646280234228,0.9011958756249921,0.9011958756249921,5.0,31.0,0.18023917512499843,0.18023917512499843,1.3877921916643579,1.3877921916643579
1974-06-01,51.46666666666667,30,30.0,690.08,138.6,690.08,1.0,19209.96,4.796109534473401,0.8756457934322277,0.8756457934322277,4.8,30.0,0.18242620696504744,0.18242620696504744,1.082400101944505,1.082400101944505
1974-07-01,79.12903225806451,31,31.0,1090.94,180.8,1090.94,1.0,32688.640000000003,5.932251925131451,1.0654638987121512,1.0654638987121512,5.9,31.0,0.1805871014766358,0.1805871014766358,1.0241716960411675,1.0241716960411675
1974-08-01,47.903225806451616,31,31.0,665.66,138.2,665.66,1.0,19099.239999999998,4.633886406226036,0.8322705675479938,0.8322705675479938,4.6,31.0,0.18092838424956387,0.18092838424956387,1.067025504541169,1.067025504541169
1974-09-01,57.166666666666664,30,30.0,764.83,141.5,764.83,1.0,20022.25,5.049191354398577,0.9218520006547206,0.9218520006547206,5.0,30.0,0.18437040013094413,0.18437040013094413,1.1286646913241754,1.1286646913241754
1974-10-01,67.16129032258064,31,31.0,929.54,157.6,929.54,1.0,24837.76,5.4758708248389665,0.9834954333548075,0.9834954333548075,5.5,31.0,0.1788173515190559,0.1788173515190559,1.1770307450742883,1.1770307450742883
1974-11-01,35.9,30,30.0,487.83,117.89999999999999,487.83,1.0,13900.409999999998,4.032493025412443,0.7362291310002161,0.7362291310002161,4.0,30.0,0.18405728275005404,0.18405728275005404,1.0372478673006984,1.0372478673006984
1974-12-01,29.612903225806452,31,31.0,413.09999999999997,102.2,413.09999999999997,1.0,10444.84,3.6504529104773975,0.6556406975208124,0.6556406975208124,3.7,31.0,0.1772001885191385,0.1772001885191385,1.2702671719960845,1.2702671719960845
1975-01-01,27.322580645161292,31,31.0,388.89,103.7,388.89,1.0,10753.69,3.5418693806629036,0.6361385198533469,0.6361385198533469,3.5,31.0,0.18175386281524197,0.18175386281524197,1.0982710713183081,1.0982710713183081
1975-02-01,16.678571428571427,28,28.0,214.85999999999999,62.199999999999996,214.85999999999999,1.0,3868.8399999999997,2.7701211938417836,0.5235036986010505,0.5235036986010505,2.8,28.0,0.18696560664323233,0.18696560664323233,1.6233531655893028,1.6233531655893028
1975-03-01,16.870967741935484,31,31.0,242.18,71.8,242.18,1.0,5155.24,2.7950416928046224,0.5020043074136024,0.5020043074136024,2.8,31.0,0.17928725264771514,0.17928725264771514,1.48421961058892,1.48421961058892
1975-04-01,7.666666666666667,30,30.0,107.47,35.1,107.47,1.0,1232.01,1.8927052948975795,0.345559128241624,0.345559128241624,1.9,30.0,0.18187322539032844,0.18187322539032844,2.7936133885855554,2.7936133885855554
1975-05-01,13.064516129032258,31,31.0,186.76,55.6,186.76,1.0,3091.36,2.454488975129499,0.4408392336995228,0.4408392336995228,2.5,31.0,0.17633569347980912,0.17633569347980912,2.0035426564759344,2.0035426564759344
1975-06-01,16.733333333333334,30,30.0,231.19,67.3,231.19,1.0,4529.29,2.776028337991767,0.5068311136638888,0.5068311136638888,2.8,30.0,0.18101111202281744,0.18101111202281744,1.5878667318117305,1.5878667318117305
1975-07-01,40.38709677419355,31,31.0,566.73,131.5,566.73,1.0,17292.25,4.275700282202415,0.7679384405609314,0.7679384405609314,4.3,31.0,0.1785903350141701,0.1785903350141701,1.0284977686792398,1.0284977686792398
1975-08-01,56.74193548387097,31,31.0,788.8,145.8,788.8,1.0,21257.640000000003,5.044319705403552,0.9059865642086172,0.9059865642086172,5.0,31.0,0.18119731284172344,0.18119731284172344,1.1351986727142327,1.1351986727142327
1975-09-01,20.333333333333332,30,30.0,280.44,79.2,280.44,1.0,6272.64,3.057449917823676,0.5582114294781145,0.5582114294781145,3.1,30.0,0.1800682030574563,0.1800682030574563,1.3965755482126765,1.3965755482126765
1975-10-01,13.580645161290322,31,31.0,196.61,64.7,196.61,1.0,4186.09,2.5183840184761594,0.4523151222578137,0.4523151222578137,2.5,31.0,0.18092604890312547,0.18092604890312547,1.4562399109658402,1.4562399109658402
1975-11-01,27.9,30,30.0,379.59,93.7,379.59,1.0,8779.69,3.5571055649221317,0.649435652445003,0.649435652445003,3.6,30.0,0.18039879234583417,0.18039879234583417,1.3433661504029712,1.3433661504029712
1975-12-01,11.580645161290322,31,31.0,168.57999999999998,53.8,168.57999999999998,1.0,2894.4399999999996,2.331965805094284,0.4188334227400701,0.4188334227400701,2.3,31.0,0.1821014881478566,0.1821014881478566,1.803141027052013,1.803141027052013
1976-01-01,11.870967741935484,31,31.0,170.29,49.5,170.29,1.0,2450.25,2.343763172005997,0.4209522923873691,0.4209522923873691,2.3,31.0,0.18302273582059528,0.18302273582059528,2.1550378076808365,2.1550378076808365
1976-02-01,6.448275862068965,29,29.0,88.02,30.8,88.02,1.0,948.6400000000001,1.7421746220723981,0.3235137056092115,0.3235137056092115,1.7,29.0,0.19030217977012442,0.19030217977012442,2.7218400687876176,2.7218400687876176
1976-03-01,31.451612903225808,31,31.0,439.70000000000005,103.6,439.70000000000005,1.0,10732.96,3.766148027858429,0.6764201540210558,0.6764201540210558,3.8,31.0,0.17800530368975154,0.17800530368975154,1.30543093247426,1.30543093247426
1976-04-01,27.333333333333332,30,30.0,376.34,101.4,376.34,1.0,10281.960000000001,3.5418450935447003,0.6466494843078092,0.6466494843078092,3.5,30.0,0.18475699551651692,0.18475699551651692,1.0750119629059058,1.0750119629059058
1976-05-01,18.225806451612904,31,31.0,262.61,79.3,262.61,1.0,6288.49,2.910548113771811,0.5227498730374461,0.5227498730374461,2.9,31.0,0.1802585769094642,0.1802585769094642,1.2976361958751255,1.2976361958751255
1976-06-01,17.933333333333334,30,30.0,248.75,74.1,248.75,1.0,5490.8099999999995,2.8795254238618324,0.5257270098529169,0.5257270098529169,2.9,30.0,0.18128517581135065,0.18128517581135065,1.3964452905918667,1.3964452905918667
1976-07-01,2.935483870967742,31,31.0,43.4,17.4,43.4,1.0,302.75999999999993,1.1832159566199232,0.2125118592516207,0.2125118592516207,1.2,31.0,0.17709321604301725,0.17709321604301725,5.168260333127699,5.168260333127699
1976-08-01,24.096774193548388,31,31.0,343.63,101.3,343.63,1.0,10261.689999999999,3.32939014080318,0.5979761218039218,0.5979761218039218,3.3,31.0,0.18120488539512783,0.18120488539512783,1.0205282081374785,1.0205282081374785
1976-09-01,19.966666666666665,30,30.0,278.18,85.2,278.18,1.0,7259.040000000001,3.0451053621618196,0.5559576322786557,0.5559576322786557,3.0,30.0,0.1853192107595519,0.1853192107595519,1.1204665327767638,1.1204665327767638
1976-10-01,29.741935483870968,31,31.0,420.44,107.2,420.44,1.0,11491.84,3.6827409147483197,0.6614397942797332,0.6614397942797332,3.7,31.0,0.17876751196749546,0.17876751196749546,1.1503197427606267,1.1503197427606267
1976-11-01,7.866666666666666,30,30.0,110.96,40.4,110.96,1.0,1632.1599999999999,1.9231917914411623,0.35112517552703176,0.35112517552703176,1.9,30.0,0.18480272396159567,0.18480272396159567,2.06287141730213,2.06287141730213
1976-12-01,22.322580645161292,31,31.0,314.53,86.89999999999999,314.53,1.0,7551.609999999999,3.185298892138391,0.5720965695680673,0.5720965695680673,3.2,31.0,0.17878017799002102,0.17878017799002102,1.3162919298943776,1.3162919298943776
1977-01-01,23.806451612903224,31,31.0,337.03000000000003,90.3,337.03000000000003,1.0,8154.089999999999,3.297261816093919,0.5922057043409007,0.5922057043409007,3.3,31.0,0.17945627404269718,0.17945627404269718,1.2956610285708436,1.2956610285708436
1977-02-01,33.25,28,28.0,419.85,99.1,419.85,1.0,9820.81,3.87229168027705,0.731794342136965,0.731794342136965,3.9,28.0,0.1876395749069141,0.1876395749069141,1.2237888470964668,1.2237888470964668
1977-03-01,13.0,31,31.0,188.52,66.2,188.52,1.0,4382.4400000000005,2.466027234760526,0.4429115663054168,0.4429115663054168,2.5,31.0,0.17716462652216672,0.17716462652216672,1.38718192049443,1.38718192049443
1977-04-01,18.966666666666665,30,30.0,262.4,80.4,262.4,1.0,6464.160000000001,2.9574764017091777,0.5399588461684423,0.5399588461684423,3.0,30.0,0.17998628205614742,0.17998628205614742,1.2637702845643815,1.2637702845643815
1977-05-01,27.0,31,31.0,381.18,102.8,381.18,1.0,10567.84,3.506583669650286,0.6298010190696962,0.6298010190696962,3.5,31.0,0.1799431483056275,0.1799431483056275,1.118234043346887,1.118234043346887
1977-06-01,54.9,30,30.0,736.77,144.3,736.77,1.0,20822.49,4.955703784529499,0.904783583700176,0.904783583700176,5.0,30.0,0.1809567167400352,0.1809567167400352,1.083517543807242,1.083517543807242
1977-07-01,30.612903225806452,31,31.0,427.36,103.2,427.36,1.0,10650.24,3.712924245337212,0.6668608804863252,0.6668608804863252,3.7,31.0,0.1802326704017095,0.1802326704017095,1.2451217269497443,1.2451217269497443
1977-08-01,43.0,31,31.0,597.62,135.0,597.62,1.0,18225.0,4.390679277301979,0.7885892777025237,0.7885892777025237,4.4,31.0,0.17922483584148266,0.17922483584148266,1.021555103481062,1.021555103481062
1977-09-01,62.36666666666667,30,30.0,832.01,155.9,832.01,1.0,24304.81,5.266276356845192,0.9614861182334125,0.9614861182334125,5.3,30.0,0.18141247513837971,0.18141247513837971,1.0415881360553492,1.0415881360553492
1977-10-01,62.064516129032256,31,31.0,854.51,161.9,854.51,1.0,26211.61,5.250222729530379,0.9429678390451421,0.9429678390451421,5.3,31.0,0.17791846019719665,0.17791846019719665,1.030874193026805,1.030874193026805
1977-11-01,41.56666666666667,30,30.0,561.51,126.9,561.51,1.0,16103.61,4.326314829043305,0.7898734075787082,0.7898734075787082,4.3,30.0,0.1836914901345833,0.1836914901345833,1.0345764085934332,1.0345764085934332
1977-12-01,61.38709677419355,31,31.0,846.57,159.3,846.57,1.0,25376.490000000005,5.225773596073537,0.9385766450463333,0.9385766450463333,5.2,31.0,0.1804955086627564,0.1804955086627564,1.0248247854049257,1.0248247854049257
1978-01-01,73.6774193548387,31,31.0,1023.35,169.1,1023.35,1.0,28594.809999999998,5.745545258944589,1.0319303915412474,1.0319303915412474,5.7,31.0,0.1810404195686399,0.1810404195686399,1.095318855076953,1.095318855076953
1978-02-01,132.57142857142858,28,28.0,1650.88,212.8,1650.88,1.0,45283.840000000004,7.678541528180987,1.4511079510891967,1.4511079510891967,7.7,28.0,0.18845557806353203,0.18845557806353203,1.0274911443092563,1.0274911443092563
1978-03-01,108.35483870967742,31,31.0,1490.07,213.7,1490.07,1.0,45667.689999999995,6.933020567800761,1.245207253037698,1.245207253037698,6.9,31.0,0.1804648192808258,0.1804648192808258,1.0019358218029855,1.0019358218029855
1978-04-01,141.23333333333332,30,30.0,1885.5,236.8,1885.5,1.0,56074.240000000005,7.927799190191437,1.447411482613013,1.447411482613013,7.9,30.0,0.1832166433687358,0.1832166433687358,1.001748702774783,1.001748702774783
1978-05-01,117.06451612903226,31,31.0,1613.03,222.9,1613.03,1.0,49684.41,7.213405978208326,1.2955659593578501,1.2955659593578501,7.2,31.0,0.17993971657747918,0.17993971657747918,1.0027839849823326,1.0027839849823326
1978-06-01,134.63333333333333,30,30.0,1802.15,226.3,1802.15,1.0,51211.69,7.750591375286577,1.4150579100831489,1.4150579100831489,7.8,30.0,0.18141768077989087,0.18141768077989087,1.0717333130403561,1.0717333130403561
1978-07-01,99.6774193548387,31,31.0,1379.8600000000001,200.8,1379.8600000000001,1.0,40320.64000000001,6.671702399180123,1.1982731244375047,1.1982731244375047,6.7,31.0,0.17884673499067233,0.17884673499067233,1.0723829877059472,1.0723829877059472
1978-08-01,82.41935483870968,31,31.0,1131.49,185.3,1131.49,1.0,34336.090000000004,6.041496289774152,1.0850847658185265,1.0850847658185265,6.0,31.0,0.18084746096975443,0.18084746096975443,1.007827529920553,1.007827529920553
1978-09-01,195.66666666666666,30,30.0,2621.01,278.7,2621.01,1.0,77673.68999999999,9.347031614368275,1.7065266869678113,1.7065266869678113,9.3,30.0,0.1834974932223453,0.1834974932223453,1.0022292341859083,1.0022292341859083
1978-10-01,177.1290322580645,31,31.0,2449.95,273.9,2449.95,1.0,75021.20999999999,8.889918175174072,1.596676438845455,1.596676438845455,8.9,31.0,0.1794018470612871,0.1794018470612871,1.0151520036995365,1.0151520036995365
1978-11-01,138.53333333333333,30,30.0,1851.88,234.2,1851.88,1.0,54849.63999999999,7.856801724196261,1.4344491780625916,1.4344491780625916,7.9,30.0,0.18157584532437868,0.18157584532437868,1.0248946370563587,1.0248946370563587
1978-12-01,173.8709677419355,31,31.0,2398.31,269.7,2398.31,1.0,72738.09,8.79572843542122,1.5797594621893205,1.5797594621893205,8.8,31.0,0.17951812070333187,0.17951812070333187,1.0239089459762316,1.0239089459762316
1979-01-01,235.8709677419355,31,31.0,3272.46,318.0,3272.46,1.0,101124.0,10.274396615200896,1.8453361072160304,1.8453361072160304,10.3,31.0,0.17915884536077964,0.17915884536077964,1.0084668059388746,1.0084668059388746
1979-02-01,194.71428571428572,28,28.0,2433.63,259.9,2433.63,1.0,67548.01,9.32284061554509,1.7618512701017597,1.7618512701017597,9.3,28.0,0.18944637312922147,0.18944637312922147,1.0039952772336926,1.0039952772336926
1979-03-01,195.29032258064515,31,31.0,2700.03,288.9,2700.03,1.0,83463.20999999999,9.332617100014545,1.676187512948356,1.676187512948356,9.3,31.0,0.18023521644605978,0.18023521644605978,0.9957119073320295,0.9957119073320295
1979-04-01,143.73333333333332,30,30.0,1919.78,238.2,1919.78,1.0,56739.24,7.999541653536574,1.4605098044480525,1.4605098044480525,8.0,30.0,0.18256372555600656,0.18256372555600656,1.0157017234390853,1.0157017234390853
1979-05-01,190.32258064516128,31,31.0,2634.71,284.1,2634.71,1.0,80712.81000000001,9.219037105972093,1.6557879438141627,1.6557879438141627,9.2,31.0,0.17997695041458292,0.17997695041458292,1.0080205589019198,1.0080205589019198
1979-06-01,211.7,30,30.0,2837.9900000000002,288.9,2837.9900000000002,1.0,83463.20999999999,9.726235996862645,1.7757596183668054,1.7757596183668054,9.7,30.0,0.1830680018934851,0.1830680018934851,1.015104330878105,1.015104330878105
1979-07-01,225.67741935483872,31,31.0,3127.36,309.4,3127.36,1.0,95728.35999999999,10.044032091006146,1.8039614172717784,1.8039614172717784,10.0,31.0,0.18039614172717783,0.18039614172717783,1.004013347588039,1.004013347588039
1979-08-01,201.3548387096774,31,31.0,2781.6,290.4,2781.6,1.0,84332.15999999999,9.472540961012758,1.7013185802636932,1.7013185802636932,9.5,31.0,0.17908616634354665,0.17908616634354665,1.0294061745253498,1.0294061745253498
1979-09-01,266.9,30,30.0,3587.46,326.6,3587.46,1.0,106667.56000000001,10.935355504051984,1.9965136279691824,1.9965136279691824,10.9,30.0,0.18316638788708095,0.18316638788708095,1.0025362800385331,1.0025362800385331
1979-10-01,263.61290322580646,31,31.0,3653.84,335.8,3653.84,1.0,112761.64000000001,10.856601975370236,1.9499032767708522,1.9499032767708522,10.9,31.0,0.17889020887805981,0.17889020887805981,1.0129667173199348,1.0129667173199348
1979-11-01,259.53333333333336,30,30.0,3492.29,319.90000000000003,3492.29,1.0,102336.01000000002,10.78933115010688,1.9698533504355653,1.9698533504355653,10.8,30.0,0.18239382874403381,0.18239382874403381,1.0267087276763762,1.0267087276763762
1979-12-01,249.61290322580646,31,31.0,3468.72,323.6,3468.72,1.0,104716.96000000002,10.578005178122531,1.899865814857486,1.899865814857486,10.6,31.0,0.17923262404315907,0.17923262404315907,1.032207967269357,1.032207967269357
1980-01-01,226.06451612903226,31,31.0,3134.25,309.3,3134.25,1.0,95666.49,10.055090189037463,1.8059475103085345,1.8059475103085345,10.1,31.0,0.1788066841889638,0.1788066841889638,1.0255599561839202,1.0255599561839202
1980-02-01,219.41379310344828,29,29.0,2838.46,285.2,2838.46,1.0,81339.04,9.893327601696143,1.8371448146933267,1.8371448146933267,9.9,29.0,0.18557018330235622,0.18557018330235622,1.0138517447896565,1.0138517447896565
1980-03-01,178.67741935483872,31,31.0,2473.65,270.7,2473.65,1.0,73278.48999999999,8.932813738700846,1.6043807094882896,1.6043807094882896,8.9,31.0,0.18026749544812243,0.18026749544812243,1.040143018471619,1.040143018471619
1980-04-01,232.23333333333332,30,30.0,3117.04,303.4,3117.04,1.0,92051.55999999998,10.193200347944375,1.8610152545795475,1.8610152545795475,10.2,30.0,0.18245247593917133,0.18245247593917133,1.017815804256885,1.017815804256885
1980-05-01,254.67741935483872,31,31.0,3538.2,329.2,3538.2,1.0,108372.64,10.683420981641028,1.9187990520868206,1.9187990520868206,10.7,31.0,0.17932701421372155,0.17932701421372155,1.0157605649441155,1.0157605649441155
1980-06-01,222.66666666666666,30,30.0,2981.57,298.1,2981.57,1.0,88863.61000000002,9.969236012186022,1.820125148322377,1.820125148322377,10.0,30.0,0.1820125148322377,0.1820125148322377,1.0132319865713482,1.0132319865713482
1980-07-01,192.93548387096774,31,31.0,2676.21,283.3,2676.21,1.0,80258.89,9.291359149161638,1.668777366224414,1.668777366224414,9.3,31.0,0.17943842647574343,0.17943842647574343,1.036838119023473,1.036838119023473
1980-08-01,191.70967741935485,31,31.0,2653.07,281.5,2653.07,1.0,79242.25,9.251102811330467,1.6615471145097547,1.6615471145097547,9.3,31.0,0.17866098005481232,0.17866098005481232,1.0505899136144299,1.0505899136144299
1980-09-01,219.56666666666666,30,30.0,2944.31,294.3,2944.31,1.0,86612.49,9.906748541608728,1.8087165492568358,1.8087165492568358,9.9,30.0,0.18269864133907432,0.18269864133907432,1.0190814476901493,1.0190814476901493
1980-10-01,233.25806451612902,31,31.0,3236.86,314.2,3236.86,1.0,98721.64,10.218357926285291,1.8352712615681588,1.8352712615681588,10.2,31.0,0.17992855505570185,0.17992855505570185,1.0132041986167846,1.0132041986167846
1980-11-01,209.53333333333333,30,30.0,2805.73,287.9,2805.73,1.0,82886.40999999999,9.670797967765294,1.7656380653400565,1.7656380653400565,9.7,30.0,0.18202454281856253,0.18202454281856253,1.0224097747421725,1.0224097747421725
1980-12-01,246.93548387096774,31,31.0,3424.64,324.4,3424.64,1.0,105235.35999999999,10.510578388676626,1.8877556059743583,1.8877556059743583,10.5,31.0,0.17978624818803413,0.17978624818803413,1.0070217556658083,1.0070217556658083
1981-01-01,156.6451612903226,31,271.0,2746.56,269.6,24490.29,8.741935483870968,72684.16000000002,9.506317573105688,1.6905688074787073,0.5791776219864517,9.5,271.0,0.17795461131354814,0.06096606547225808,1.2008374608222183,10.592295617262376
1981-02-01,189.89285714285714,28,229.0,4493.34,337.0,35356.98,8.178571428571429,113569.0,12.425670709318641,2.394013579829522,0.9046504512102455,12.4,229.0,0.19306561127657434,0.07295568154921334,1.06398164356741,8.198448530393952
1981-03-01,196.6451612903226,31,244.0,4506.1,348.4,32601.98,7.870967741935484,121382.55999999998,11.559181291559863,2.1654029239614823,0.882380092114136,11.6,244.0,0.18667266585874848,0.07606724932018415,1.0678459973890382,7.585914977552088
1981-04-01,225.33333333333334,30,254.0,6076.49,391.5,56163.99,8.466666666666667,153272.25,14.870039370026621,2.5983948036346507,0.9186845473277524,14.9,254.0,0.17438891299561413,0.061656681028708214,1.316155506109687,10.72840720768352
1981-05-01,194.67741935483872,31,268.0,5849.6,405.4,48067.92,8.64516129032258,164349.15999999997,13.392457222174025,2.4671831541093407,0.9088454932693052,13.4,268.0,0.18411814582905528,0.06782429054248545,1.0517856327172141,8.554755494660796
1981-06-01,131.6,30,227.0,2984.11,288.7,20499.66,7.566666666666666,83347.68999999999,9.502992804727153,1.8209002657415858,0.7281860632288811,9.5,227.0,0.19167371218332482,0.07665116455040855,0.973586418126221,6.771061679168858
1981-07-01,205.32258064516128,31,268.0,5165.48,372.2,44995.09,8.64516129032258,138532.84,12.95731943210754,2.3184281876276143,0.8114903784444998,13.0,268.0,0.17834062981750878,0.06242233680342306,1.1790255126891618,10.02020290317127
1981-08-01,242.4516129032258,31,276.0,5977.18,410.8,53602.020000000004,8.903225806451612,168756.64,13.935932598549131,2.4939427138861237,0.8608592574991579,13.9,276.0,0.1794203391284981,0.061932320683392654,1.1039330760772887,9.77526653501996
1981-09-01,245.26666666666668,30,255.0,11298.720000000001,452.0,87583.66,8.5,204304.0,18.532817738631472,3.543181244776131,1.3040996204683983,18.5,255.0,0.19152331052843952,0.07049187137667018,1.5373998058498712,12.472937306107543
1981-10-01,216.16129032258064,31,243.0,4722.83,353.1,35827.28,7.838709677419355,124679.61000000002,12.142378937224123,2.216866102717467,0.8304169251083587,12.1,243.0,0.18321207460474934,0.06862949794283957,1.1335514341081847,8.648738261137032
1981-11-01,186.03333333333333,30,248.0,7304.43,393.3,49840.03,8.266666666666667,154684.89,14.176313445435165,2.8488652711796205,1.2137252842237676,14.2,248.0,0.20062431487180427,0.08547361156505406,1.181781967568835,8.52042668564263
1981-12-01,195.38709677419354,31,266.0,4177.42,333.8,37545.619999999995,8.580645161290322,111422.44,11.88061224720431,2.0849343137403307,0.7183064686171655,11.9,266.0,0.17520456417985972,0.06036188811908954,1.2299852244887455,10.625394148445702
1982-01-01,149.7741935483871,31,287.0,3208.67,298.3,29987.53,9.258064516129032,88982.89000000001,10.22184754569284,1.8272620437372495,0.6152930106158789,10.2,287.0,0.179143337621299,0.06032284417802735,1.1282384147591196,10.256850713154362
1982-02-01,230.92857142857142,28,256.0,4825.929999999999,330.5,47258.32,9.142857142857142,109230.25,13.586861760539113,2.481032639685273,0.8091720787263487,13.6,256.0,0.1824288705650936,0.059497946965172695,1.3426907047524468,12.704106995188281
1982-03-01,221.06451612903226,31,263.0,4063.48,344.8,34308.72,8.483870967741936,118887.04000000001,11.421532596114519,2.0563042325429848,0.7312576168520526,11.4,263.0,0.18037756425815654,0.06414540498702216,1.0522934491841223,8.746572507515573
1982-04-01,170.26666666666668,30,284.0,2131.45,238.1,19550.53,9.466666666666667,56691.61,8.296981039281528,1.5389209784059017,0.532441678508837,8.3,284.0,0.18541216607300018,0.0641495998203418,1.0973125811947768,10.010132403336115
1982-05-01,119.29032258064517,31,318.0,2198.04,243.4,23134.24,10.258064516129032,59243.560000000005,8.529313125330615,1.5123632023344242,0.4727541671350861,8.5,318.0,0.17792508262757933,0.055618137310010134,1.1786063129935533,12.370532424140526
1982-06-01,163.73333333333332,30,313.0,3709.21,313.1,39020.17,10.433333333333334,98031.61000000002,11.165351757656563,2.03010946612355,0.6437734753500547,11.2,313.0,0.18125977376103125,0.05747977458482632,1.1575913038684338,12.025564784920777
1982-07-01,139.38709677419354,31,292.0,6516.22,379.2,57474.24,9.419354838709678,143792.63999999998,14.029596895174711,2.6039711928024185,0.8899598672839804,14.0,292.0,0.18599794234302988,0.06356856194885574,1.3246250157164647,12.081301885711516
1982-08-01,161.93548387096774,31,301.0,4317.99,346.5,41917.270000000004,9.709677419354838,120062.25,11.80084883483351,2.1197230494693433,0.6898885730323888,11.8,301.0,0.17963754656519856,0.058465133307829556,1.1187738381151688,10.975614723569377
1982-09-01,167.36666666666667,30,308.0,2942.48,277.4,29129.7,10.266666666666667,76950.75999999998,9.725068022998505,1.8081543690244541,0.5941133357903937,9.7,308.0,0.18640766690973756,0.06124879750416431,1.1044510154809706,11.01816180086594
1982-10-01,134.32258064516128,31,308.0,3256.74,303.6,33142.57,9.935483870967742,92172.96000000002,10.373318984454626,1.8408985273874703,0.5911279658172957,10.4,308.0,0.17700947378725676,0.056839227482432274,1.1323583031307447,11.265291081573249
1982-11-01,127.46666666666667,30,244.0,8638.4,403.6,84771.05,8.133333333333333,162892.96000000002,18.639268656939677,3.0980997760275932,1.0865324334211393,18.6,244.0,0.166564504087505,0.05841572222694297,1.9625066513430784,14.722193076029335
1982-12-01,168.96774193548387,31,262.0,7068.82,427.0,61932.78,8.451612903225806,182329.0,15.374805900841467,2.71213789979658,0.9387980886710537,15.4,262.0,0.17611285063614157,0.06096091484876972,1.2600805271340019,10.736398101963953
1983-01-01,115.48387096774194,31,267.0,2331.5499999999997,246.1,20314.21,8.612903225806452,60565.21,8.722567484439386,1.557616979737675,0.535748729146569,8.7,267.0,0.17903643445260634,0.06158031369500794,1.2090351181773562,10.50470055992613
1983-02-01,73.07142857142857,28,261.0,1147.23,154.9,10369.29,9.321428571428571,23994.010000000002,6.3031008606693035,1.209670852516738,0.4099337429486072,6.3,261.0,0.19201124643122824,0.06506884808708051,1.311770411410273,11.991449923874764
1983-03-01,88.6774193548387,31,259.0,1641.01,202.9,13044.01,8.35483870967742,41168.41,7.096687464794612,1.3067542461111228,0.4814474439934245,7.1,259.0,0.184049893818468,0.06780949915400346,1.1840647247225973,9.421843821031358
1983-04-01,109.56666666666666,30,282.0,2764.42,268.0,26519.86,9.4,71824.0,9.697528382922561,1.7525917316299817,0.5937930468109371,9.7,282.0,0.1806795599618538,0.0612157780217461,1.1861725773600127,10.82849291771211
1983-05-01,132.51612903225808,31,330.0,2755.2799999999997,274.0,29448.309999999998,10.64516129032258,75076.0,9.446549795047027,1.6932503578010984,0.525916049807259,9.4,330.0,0.18013301678735089,0.05594851593694245,1.1360323846333389,12.184320758143965
1983-06-01,131.46666666666667,30,361.0,2005.79,235.1,24147.54,12.033333333333333,55272.009999999995,8.178673029335238,1.4928682311428412,0.4413997077743543,8.2,361.0,0.1820571013588831,0.053829232655409065,1.098448697880195,13.121263668699939
1983-07-01,108.90322580645162,31,431.0,1694.14,221.0,22940.32,13.903225806451612,48841.0,7.2956014463536265,1.3277397410559,0.3647784759644394,7.3,431.0,0.1818821563090274,0.04996965424170403,1.0502830941445518,14.598599446691775
1983-08-01,96.0,31,429.0,2192.86,247.6,30092.53,13.838709677419354,61305.759999999995,8.375306416827838,1.5105800995818996,0.41319707207063616,8.4,429.0,0.17983096423594042,0.049190127627456684,1.109999678581156,15.456508176910447
1983-09-01,69.93333333333334,30,397.0,908.8100000000001,158.3,12065.83,13.233333333333333,25058.890000000003,5.5129410382923245,1.004882524919649,0.2807528110086322,5.5,397.0,0.18270591362175434,0.05104596563793313,1.0896936987372297,14.507889900751127
1983-10-01,72.51612903225806,31,431.0,1567.76,200.6,21095.3,13.903225806451612,40240.36,6.9960711546501635,1.277256424930411,0.35414657718798653,7.0,431.0,0.1824652035614873,0.05059236816971236,1.1770928254112731,16.324325086886926
1983-11-01,45.666666666666664,30,363.0,1495.18,165.4,19155.65,12.1,27357.160000000003,7.264322795342394,1.2889185820334468,0.36885458993788167,7.3,363.0,0.17656418931965026,0.0505280260188879,1.7966845539281986,22.127635997304864
1983-12-01,45.645161290322584,31,405.0,938.22,155.4,12361.550000000001,13.064516129032258,24149.160000000003,5.524703220899051,0.9880766799668317,0.27654487006642287,5.5,405.0,0.17965030544851485,0.05028088546662234,1.2120159717788248,15.954672300802974
1984-01-01,74.83870967741936,31,399.0,1330.44,181.2,17073.72,12.870967741935484,32833.439999999995,6.54150427619586,1.1766192597497935,0.33222480767878926,6.5,399.0,0.1810183476538144,0.05111150887365989,1.2466054026600641,16.2078830787053
1984-02-01,110.17241379310344,29,377.0,1995.66,230.0,25023.93,13.0,52900.0,8.147175716071251,1.5404417421632053,0.4529851574523651,8.1,377.0,0.19017799285965498,0.05592409351263767,1.0447508012086986,13.237616949993583
1984-03-01,116.74193548387096,31,395.0,2425.9900000000002,264.3,30182.83,12.741935483870968,69854.49,8.741408802252716,1.5888496745260123,0.46879514175988807,8.7,395.0,0.18262639937080602,0.053884499052860704,1.0427652995395118,12.883480553473566
1984-04-01,90.4,30,407.0,1788.13,211.5,23751.7,13.566666666666666,44732.25,7.6392398350873405,1.4095428731014574,0.41000738379792373,7.6,407.0,0.18546616751334968,0.053948339973411016,1.1688647945283313,15.018977699300374
1984-05-01,96.87096774193549,31,462.0,1597.46,212.4,22553.75,14.903225806451612,45113.76,6.986962193445782,1.2892979802969984,0.34812201089865663,7.0,462.0,0.18418542575671407,0.04973171584266523,1.045390807582446,15.381870536197058
1984-06-01,65.1,30,438.0,853.63,151.3,12671.72,14.6,22891.690000000002,5.378742193106923,0.9738982378964333,0.25546117410062064,5.4,438.0,0.1803515255363765,0.04730762483344826,1.1521145690682393,17.17011571961527
1984-07-01,55.67741935483871,31,468.0,790.4399999999999,143.6,11989.26,15.096774193548388,20620.96,5.061430323838996,0.9069278969122687,0.23410066634004145,5.1,468.0,0.1778289993945625,0.045902091439223816,1.2206018803339498,18.878380042776186
1984-08-01,34.96774193548387,31,509.0,366.64,100.4,5964.7,16.419354838709676,10080.160000000002,3.423224734588288,0.6176724461884608,0.1538162328074955,3.4,509.0,0.1816683665260179,0.0452400684727928,1.1059348207446935,18.531180568453838
1984-09-01,22.6,30,429.0,473.6,102.2,6437.47,14.3,10444.84,3.8737265747284715,0.7254117604658903,0.2080937109235989,3.9,429.0,0.18600301550407444,0.053357361775281775,1.3253517115223383,18.57698608859637
1984-10-01,12.612903225806452,31,428.0,426.94000000000005,94.2,6109.01,13.806451612903226,8873.640000000001,3.7780137440813117,0.6665331118391191,0.177222770065483,3.8,428.0,0.17540345048397873,0.04663757106986395,1.5923259971349757,22.684530148044807
1984-11-01,26.466666666666665,30,394.0,613.4200000000001,109.4,8827.050000000001,13.133333333333333,11968.36,4.733252602919655,0.8255772391350055,0.22071890928032947,4.7,394.0,0.17565473173085222,0.046961470059644565,1.6968456020023004,23.462867677333062
1984-12-01,21.387096774193548,31,397.0,482.31,100.10000000000001,6009.59,12.806451612903226,10020.010000000002,3.890694834760138,0.7084373329622399,0.20480850583526194,3.9,397.0,0.18165059819544613,0.052515001496221014,1.4819610597942896,18.791093712884816
1985-01-01,17.838709677419356,31,425.0,474.45,99.3,6342.75,13.709677419354838,9860.49,3.86317455560305,0.7026410708930436,0.19582241306736897,3.9,425.0,0.18016437715206246,0.05021087514547923,1.5067440581970672,20.528477819994166
1985-02-01,20.714285714285715,28,412.0,425.46000000000004,79.6,5866.13,14.714285714285714,6336.159999999999,3.773351244139682,0.736667205343479,0.2038694305875615,3.8,412.0,0.19385979087986288,0.053649850154621447,1.843351887255317,25.89611694990787
1985-03-01,16.870967741935484,31,389.0,439.19,97.7,6039.16,12.548387096774194,9545.29,3.9401564569042584,0.6760277565125875,0.1854664391224194,3.9,389.0,0.17334045038784296,0.04755549721087677,1.5569365590098942,20.31825428282867
1985-04-01,20.366666666666667,30,468.0,418.43,99.7,6508.15,15.6,9940.09,3.7291156349466315,0.6818520530307306,0.17576067450803318,3.7,468.0,0.1842843386569542,0.047502885002171126,1.250051986733406,19.60166769362837
1985-05-01,32.41935483870968,31,457.0,423.72,105.0,6175.32,14.741935483870968,11025.0,3.6759672509095207,0.664014843809359,0.17573476754585618,3.7,457.0,0.17946347129982676,0.04749588312050167,1.2010219520661658,17.81217265469236
1985-06-01,28.3,30,465.0,447.42,101.6,7072.070000000001,15.5,10322.56,3.899840084948618,0.7050768279651044,0.17957328310396672,3.9,465.0,0.18078893024746268,0.04604443156511968,1.3409004834361842,21.331600730755863
1985-07-01,39.935483870967744,31,540.0,441.81,100.1,7653.000000000001,17.419354838709676,10020.009999999998,3.7646012036100482,0.6780411892491622,0.1639848662906976,3.8,540.0,0.17843189190767428,0.04315391218176253,1.4026675158171684,24.758515658279745
1985-08-01,10.129032258064516,31,546.0,383.54,85.2,6772.76,17.612903225806452,7259.040000000001,3.521977050510458,0.6317476544122337,0.15165810944271477,3.5,546.0,0.18049932983206676,0.04333088841220422,1.656419169514944,29.78105073576942
1985-09-01,4.333333333333333,30,511.0,170.13,60.7,3018.19,17.033333333333335,3684.4900000000002,2.43031651357686,0.43477963767100836,0.10432506684902694,2.4,511.0,0.18115818236292017,0.04346877785376123,1.4266808181290476,24.980136200644022
1985-10-01,21.967741935483872,31,486.0,517.53,104.3,8383.39,15.67741935483871,10878.49,4.153284683542827,0.7338479259055511,0.18611140500056475,4.2,486.0,0.17472569664417884,0.04431223928584875,1.5861956807091238,24.890233611512944
1985-11-01,17.866666666666667,30,422.0,212.78,73.8,2842.59,14.066666666666666,5446.44,2.595379598568099,0.4862326832106437,0.13787367611735726,2.6,422.0,0.1870125704656322,0.05302833696821433,1.121819147594609,15.276219869350312
1985-12-01,15.838709677419354,31,422.0,688.39,118.1,9021.07,13.612903225806452,13947.609999999999,4.623520642104032,0.8463608822340897,0.23771706810676846,4.6,422.0,0.1839914961378456,0.051677623501471405,1.4817138564711951,20.02208532874755
1986-01-01,2.774193548387097,31,460.0,240.16,75.0,3692.42,14.838709677419354,5625.0,2.8331960751066987,0.49990633878220686,0.12917962548889306,2.8,460.0,0.17853797813650246,0.04613558053174752,1.3545583527087153,20.439514717124148
1986-02-01,27.892857142857142,28,420.0,394.82,93.2,5335.33,15.0,8686.24,3.5641502025962186,0.7096456431033099,0.19971913327987809,3.6,420.0,0.1971237897509194,0.055477537022188356,1.1778223754194097,16.646659452204496
1986-03-01,13.838709677419354,31,433.0,444.15,103.1,6370.139999999999,13.96774193548387,10629.609999999999,3.835575539976203,0.6798344047619411,0.1828913243879691,3.8,433.0,0.17890379072682663,0.04812929589157082,1.3188103433718263,18.81412099646355
1986-04-01,22.4,30,449.0,468.12,103.4,7547.4,14.966666666666667,10691.560000000001,4.099921233422327,0.7212026991999776,0.18249333404570434,4.1,449.0,0.17590309736584822,0.04451056927944009,1.434045683253386,22.172596597697893
1986-05-01,16.129032258064516,31,530.0,386.29,87.7,6778.34,17.096774193548388,7691.290000000001,3.5762159826717657,0.6340084394964767,0.15212755620511878,3.6,530.0,0.17611345541568796,0.04225765450142188,1.6520561259411362,29.04530919674728
1986-06-01,0.5666666666666667,30,494.0,129.32999999999998,61.5,2129.73,16.466666666666665,3782.25,2.076341574015173,0.3790778284204973,0.09472590803208115,2.1,494.0,0.18051325162880824,0.04510757525337197,1.0511234847738247,17.48919152150536
1986-07-01,18.096774193548388,31,510.0,454.05,89.7,7820.54,16.451612903225808,8046.09,3.915915238722966,0.6873693234998618,0.16747875892545203,3.9,510.0,0.17624854448714405,0.042943271519346675,1.865474892123856,31.293802051310745
1986-08-01,9.903225806451612,31,567.0,155.04999999999998,54.3,2931.2799999999997,18.29032258064516,2948.49,2.2737207384533096,0.40167443498057165,0.09299540859319336,2.3,567.0,0.1746410586872051,0.04043278634486668,1.7643622200584226,33.275247916471
1986-09-01,5.066666666666666,30,505.0,277.03000000000003,66.5,4668.67,16.833333333333332,4422.25,3.0405412493680974,0.554807273844811,0.13856817950077852,3.0,505.0,0.18493575794827033,0.04618939316692617,1.8872267334423745,30.590341551916715
1986-10-01,40.12903225806452,31,507.0,617.79,120.5,9831.56,16.35483870967742,14520.25,4.403593655285175,0.8017865068067674,0.204618129548466,4.4,507.0,0.18222420609244713,0.04650412035192409,1.2938120303888667,20.882533312963286
1986-11-01,15.366666666666667,30,515.0,564.49,103.5,9507.09,17.166666666666668,10712.25,4.29655314549219,0.7919666098460915,0.19589857532736152,4.3,515.0,0.18417828135955616,0.04555780821566547,1.5842422367103677,27.084354638923227
1986-12-01,5.774193548387097,31,544.0,279.89,80.3,4150.41,17.548387096774192,6448.089999999999,2.7621423111524908,0.5396746235201282,0.1594355962924589,2.8,544.0,0.19274093697147437,0.056941284390163896,1.1760886482280082,18.205139269498087
1987-01-01,9.806451612903226,31,487.0,217.81,70.5,3456.2400000000002,15.709677419354838,4970.25,2.6640199048408197,0.4760770143802659,0.12333662373664707,2.7,487.0,0.17632482014083922,0.045680231013572985,1.4282936765114342,22.23197383004954
1987-02-01,3.392857142857143,28,429.0,179.22,64.2,2884.71,15.321428571428571,4121.64,2.5931189201935445,0.4781181221994312,0.12123106936582717,2.6,429.0,0.18389158546131967,0.046627334371471985,1.2988519741681503,20.374827419807506
1987-03-01,17.387096774193548,31,501.0,260.33000000000004,76.5,4464.39,16.161290322580644,5852.25,2.985122792086171,0.5204756489449252,0.12796990467791472,3.0,501.0,0.17349188298164173,0.04265663489263824,1.5001412752686019,24.43123705578671
1987-04-01,46.0,30,581.0,578.08,119.2,11081.47,19.366666666666667,14208.640000000001,4.367275822147322,0.801443142781265,0.18496233093163664,4.4,581.0,0.18214616881392387,0.04203689339355378,1.2358934629244873,24.150080727901827
1987-05-01,39.12903225806452,31,566.0,365.56,101.0,6796.91,18.258064516129032,10201.0,3.4653535045736352,0.6167620460404517,0.14572113271401696,3.5,566.0,0.17621772744012906,0.04163460934686199,1.1597539103486982,21.443289563774908
1987-06-01,18.766666666666666,30,586.0,348.78,87.8,7286.15,19.533333333333335,7708.839999999999,3.526145639600321,0.622521753301307,0.13811478892049003,3.5,586.0,0.17786335808608772,0.039461368262997155,1.4505615443352364,29.042809029822465
1987-07-01,38.16129032258065,31,645.0,591.34,115.0,12136.97,20.806451612903224,13225.0,4.337857507103937,0.7844349491105405,0.17415615180613972,4.3,645.0,0.18242673235128848,0.04050143065259063,1.359665370130271,28.54112661904589
1987-08-01,47.935483870967744,31,619.0,342.54,97.4,6877.2300000000005,19.967741935483872,9486.76,3.3332005897101276,0.5970269734911168,0.134118313822248,3.3,619.0,0.18091726469427782,0.040641913279469095,1.1070107674574758,22.554094600103976
1987-09-01,42.2,30,609.0,356.13,97.1,7478.820000000001,20.3,9428.409999999998,3.504353379845908,0.6290468980926621,0.13826039215623057,3.5,609.0,0.17972768516933205,0.03950296918749445,1.1759855295471482,24.72869565729009
1987-10-01,63.38709677419355,31,501.0,734.99,144.9,11775.93,16.161290322580644,20996.010000000002,4.848180101790898,0.8745386772595554,0.22637618352605512,4.8,501.0,0.18219555776240737,0.04716170490126149,1.0565336789559459,16.736118587817135
1987-11-01,48.833333333333336,30,417.0,792.27,142.7,10773.96,13.9,20363.289999999997,5.082994642174444,0.9382430388763884,0.2603565957269426,5.1,417.0,0.18396922330909576,0.051050312887635806,1.1556234677599841,15.913063194149284
1987-12-01,29.096774193548388,31,455.0,340.13,95.1,4754.01,14.67741935483871,9044.009999999998,3.2323944107075837,0.5949230225041852,0.16433542795216116,3.2,455.0,0.18591344453255784,0.05135482123505036,1.0915258482423933,15.499715567416576
1988-01-01,70.48387096774194,31,484.0,935.37,162.1,14413.17,15.612903225806452,26276.41,5.4570392026724654,0.9865748145600747,0.2538748397940676,5.5,484.0,0.17937723901092267,0.046159061780739565,1.1102496188001756,17.489855331864153
1988-02-01,45.44827586206897,29,525.0,621.76,124.6,11006.93,18.103448275862068,15525.159999999998,4.578818728927905,0.8598315793384109,0.20694256123865334,4.6,525.0,0.18691990855182847,0.04498751331275073,1.1523410765328719,21.036134908968563
1988-03-01,91.19354838709677,31,516.0,1017.8,169.8,16887.59,16.64516129032258,28832.040000000005,5.720829275279872,1.0291283199170835,0.2560570401008692,5.7,516.0,0.1805488280556287,0.044922287736994596,1.085957768394894,18.281892506178714
1988-04-01,108.76666666666667,30,562.0,1332.32,188.4,25142.98,18.733333333333334,35494.560000000005,6.688676892817626,1.2166986297171356,0.28287387090367433,6.7,562.0,0.18159681040554262,0.04221998073189169,1.143621729722641,21.789997324342487
1988-05-01,74.16129032258064,31,582.0,1151.6299999999999,180.1,21808.95,18.774193548387096,32436.01,6.121472264121792,1.0946991756275632,0.254211412214979,6.1,582.0,0.17945888125042023,0.04167400200245558,1.1062127489820797,21.227827852635528
1988-06-01,124.26666666666667,30,574.0,2142.0,241.4,39746.67,19.133333333333333,58273.96,8.32136224944036,1.5427248620541512,0.3637313665322599,8.3,574.0,0.18587046530772905,0.04382305620870601,1.0663978239847676,20.324557362415998
1988-07-01,131.38709677419354,31,605.0,2932.27,292.3,55715.409999999996,19.516129032258064,85439.29000000001,9.596436149782871,1.7467883417649999,0.410399083482665,9.6,605.0,0.18195711893385416,0.04274990452944427,1.0378933816783105,20.077706015202573
1988-08-01,139.41935483870967,31,649.0,2486.02,265.2,52131.020000000004,20.93548387096774,70331.04,8.962429714036517,1.6083872261687513,0.353475517166156,9.0,649.0,0.17870969179652793,0.03927505746290622,1.11069287030942,23.766809335143083
1988-09-01,142.73333333333332,30,551.0,2727.28,273.0,48814.87,18.366666666666667,74529.0,9.412397701437087,1.740778880590844,0.4168378068490351,9.4,551.0,0.18518924261604722,0.04434444753713139,1.0695665786279216,19.70655632969361
1988-10-01,156.4516129032258,31,530.0,2887.34,293.4,50048.99,17.096774193548388,86083.55999999998,9.717615788030189,1.7333540114564763,0.422008686406959,9.7,530.0,0.17869628984087385,0.04350605014504732,1.052128930857676,18.301723958923123
1988-11-01,156.76666666666668,30,488.0,2420.37,257.9,38514.43,16.266666666666666,66512.40999999999,8.883862464890031,1.639908534034749,0.4213342099085834,8.9,488.0,0.184259385846601,0.04734092246163858,1.0745270395512456,17.277554154272178
1988-12-01,231.19354838709677,31,490.0,5766.37,406.9,89922.85,15.806451612903226,165567.61,13.546808495293764,2.449568332504472,0.6316743463268547,13.5,490.0,0.1814495061114424,0.046790692320507754,1.059915930564744,16.753833555041957
1989-01-01,210.09677419354838,31,536.0,6874.55,449.7,120922.29000000001,17.29032258064516,202230.09,15.020029537701744,2.6746098745928366,0.6511516081269884,15.0,536.0,0.17830732497285579,0.043410107208465894,1.0716381526728138,18.689170070133493
1989-02-01,208.67857142857142,28,489.0,4472.14,347.2,78762.56,17.464285714285715,120547.84,12.691281647526806,2.388359312180986,0.5793085727050561,12.7,489.0,0.18805978836070755,0.045614848244492606,1.0508592237651808,18.577361522948987
1989-03-01,170.3548387096774,31,573.0,3211.59,304.5,59309.22,18.483870967741936,92720.25,10.173814041282496,1.828093290301046,0.4333246489466344,10.2,573.0,0.1792248323824555,0.04248280872025828,1.0811339372078632,19.962007547425962
1989-04-01,166.26666666666668,30,534.0,2818.51,282.3,49746.11,17.8,79693.29000000001,9.651813786190443,1.7696547058049992,0.4295306968469338,9.7,534.0,0.18243862946443293,0.044281515138859154,1.064880966163415,18.95142021172135
1989-05-01,195.41935483870967,31,668.0,3546.68,323.6,74485.72,21.548387096774192,104716.96000000002,10.559619730950327,1.9210970677736543,0.4230721242775103,10.6,668.0,0.18123557243147684,0.0399124645544821,1.0322327861502407,22.417645039760718
1989-06-01,284.53333333333336,30,619.0,7018.92,442.0,148432.9,20.633333333333333,195364.0,15.48530493147224,2.7926331660280765,0.6130030188691588,15.5,619.0,0.18016988167923073,0.03954858186252637,1.1107594634274491,23.546862362052995
1989-07-01,180.51612903225808,31,673.0,3201.17,308.7,70143.67,21.70967741935484,95295.68999999999,10.209082428974934,1.8251252576290156,0.39540274194954367,10.2,673.0,0.1789338487871584,0.03876497470093566,1.0508906501711504,23.166330089954666
1989-08-01,231.96774193548387,31,639.0,5483.35,397.7,116268.29000000001,20.612903225806452,158165.28999999998,13.489014251505123,2.388698242223941,0.5247841246988058,13.5,639.0,0.17694061053510676,0.03887289812583746,1.1111916707372202,23.544366821085305
1989-09-01,225.06666666666666,30,585.0,6827.85,421.5,129175.41,19.5,177662.25,14.859766709698597,2.754360179787676,0.6429812732598328,14.9,585.0,0.18485638790521314,0.04315310558790824,1.1296387027437098,22.07026678347396
1989-10-01,212.16129032258064,31,562.0,3877.56,338.4,70646.59,18.129032258064516,114514.55999999998,11.211854269325107,2.0087115164441918,0.4815416354471189,11.2,562.0,0.17934924253966,0.042994788879207047,1.0545322089355278,19.135522620605535
1989-11-01,238.16666666666666,30,550.0,7180.389999999999,443.7,127153.39,18.333333333333332,196869.69,15.204867043752202,2.8245727307171804,0.6863304504179912,15.2,550.0,0.18582715333665661,0.04515331910644679,1.0583391366829864,19.134716730447103
1989-12-01,211.41935483870967,31,504.0,5924.2300000000005,404.3,92144.66,16.258064516129032,163458.49000000002,13.521342623763601,2.482871604571344,0.6472782075251058,13.5,504.0,0.18391641515343288,0.04794653389074858,1.074166470201466,17.039849433431726
1990-01-01,227.41935483870967,31,516.0,5728.71,410.3,95790.01,16.64516129032258,168346.09,13.62496070686319,2.441556198438872,0.6182665837778647,13.6,516.0,0.17952619106168174,0.04546077821896064,1.0578072897251203,17.49867836741331
1990-02-01,171.82142857142858,28,518.0,3405.21,282.5,66266.29000000001,18.5,79806.25,11.310490739671767,2.0840777581560666,0.48571415093221804,11.3,518.0,0.1844316600138112,0.0429835531798423,1.265738660102009,23.848709521164857
1990-03-01,191.67741935483872,31,592.0,3786.13,321.9,71033.46,19.096774193548388,103619.60999999999,10.95394690067022,1.9848882783742443,0.46391638867369606,11.0,592.0,0.18044438894311313,0.042174217152154185,1.1268250891384335,21.646027345820517
1990-04-01,189.7,30,575.0,3185.48,291.2,58747.89,19.166666666666668,84797.43999999999,10.10792973255458,1.8813352232449756,0.4446704685325005,10.1,575.0,0.18627081418267086,0.04402677906262381,1.085913388184771,20.801954857967548
1990-05-01,175.19354838709677,31,691.0,3133.75,297.7,69609.14,22.29032258064516,88625.29,10.036773197018732,1.8058034551485471,0.38806303824607086,10.0,691.0,0.18058034551485472,0.038806303824607084,1.0874321599540728,24.545798847557162
1990-06-01,153.33333333333334,30,599.0,2541.06,263.6,49978.02,19.966666666666665,69484.96,9.13431768657803,1.6802975926900567,0.38361073682186575,9.1,599.0,0.18464808710879746,0.04215502602438086,1.075347268384423,21.608912347927884
1990-07-01,191.1290322580645,31,661.0,3186.92,289.8,63245.15,21.322580645161292,83984.04000000001,9.781667220659969,1.8210584565535572,0.4131546561729097,9.8,661.0,0.18582229148505686,0.04215863838499078,1.1028551512727187,23.238215556103086
1990-08-01,252.09677419354838,31,714.0,5068.1,378.4,117804.23,23.032258064516128,143186.55999999997,12.844918013265286,2.2964706214747372,0.4791833005182112,12.8,714.0,0.17941176730271383,0.037436195352985244,1.1032713512733927,26.06399536099046
1990-09-01,169.1,30,622.0,2589.57,269.9,52786.36,20.733333333333334,72846.01,9.212248940764889,1.6962605931872614,0.3813357345841275,9.2,622.0,0.184376151433398,0.04144953636783995,1.0473976478170541,21.878158834881834
1990-10-01,199.3548387096774,31,605.0,4915.18,373.4,95839.67,19.516129032258064,139427.55999999997,12.58620982210095,2.26155950723979,0.5179573800924069,12.6,605.0,0.1794888497809357,0.04110772857876245,1.0976921232082877,21.731781998149582
1990-11-01,178.83333333333334,30,536.0,4542.79,349.9,81388.63,17.866666666666667,122430.00999999998,12.322518369035768,2.246674085052045,0.5396074286087399,12.3,536.0,0.18265642967902804,0.043870522651117065,1.1164756451123374,20.002905300233788
1990-12-01,197.09677419354838,31,479.0,4695.62,359.2,76129.29,15.451612903225806,129024.63999999998,12.60689492232181,2.2104707782267514,0.5723111415562552,12.6,479.0,0.1754341887481549,0.045421519171131366,1.1893662477191569,18.16806695500862
1991-01-01,195.32258064516128,31,552.0,6680.64,424.0,116124.25,17.806451612903224,179776.0,14.504137965282254,2.6366187788164397,0.6474128800712851,14.5,552.0,0.18183577784940963,0.044649164142847246,1.1286819588924857,19.800937387941044
1991-02-01,240.25,28,493.0,5352.34,373.4,95512.95000000001,17.607142857142858,139427.55999999997,13.918988299949017,2.612846012629578,0.6286257389676461,13.9,493.0,0.18797453328270344,0.0452248733070249,1.0898680606304434,19.503097327480127
1991-03-01,196.96774193548387,31,546.0,4381.9,357.2,75725.61,17.612903225806452,127591.84,11.776739506611897,2.1353523007904704,0.5246821589656682,11.8,546.0,0.1809620593890229,0.04446458974285323,1.0504650842294057,18.290657842965558
1991-04-01,197.56666666666666,30,590.0,4207.74,341.8,83615.5,19.666666666666668,116827.24,11.90467078254069,2.1622364964699554,0.4908818674833114,11.9,590.0,0.18170054592184498,0.041250577099437934,1.094315460466438,21.91499314898429
1991-05-01,166.90322580645162,31,625.0,3008.35,297.7,60749.11,20.161290322580644,88625.29,9.858933816594977,1.7693041131317864,0.3980962611045995,9.9,625.0,0.17871758718502892,0.04021174354591914,1.0649675169423247,21.78724667784017
1991-06-01,224.73333333333332,30,620.0,4921.38,365.0,102961.84,20.666666666666668,133225.0,12.886717342712524,2.3384182688304502,0.5159716644366811,12.9,620.0,0.18127273401786437,0.03999780344470396,1.1289441404693024,23.90062805316301
1991-07-01,240.16129032258064,31,661.0,5567.030000000001,400.5,123496.64,21.322580645161292,160400.25,13.668688336749844,2.4068558857860123,0.5166518782614876,13.7,661.0,0.17568291137124178,0.037711815931495446,1.1289764560861033,24.872078727172337
1991-08-01,240.7741935483871,31,707.0,6279.96,391.6,144258.88,22.806451612903224,153350.56000000003,14.284385793957268,2.556328988612947,0.535721427320676,14.3,707.0,0.17876426493796832,0.037463036875571745,1.2934939410052042,30.238347043737708
1991-09-01,168.9,30,621.0,3943.55,332.3,79828.45,20.7,110423.29000000001,11.337911124340588,2.0932563680118643,0.47186334601485663,11.3,621.0,0.18524392637273135,0.04175781823140324,1.0422400543051664,21.601207409305456
1991-10-01,197.1290322580645,31,524.0,5598.39,388.90000000000003,91900.07,16.903225806451612,151243.21000000002,13.243179866523722,2.413625474103299,0.6135910316627357,13.2,524.0,0.18285041470479538,0.046484169065358766,1.1112393149306645,18.194826597719786
1991-11-01,159.53333333333333,30,487.0,3055.92,292.4,49374.73,16.233333333333334,85497.75999999998,10.069035830018743,1.8426792088333408,0.4690502108913782,10.1,487.0,0.18244348602310306,0.04644061493974042,1.076553846930151,17.478964465783726
1991-12-01,212.61290322580646,31,506.0,6171.22,424.4,100414.3,16.322580645161292,180115.36,14.087130055535834,2.5341004187604965,0.6425482005163087,14.1,506.0,0.17972343395464516,0.045570794362858776,1.0628997907029234,17.29073374602403
1992-01-01,198.25806451612902,31,566.0,5449.67,380.9,93879.0,18.258064516129032,145084.80999999997,12.878818175483849,2.3813509750099966,0.5885650246402433,12.9,566.0,0.18460085077596872,0.04562519570854599,1.106242597672764,19.70180698504115
1992-02-01,230.68965517241378,29,590.0,6213.86,405.2,123742.76,20.344827586206897,164187.03999999998,14.482178410909862,2.7182082998685795,0.6203137057371342,14.5,590.0,0.18746264137024687,0.04278025556807822,1.0799706000727467,21.81819518877636
1992-03-01,150.96774193548387,31,537.0,2630.7599999999998,270.2,45824.2,17.322580645161292,73008.04,9.23762446589013,1.6545462861797922,0.4095583840786271,9.2,537.0,0.1798419876282383,0.04451721566072034,1.1183762714330534,19.19510719955669
1992-04-01,142.23333333333332,30,660.0,2642.38,262.0,59949.38,22.0,68644.0,9.530603020763898,1.7134695146916907,0.36508765567466384,9.5,660.0,0.18036521207280956,0.038430279544701455,1.190616533351757,26.93649606782804
1992-05-01,94.29032258064517,31,746.0,1858.08,232.79999999999998,44674.71,24.06451612903226,54195.83999999999,7.738583219251884,1.390498454559801,0.2849734017217243,7.7,746.0,0.18058421487789622,0.037009532691133024,1.0531518735230552,25.933339701901467
1992-06-01,98.53333333333333,30,706.0,1295.26,190.8,30901.49,23.533333333333335,36404.64000000001,6.615876046603554,1.1996573584894052,0.24798048184086124,6.6,706.0,0.18176626643778868,0.03757280027891837,1.0797325387118766,26.018975953958634
1992-07-01,114.2258064516129,31,761.0,1974.73,231.7,44680.479999999996,24.548387096774192,53684.88999999999,7.662431174971134,1.4334817498521597,0.30871595893861126,7.7,761.0,0.186166461019761,0.040092981680339125,1.0636780083449755,25.14365014107006
1992-08-01,91.90322580645162,31,794.0,1349.04,194.6,35172.700000000004,25.612903225806452,37869.159999999996,6.655682596941824,1.1848154797789525,0.23323934394895812,6.7,794.0,0.1768381313102914,0.03481184238044151,1.1443075762073072,30.215759322609323
1992-09-01,93.96666666666667,30,764.0,919.72,161.0,23178.32,25.466666666666665,25921.0,5.508004646262208,1.0108961920549069,0.20308456435375388,5.5,764.0,0.1837993076463467,0.03692446624613707,1.0521573295447273,27.18654217843323
1992-10-01,133.3548387096774,31,623.0,2126.4700000000003,243.9,41524.93,20.096774193548388,59487.21000000001,8.164139769145581,1.4875375457621327,0.34309026885076954,8.2,623.0,0.18140701777586984,0.04184027668911824,1.089441489074234,21.673011370622447
1992-11-01,129.56666666666666,30,559.0,2073.63,241.9,37607.74,18.633333333333333,58515.61,8.202244555144471,1.517904256971873,0.3626389356989065,8.2,559.0,0.18511027524047233,0.04422426045108616,1.0354415277422937,19.21942506581716
1992-12-01,121.96774193548387,31,539.0,2187.02,250.8,38398.34,17.387096774193548,62900.64000000001,8.440376940294113,1.508567278622705,0.3711954439759568,8.4,539.0,0.17959134269317914,0.044189933806661516,1.0808306274605268,18.600873517486058
1993-01-01,81.38709677419355,31,583.0,1226.46,178.6,20187.52,18.806451612903224,31897.96,5.884468028583111,1.129704868773565,0.2888866164221203,5.9,583.0,0.1914754014870449,0.0489638332918848,1.0506805992533788,18.35273465073607
1993-02-01,127.78571428571429,28,551.0,1967.72,223.6,38201.64,19.678571428571427,49996.96,8.32655211083474,1.5842496453449217,0.36422850619953645,8.3,551.0,0.19087345124637609,0.04388295255416101,1.083549104670405,21.57117506242991
1993-03-01,102.41935483870968,31,739.0,1339.63,197.1,31748.489999999998,23.838709677419356,38848.409999999996,6.554496230754243,1.1806760087632402,0.2452908654779455,6.6,739.0,0.17889030435806672,0.037165282648173564,1.0803211941310809,26.100308601343716
1993-04-01,94.43333333333334,30,719.0,1364.32,193.2,32286.2,23.966666666666665,37326.24,6.701067940545809,1.2312234204688892,0.2566383831951796,6.7,719.0,0.18376468962222225,0.038304236297788,1.0855004404659152,26.261780469083874
1993-05-01,78.7741935483871,31,752.0,998.75,167.9,24011.9,24.258064516129032,28190.410000000003,5.650727217368255,1.019451812455515,0.2106255626291407,5.7,752.0,0.1788511951676342,0.0369518530928317,1.1115224300392106,27.318758696670105
1993-06-01,69.63333333333334,30,706.0,880.4,147.2,20668.36,23.533333333333335,21667.839999999997,5.410665157854894,0.9890511727015049,0.2065654258956904,5.4,706.0,0.18315762457435275,0.03825285664735007,1.2201406233764238,29.285363824456002
1993-07-01,80.41935483870968,31,699.0,877.69,160.3,20152.05,22.548387096774192,25696.090000000004,5.369341517000037,0.9556720426326801,0.20157950451672027,5.4,699.0,0.17697630419123705,0.03732953787346671,1.093747783902266,25.189751197860918
1993-08-01,62.54838709677419,31,809.0,797.21,150.1,20443.18,26.096774193548388,22530.01,5.026896754113239,0.9108034668659001,0.180787074466234,5.0,809.0,0.18216069337318003,0.036157414893246795,1.0687895715232276,28.379687956953546
1993-09-01,31.166666666666668,30,709.0,667.6800000000001,124.2,14111.54,23.633333333333333,15425.640000000001,4.461327321196544,0.861316821307158,0.19288581520741876,4.5,709.0,0.19140373806825733,0.042863514490537505,1.1896847531772683,27.373725742055058
1993-10-01,71.06451612903226,31,630.0,933.85,162.3,19150.85,20.322580645161292,26341.290000000005,5.513453963095602,0.9857728840763621,0.2223254884128725,5.5,630.0,0.17923143346842949,0.04042281607506773,1.10740790886449,22.62408422960017
1993-11-01,48.166666666666664,30,551.0,596.31,126.7,10565.460000000001,18.366666666666667,16052.890000000001,4.378934062174395,0.8139819817825616,0.19857109302872664,4.4,551.0,0.18499590495058219,0.04512979387016514,1.0887072043103974,19.569731652944764
1993-12-01,68.38709677419355,31,562.0,1122.8600000000001,171.8,19871.22,18.129032258064516,29515.240000000005,5.9462629192314,1.080938814218107,0.26123320093601365,5.9,562.0,0.18320996851154353,0.04427681371796841,1.1386699529944302,20.55711713348067
1994-01-01,84.87096774193549,31,582.0,1335.49,188.7,25107.96,18.774193548387096,35607.689999999995,6.568167533054257,1.1788502132086596,0.2807721220317418,6.6,582.0,0.17861366866797873,0.04254123061086997,1.1824647965406365,22.148695013881188
1994-02-01,54.857142857142854,28,539.0,646.84,128.0,12616.85,19.25,16384.0,4.8381695890254495,0.9083231916053688,0.20885385709513807,4.8,539.0,0.1892339982511185,0.04351122022815376,1.1067130282719373,21.686158234855718
1994-03-01,47.45161290322581,31,728.0,536.3,118.0,12427.130000000001,23.483870967741936,13924.0,4.1316139118368165,0.7470371584660512,0.15976447008853775,4.1,728.0,0.18220418499171984,0.038966943924033604,1.1666014326583354,26.932844259382524
1994-04-01,27.366666666666667,30,763.0,436.82,107.0,11399.27,25.433333333333334,11449.0,3.865238094968986,0.6966746411026854,0.13718979834428197,3.9,763.0,0.17863452335966293,0.03517687137032871,1.203411132037435,31.72101842365366
1994-05-01,29.806451612903224,31,789.0,530.1700000000001,108.9,13497.26,25.451612903225808,11859.210000000001,4.136035953588769,0.742755507563996,0.14758133895329606,4.1,789.0,0.1811598798936576,0.035995448525194165,1.3791318593631938,36.11383480717899
1994-06-01,39.7,30,789.0,762.24,128.4,19524.15,26.3,16486.56,4.9744785920091585,0.9202898094259946,0.18253832205653658,5.0,789.0,0.1840579618851989,0.03650766441130732,1.3824292560822977,36.72522088769417
1994-07-01,50.58064516129032,31,865.0,583.08,126.60000000000001,16114.810000000001,27.903225806451612,16027.560000000001,4.316229622053143,0.7789370809420986,0.14854484873649432,4.3,865.0,0.18114815835862758,0.03454531365964984,1.1127477260484002,31.84861222924803
1994-08-01,34.32258064516129,31,876.0,318.33,92.3,9031.4,28.258064516129032,8519.289999999999,3.2108904297092065,0.575542091659326,0.10837543271654877,3.2,876.0,0.17985690364353937,0.03386732272392149,1.1611213809115033,33.68481519250765
1994-09-01,40.46666666666667,30,735.0,506.21,109.89999999999999,12092.1,24.5,12078.009999999998,4.056086381562143,0.7499703697850706,0.15471183218837883,4.1,735.0,0.1829196023866026,0.03773459321667777,1.2636573393940442,31.318956035843403
1994-10-01,67.12903225806451,31,657.0,536.04,121.39999999999999,11461.15,21.193548387096776,14737.959999999997,4.176682027033746,0.7468560534803124,0.16417577747814535,4.2,657.0,0.17782286987626483,0.039089470828129844,1.155900047317546,24.69532570368189
1994-11-01,29.466666666666665,30,591.0,655.7,116.2,12827.36,19.7,13502.44,4.658808951440667,0.8535546587978743,0.19752815252420933,4.7,591.0,0.18160737421231368,0.04202726649451262,1.4965119555622675,29.21177652036881
1994-12-01,32.193548387096776,31,610.0,396.07,103.1,7481.610000000001,19.677419354838708,10629.609999999999,3.5021328396035334,0.6419841122771133,0.15286394565738493,3.5,610.0,0.1834240320791752,0.043675413044967124,1.1116563769721917,20.95203450221397
1995-01-01,32.61290322580645,31,630.0,900.25,145.7,17810.33,20.322580645161292,21228.489999999998,5.3169883467396355,0.967876334753387,0.2212524607822297,5.3,630.0,0.1826181763685636,0.041745747317401834,1.2836448211945553,25.80813387018583
1995-02-01,45.82142857142857,28,620.0,415.01,102.7,9419.62,22.142857142857142,10547.29,3.8978116275508965,0.7275640795118451,0.1544249803594069,3.9,620.0,0.18655489218252438,0.039596148810104335,1.135936827643926,25.912031682883644
1995-03-01,46.32258064516129,31,706.0,444.89,108.9,10004.26,22.774193548387096,11859.210000000001,3.7643511981937574,0.6804005064045033,0.14429309727237663,3.8,706.0,0.17905276484329036,0.03797186770325701,1.1767630485215061,27.25933545553449
1995-04-01,21.6,30,698.0,382.62,92.4,8831.689999999999,23.266666666666666,8537.76,3.5570846212685647,0.6520224944994869,0.13752901775012266,3.6,698.0,0.1811173595831908,0.038202504930589624,1.3833459634046747,32.34542259005168
1995-05-01,19.387096774193548,31,781.0,256.92,77.4,6147.34,25.193548387096776,5990.760000000001,2.8055505620940195,0.5170556198784294,0.10682169849391902,2.8,781.0,0.18466272138515338,0.038150606604971084,1.2691878392142086,31.56895479662746
1995-06-01,22.5,30,747.0,427.06,94.4,10794.310000000001,24.9,8911.36,3.80134373479875,0.6888476690176943,0.13818297186187375,3.8,747.0,0.18127570237307747,0.03636393996365099,1.4814351213417722,37.61205479293757
1995-07-01,20.387096774193548,31,842.0,295.71000000000004,88.1,8149.93,27.161290322580644,7761.609999999999,3.1111495916256877,0.5547167908059762,0.10630529794773504,3.1,842.0,0.17894090025999232,0.03429203159604356,1.197377409287561,33.43551389115181
1995-08-01,18.225806451612904,31,854.0,398.82,94.4,11129.84,27.548387096774192,8911.36,3.610069186541433,0.6442089745677497,0.12227313828148542,3.6,854.0,0.17894693737993048,0.03396476063374595,1.4162329927377728,40.47656252674665
1995-09-01,15.7,30,708.0,272.89,79.5,6558.33,23.6,6320.25,3.0435469383766196,0.5506460851682423,0.1131190127876188,3.0,708.0,0.18354869505608076,0.037706337595872934,1.294301976399619,31.482058524907448
1995-10-01,30.612903225806452,31,734.0,434.07000000000005,97.7,9987.76,23.677419354838708,9545.29,3.6888077277510787,0.6720756981297936,0.1407753562405078,3.7,734.0,0.1816420805756199,0.038047393578515616,1.3963025807740348,33.806012088776185
1995-11-01,13.966666666666667,30,594.0,402.43,81.9,8160.03,19.8,6707.610000000001,3.70640314083941,0.6686886005043338,0.1496700924110868,3.7,594.0,0.18072664878495506,0.04045137632732076,1.890282275843037,38.581550927716854
1995-12-01,14.903225806451612,31,515.0,411.29,88.5,6768.620000000001,16.612903225806452,7832.25,3.6253208763240092,0.6542027740012466,0.16454569143410822,3.6,515.0,0.18172299277812407,0.04570713650947451,1.6228722429443092,26.603342150290064
1996-01-01,13.32258064516129,31,535.0,320.71999999999997,84.39999999999999,6206.19,17.258064516129032,7123.359999999999,3.4059294091608705,0.5776986169167388,0.13450451426268337,3.4,535.0,0.1699113579166879,0.039560151253730406,1.5859195841614433,28.33538492717254
1996-02-01,7.689655172413793,29,532.0,335.14,82.6,6063.4400000000005,18.344827586206897,6822.759999999999,3.376010013169771,0.6312699767856563,0.1493537885173569,3.4,532.0,0.1856676402310754,0.04392758485804615,1.4468819073866843,26.8572756307403
1996-03-01,12.612903225806452,31,621.0,305.16,79.8,5847.13,20.032258064516128,6368.04,3.06849609368704,0.5635106252466487,0.13014766341307063,3.1,621.0,0.18177762104730605,0.041983117230022786,1.4729056158129472,29.411718458977784
1996-04-01,6.766666666666667,30,678.0,190.2,71.2,4359.33,22.6,5069.4400000000005,2.5356833922015434,0.4597100535482483,0.09660123138905928,2.5,678.0,0.18388402141929933,0.03864049255562371,1.113861994900845,25.92398224599618
1996-05-01,7.612903225806452,31,676.0,302.06,77.8,6410.36,21.806451612903224,6052.839999999999,3.0794124545258232,0.5606410779761468,0.12305027400397056,3.1,676.0,0.1808519606374667,0.03969363677547438,1.5533805848945714,34.16902294567759
1996-06-01,16.5,30,682.0,239.87,73.5,5569.86,22.733333333333334,5402.25,2.8577876314778123,0.516257902818177,0.10787961929169435,2.9,682.0,0.17801996648902654,0.03719986872127391,1.4197191992840512,33.22683817705973
1996-07-01,11.806451612903226,31,766.0,226.81,75.9,5229.01,24.70967741935484,5760.810000000001,2.6127349295346525,0.48581330586776705,0.10286870976914207,2.6,766.0,0.1868512714876027,0.03956488837274695,1.1329147090711962,27.63002510337966
1996-08-01,19.677419354838708,31,759.0,363.17,90.5,9350.3,24.483870967741936,8190.25,3.5098768976457193,0.6147425710979216,0.1231182303668701,3.5,759.0,0.17564073459940618,0.035176637247677174,1.4576419303239523,36.43714687526517
1996-09-01,3.033333333333333,30,656.0,184.44,67.8,4034.0,21.866666666666667,4596.839999999999,2.4797964117851365,0.4526956299030656,0.09800392665554354,2.5,656.0,0.18107825196122623,0.03920157066221742,1.233016045689421,27.185365078027328
1996-10-01,0.6774193548387096,31,630.0,140.69,65.1,2870.88,20.322580645161292,4238.009999999999,2.1347019419470206,0.3826219854724889,0.08752612743271486,2.1,630.0,0.18220094546308993,0.04167910830129279,1.0000000000000002,20.05429597966024
1996-11-01,24.933333333333334,30,536.0,619.03,118.1,10545.69,17.866666666666667,13947.609999999999,4.435627889726482,0.8293437834282663,0.20756062218994156,4.4,536.0,0.18848722350642413,0.047172868679532166,1.26082223312611,21.669858670561382
1996-12-01,14.0,31,543.0,246.04999999999998,76.1,4673.68,17.516129032258064,5791.209999999999,2.9337937023637957,0.5059993871663236,0.1203855276182159,2.9,543.0,0.1744825472987323,0.04151225090283307,1.4131170245763875,24.626507308645664
1997-01-01,7.419354838709677,31,497.0,364.76,90.8,5074.34,16.032258064516128,8244.64,3.195299616284357,0.6160868082136987,0.169728468390923,3.2,497.0,0.1925271275667808,0.053040146372163435,1.202541155449068,18.291370013493264
1997-02-01,11.0,28,545.0,230.97000000000003,71.1,4559.09,19.464285714285715,5055.209999999999,2.8922833112082187,0.5427748997851086,0.12336586635923762,2.9,545.0,0.18716375854658918,0.04253995391697849,1.31885436877104,26.293466833856545
1997-03-01,12.096774193548388,31,627.0,198.56,70.4,3660.97,20.225806451612904,4956.160000000001,2.4163748930173203,0.4545526439692526,0.1084587061160779,2.4,627.0,0.1893969349871886,0.045191127548365795,1.1217420548175547,21.770111085182428
1997-04-01,23.0,30,663.0,319.72,86.0,7188.93,22.1,7396.0,3.292875897176835,0.5960238623112706,0.1263738799458241,3.3,663.0,0.18061329160947595,0.038295115135098215,1.3398678401646062,30.615789419862562
1997-05-01,25.387096774193548,31,716.0,253.27,78.1,5809.85,23.096774193548388,6099.609999999999,2.8485637859205646,0.513369639827653,0.10777581048501153,2.8,716.0,0.18334629993844753,0.03849136088750412,1.2453894231262637,29.35386707092073
1997-06-01,20.766666666666666,30,656.0,176.31,68.3,3949.55,21.866666666666667,4664.889999999999,2.453702404083445,0.44260591952661454,0.0943227246054607,2.5,656.0,0.1770423678106458,0.03772908984218428,1.2139006099924698,27.381195425606094
1997-07-01,12.870967741935484,31,700.0,554.88,117.0,12599.48,22.580645161290324,13689.0,4.242553139662148,0.7598674510624752,0.16014137156598018,4.2,700.0,0.18092082168154172,0.03812889799190004,1.2484399411608846,28.961944985430893
1997-08-01,35.70967741935484,31,723.0,436.83000000000004,104.5,10212.880000000001,23.322580645161292,10920.25,3.758417017650057,0.6742089826910579,0.13997305042104302,3.8,723.0,0.1774234164976468,0.03683501326869553,1.2820253314281027,30.668413556612677
1997-09-01,59.733333333333334,30,661.0,668.1800000000001,130.2,15069.75,22.033333333333335,16952.039999999997,4.774768214032039,0.8616392645546177,0.18214450344951869,4.8,661.0,0.17950818011554537,0.03794677155198306,1.2323748791748397,28.154436215741537
1997-10-01,32.806451612903224,31,623.0,398.13,104.9,8114.820000000001,20.096774193548388,11004.010000000002,3.609070968882015,0.6436514591240092,0.14336054444984475,3.6,623.0,0.17879207197889144,0.039822373458290206,1.1367684718288344,23.529906639370804
1997-11-01,50.43333333333333,30,465.0,663.86,132.8,10254.22,15.5,17635.840000000004,4.695964865872122,0.8588493594468254,0.2256569550203997,4.7,465.0,0.182733906265282,0.04801211808944674,1.1322862742001816,17.265887174734097
1997-12-01,55.516129032258064,31,418.0,676.22,136.6,8754.130000000001,13.483870967741936,18659.559999999998,4.5763407583835045,0.8388461427441091,0.23875772881427446,4.6,418.0,0.1823578571182846,0.05190385409005967,1.0931528848367433,14.529869080844522
1998-01-01,44.516129032258064,31,521.0,676.22,132.4,11117.12,16.806451612903224,17529.760000000002,4.619311878027671,0.8388461427441091,0.21271375590386,4.6,521.0,0.1823578571182846,0.04624212084866522,1.16643387679977,19.291311222050208
1998-02-01,50.214285714285715,28,559.0,609.67,122.5,11965.78,19.964285714285715,15006.25,4.626628224730704,0.8818391611413324,0.20097226104662247,4.6,559.0,0.19170416546550706,0.043689621966657065,1.1099698678436127,22.487586386838313
1998-03-01,82.0,31,571.0,1085.49,175.1,19837.67,18.419354838709676,30660.01,5.894232688335113,1.0627992019193542,0.25283618089293464,5.9,571.0,0.1801354579524329,0.042853589981853325,1.0944191148326332,20.20619467256415
1998-04-01,70.56666666666666,30,537.0,1539.8400000000001,195.0,27876.75,17.9,38025.0,7.204999040470745,1.308026503299277,0.3108859143940439,7.2,537.0,0.18167034768045515,0.043178599221394984,1.2365619336738554,22.584421948713594
1998-05-01,74.0,31,620.0,727.12,145.4,14399.11,20.0,21141.16,4.819167040863175,0.8698439584009889,0.1979663558395777,4.8,620.0,0.18121749133353937,0.04124299079991202,1.0489996100722836,21.17973269755708
1998-06-01,90.53333333333333,30,521.0,1093.64,169.8,18704.86,17.366666666666667,28832.040000000005,5.9918146341792555,1.1023409434270124,0.26911328439523785,6.0,521.0,0.18372349057116874,0.044852214065872975,1.1286289043347848,19.738238246584157
1998-07-01,96.6774193548387,31,597.0,1236.8600000000001,189.0,23981.010000000002,19.258064516129032,35721.0,6.337917321952022,1.1344845309145892,0.26053375267527107,6.3,597.0,0.18007690966898243,0.04135456391670969,1.0702087974355747,20.980181832145046
1998-08-01,121.06451612903226,31,586.0,1696.93,222.7,32404.39,18.903225806451612,49595.28999999999,7.436235193742549,1.328832587569119,0.30615419435752955,7.4,586.0,0.17957197129312416,0.04137218842669318,1.0632395347147587,20.615005890328092
1998-09-01,132.03333333333333,30,502.0,2124.91,243.3,37077.15,16.733333333333334,59194.89000000001,8.594118020008375,1.536558202968931,0.37452695223319515,8.6,502.0,0.17866955848475943,0.043549645608511066,1.1291241034253032,19.320609886210125
1998-10-01,78.48387096774194,31,432.0,1310.05,188.3,18679.87,13.935483870967742,35456.89000000001,6.57574633139196,1.1675681567361924,0.3198232382321746,6.6,432.0,0.17690426617215038,0.04845806639881434,1.1875508831856767,16.585624817176466
1998-11-01,97.33333333333333,30,472.0,1493.04,196.2,21715.89,15.733333333333333,38494.439999999995,6.782937529229038,1.2879958592065945,0.3469818771449779,6.8,472.0,0.18941115576567566,0.05102674663896734,1.0843632943618349,16.38976312286945
1998-12-01,119.19354838709677,31,435.0,2717.95,274.1,38788.22,14.03225806451613,75130.81000000001,9.44289795767594,1.681740711590158,0.46043829162752686,9.4,435.0,0.1789085863393785,0.04898279698165179,1.135102383747859,15.696837169692671
1999-01-01,86.0,31,475.0,1836.56,222.0,27225.96,15.32258064516129,49284.0,7.570852694797052,1.3824227326916476,0.3667724290874268,7.6,475.0,0.1818977279857431,0.04825953014308248,1.1311632408408125,16.924860023303555
1999-02-01,98.0,28,446.0,1581.8,187.4,25564.21,15.928571428571429,35118.76,7.570921773617935,1.420423190748562,0.36159019017416566,7.6,446.0,0.18689778825638975,0.0475776566018639,1.3031008177246832,20.82914145735893
1999-03-01,103.54838709677419,31,518.0,1458.74,199.6,24013.59,16.70967741935484,39840.159999999996,6.8086916403433815,1.2320469334412034,0.3115383257840091,6.8,518.0,0.18118337256488287,0.045814459674118985,1.119757945380864,18.367819892498982
1999-04-01,93.56666666666666,30,569.0,1780.27,208.1,31952.14,18.966666666666665,43305.61,7.49365754082688,1.406441530166746,0.33925151210037646,7.5,569.0,0.18752553735556612,0.045233534946716863,1.17626321662869,21.7026055019771
1999-05-01,149.61290322580646,31,630.0,2273.77,257.7,45225.79,20.322580645161292,66409.29,8.472719059072373,1.5381956265832895,0.34771336763679167,8.5,630.0,0.18096419136273995,0.040907455016093136,1.0471339438738472,21.50716832527729
1999-06-01,207.2,30,567.0,3466.4,308.6,62425.74,18.9,95233.96000000002,10.492774031604172,1.9625380392633298,0.474770244745726,10.5,567.0,0.1869083846917457,0.045216213785307234,1.043490749890266,19.280773732753563
1999-07-01,173.51612903225808,31,594.0,2628.34,276.6,51360.16,19.161290322580644,76507.56000000001,9.298651290639725,1.653785113886817,0.3764301706473851,9.3,594.0,0.1778263563319158,0.040476362435202695,1.0894612855955979,21.536381789984713
1999-08-01,142.32258064516128,31,649.0,5277.12,384.0,107940.37,20.93548387096774,147456.0,12.896432898674556,2.3433480144343437,0.5230025426805185,12.9,649.0,0.1816548848398716,0.040542832765931666,1.0876642860036596,23.02343991550764
1999-09-01,106.3,30,624.0,1258.46,187.8,26136.59,20.8,35268.840000000004,6.471905507455737,1.18249265912685,0.26188366209084596,6.5,624.0,0.18192194755797694,0.040289794167822454,1.0810387887462591,22.908439192793654
1999-10-01,168.74193548387098,31,531.0,3248.35,298.7,57544.26,17.129032258064516,89221.68999999999,10.410072262946786,1.8385257406583884,0.4421186034426397,10.4,531.0,0.17678132121715273,0.042511404177176894,1.171216681822528,20.584920983158337
1999-11-01,188.26666666666668,30,406.0,4774.16,356.6,61115.990000000005,13.533333333333333,127163.56000000001,12.269148098946872,2.303176550380414,0.6643292725399912,12.3,406.0,0.1872501260471881,0.05401050996260091,1.0735148632152787,13.956108942665715
1999-12-01,116.7741935483871,31,404.0,2669.66,272.6,34923.270000000004,13.03225806451613,74310.76000000001,9.297512442786102,1.6667339563245995,0.4688923404343873,9.3,404.0,0.17921870498113973,0.05041853122950401,1.1229200835833062,14.720276058227768
2000-01-01,133.09677419354838,31,450.0,3371.93,287.1,48591.39,14.516129032258064,82426.41000000002,10.391384251709042,1.8731716718931382,0.49991661961342737,10.4,450.0,0.18011266075895557,0.048068905732060324,1.2721585165065912,18.64839757299831
2000-02-01,165.6551724137931,29,490.0,3214.9900000000002,296.7,53331.51,16.896551724137932,88030.89,10.43263228176526,1.9552028216330295,0.48767295659628845,10.4,490.0,0.18800027131086822,0.04689163044195081,1.0345650992325732,17.600193466620333
2000-03-01,217.74193548387098,31,456.0,4623.3,368.0,64663.65,14.709677419354838,135424.0,11.90824294344048,2.193382346656969,0.6070822944215161,11.9,456.0,0.18431784425688816,0.05101531885895093,1.0050703857089454,14.168820596593275
2000-04-01,191.5,30,529.0,3240.61,293.7,55559.6,17.633333333333333,86259.68999999999,10.248297382680517,1.8975451978221174,0.4683574788294002,10.2,529.0,0.186033842923737,0.04591739988523532,1.0888507798448261,19.10830660323628
2000-05-01,165.90322580645162,31,551.0,3206.19,303.5,56622.8,17.774193548387096,92112.25,10.137243331367095,1.8265557564228747,0.4384064779063938,10.1,551.0,0.18084710459632425,0.04340658197093008,1.0665799384203956,19.249002820341047
2000-06-01,188.03333333333333,30,532.0,2335.69,258.5,41590.590000000004,17.733333333333334,66822.25,8.841821121911464,1.6109658938385725,0.387272820336971,8.8,532.0,0.18306430611801958,0.04400827503829216,1.0445635493659455,18.80680304444199
2000-07-01,244.32258064516128,31,507.0,4468.46,350.59999999999997,73381.34999999999,16.35483870967742,122920.35999999997,12.030643812055295,2.156340021722455,0.5418795218669992,12.0,507.0,0.1796950018102046,0.04515662682224993,1.1305478426264166,18.60292341175767
2000-08-01,180.4516129032258,31,626.0,2690.09,277.1,54739.07,20.193548387096776,76784.41000000002,9.351075009530499,1.6730992756750294,0.3724078332381849,9.4,626.0,0.17798928464627972,0.0396178545998069,1.1097189366202427,23.02983029201413
2000-09-01,156.03333333333333,30,558.0,3694.6000000000004,304.8,69826.01,18.6,92903.04000000001,11.1864301114338,2.026107378968625,0.46956284412218424,11.2,558.0,0.1809024445507701,0.04192525393948074,1.2241151173588505,23.422371248300305
2000-10-01,141.58064516129033,31,483.0,1926.45,234.3,30585.87,15.580645161290322,54896.490000000005,7.957687013743104,1.4158497777420296,0.36329423329513605,8.0,483.0,0.1769812222177537,0.045411779161892006,1.124740513694156,17.571063405813973
2000-11-01,158.1,30,380.0,2345.75,255.3,29961.730000000003,12.666666666666666,65178.090000000004,8.879564059948937,1.6144314444685748,0.46328352494037955,8.9,380.0,0.181396791513323,0.052054328644986464,1.0972573996130017,13.97256547904256
2000-12-01,143.29032258064515,31,391.0,2255.19,251.1,29444.38,12.612903225806452,63051.21,8.677863774748635,1.5318980901433383,0.43634230349835473,8.7,391.0,0.17608024024636074,0.05015428775843158,1.1593341143055085,14.719804226589712
2001-01-01,142.61290322580646,31,437.0,2731.57,274.7,36931.240000000005,14.096774193548388,75460.09,9.192978118211867,1.6859491563366737,0.4719109576560979,9.2,437.0,0.18325534308007324,0.05129466931044543,1.0808341761938782,14.807198625986434
2001-02-01,121.46428571428571,28,453.0,1880.83,223.5,29505.42,16.178571428571427,49952.25,8.070525229713597,1.5488763208025542,0.40215345472369896,8.1,453.0,0.1912192988645129,0.049648574657246786,1.0309121303260855,16.288930463807347
2001-03-01,165.80645161290323,31,485.0,4501.96,331.2,68173.67,15.64516129032258,109693.43999999999,11.855980264880552,2.1644079584528293,0.5668645386214525,11.9,485.0,0.18188302171872514,0.04763567551440777,1.2509116707931103,19.29265319550805
2001-04-01,161.7,30,578.0,2736.3,277.2,51604.16,19.266666666666666,76839.84,9.448838745222504,1.743655164685189,0.4055122297093891,9.4,578.0,0.1854952302856584,0.04313959890525416,1.0362217513495309,20.098020467013377
2001-05-01,142.09677419354838,31,578.0,2189.92,251.4,40299.4,18.64516129032258,63201.96000000001,8.349978762171776,1.5095671313450956,0.3543815932941506,8.3,578.0,0.181875557993385,0.04269657750531934,1.0491924216925053,19.85052988666023
2001-06-01,202.93333333333334,30,586.0,3537.79,317.1,68212.93000000001,19.533333333333335,100552.41000000002,10.789083251423328,1.982644137957636,0.4558152305300659,10.8,586.0,0.18357816092200333,0.04220511393796906,1.045597148141177,20.740443969694603
2001-07-01,122.96774193548387,31,645.0,2219.6,256.6,45536.07,20.806451612903224,65843.56000000001,8.40229481389072,1.5197622904108519,0.33746478526025886,8.4,645.0,0.18092408219176806,0.040174379197649865,1.0308783043369194,21.81873979952877
2001-08-01,161.51612903225808,31,654.0,2696.51,280.9,56518.59,21.096774193548388,78904.80999999998,9.296228395716248,1.6750945428146216,0.3686324593902139,9.3,654.0,0.18011769277576575,0.03963789885916278,1.0552706201293038,22.687863962114346
2001-09-01,238.16666666666666,30,518.0,4451.68,354.2,76202.11,17.266666666666666,125457.63999999998,12.128821890988442,2.2240303754920054,0.5458468190994206,12.1,518.0,0.1838041632638021,0.045111307363588475,1.0521574309232373,18.317727865994733
2001-10-01,194.06451612903226,31,628.0,3993.44,348.0,79702.46,20.258064516129032,121104.0,11.265644465494637,2.0385055022300698,0.4655727295581371,11.3,628.0,0.18039871701151058,0.041201126509569655,1.0137143055246256,20.45583840867617
2001-11-01,176.56666666666666,30,509.0,5187.12,382.6,89723.96,16.966666666666665,146382.76,13.276858458628377,2.400722113587215,0.5883843508896828,13.3,509.0,0.1805054220742267,0.04423942487892352,1.090783539775024,18.710742593277942
2001-12-01,213.41935483870967,31,487.0,4988.56,384.4,76375.4,15.709677419354838,147763.36,12.523112103452831,2.2783786702926574,0.6074915828170419,12.5,487.0,0.1822702936234126,0.04859932662536335,1.016759890400827,15.33251586087268
2002-01-01,184.6451612903226,31,500.0,4115.85,341.1,67917.40000000001,16.129032258064516,116349.21000000002,11.65481874590935,2.0695126030425435,0.5288475442343429,11.7,500.0,0.17688141906346527,0.04520064480635409,1.1354506360675645,18.104422623509212
2002-02-01,170.17857142857142,28,475.0,3511.62,305.4,60972.6,16.964285714285715,93269.15999999999,11.32975588532483,2.116390120667062,0.5171021057229153,11.3,475.0,0.18729116112097893,0.04576124829406329,1.076203068845247,18.62025601832197
2002-03-01,147.09677419354838,31,580.0,2590.98,274.0,47918.22,18.70967741935484,75076.0,9.089423562011794,1.641989352053802,0.38615679013344617,9.1,580.0,0.18043839033558265,0.042434812102576505,1.0621426330571473,20.04792170942012
2002-04-01,186.93333333333334,30,603.0,2804.15,283.3,58415.19,20.1,80258.89,9.842473195643723,1.7651408505335269,0.3951381389675747,9.8,603.0,0.18011641331974762,0.040320218261997415,1.0797512198736967,22.052341801683173
2002-05-01,187.48387096774192,31,595.0,3090.16,299.2,56450.65,19.193548387096776,89520.64,9.740382026224985,1.7932002446982458,0.42872471984444926,9.7,595.0,0.1848660046080666,0.04419842472623189,1.0104112576952018,19.00239247380534
2002-06-01,128.76666666666668,30,569.0,1788.57,223.29999999999998,33620.07,18.966666666666665,49862.88999999999,7.68675737979398,1.4097162835123953,0.32834093089067545,7.7,569.0,0.1830800368197916,0.042641679336451355,1.0727646277680063,20.62088343788387
2002-07-01,161.0,31,628.0,3841.75,310.7,76022.42,20.258064516129032,96534.48999999999,11.0024910323616,1.9994145865392112,0.45205569263247225,11.0,628.0,0.18176496241265558,0.04109597205749748,1.2130318944072644,24.868506732764057
2002-08-01,175.61290322580646,31,663.0,2961.52,292.0,63890.33,21.387096774193548,85264.0,9.816593364249876,1.7554790103191709,0.37951671972170703,9.8,663.0,0.17913051125705823,0.0387261958899701,1.085421970273557,23.891290162729753
2002-09-01,187.86666666666667,30,554.0,3009.75,292.7,56839.29,18.466666666666665,85673.29,10.129066906181029,1.8287062822297808,0.42895371665855275,10.1,554.0,0.18106002794354267,0.042470665015698295,1.0742251057721457,20.116734753407897
2002-10-01,151.19354838709677,31,543.0,2012.48,244.6,35171.04,17.516129032258064,59829.159999999996,8.048087518608524,1.4471184903379695,0.3510640376694521,8.0,543.0,0.18088981129224618,0.04388300470868151,1.028968110932693,18.18016235170417
2002-11-01,147.16666666666666,30,470.0,2032.87,236.7,31731.54,15.666666666666666,56026.88999999999,8.216685152396739,1.5029119882562798,0.38654084271208816,8.2,470.0,0.1832819497873512,0.04713912716001076,1.0831408737486115,17.08240284112357
2002-12-01,135.32258064516128,31,408.0,2858.2200000000003,274.8,40864.46,13.161290322580646,75515.04000000001,10.00789639215347,1.7245910703820844,0.47402165735632,10.0,408.0,0.17245910703820844,0.047402165735632,1.2833176568971776,17.01627681629606
2003-01-01,133.4516129032258,31,482.0,1698.27,218.5,26304.74,15.548387096774194,47742.25,7.3874318526530836,1.329357147887248,0.3484403191508166,7.4,482.0,0.17964285782260106,0.04708652961497521,1.1060314507998659,16.97720682869886
2003-02-01,75.67857142857143,28,538.0,949.75,154.3,17614.8,19.214285714285715,23808.490000000005,5.721998247161602,1.1006433647310698,0.25859759760454454,5.7,538.0,0.19309532714580172,0.045367999579744654,1.0727804769641718,20.541308249177366
2003-03-01,100.70967741935483,31,633.0,1788.65,217.1,36073.53,20.419354838709676,47132.409999999996,7.549052857950638,1.3642720745673602,0.3081891390422836,7.5,633.0,0.18190294327564802,0.041091885205637814,1.1526966444776525,23.576843469385707
2003-04-01,97.86666666666666,30,619.0,1308.07,185.9,25750.95,20.633333333333333,34558.810000000005,6.449875078626478,1.2055750126438052,0.2740807293587751,6.4,619.0,0.18837109572559455,0.042825113962308606,1.0693274796290249,21.96433939778469
2003-05-01,86.83870967741936,31,606.0,1315.6100000000001,189.1,26147.71,19.548387096774192,35758.81,6.568716488297418,1.1700431789394468,0.26443420470736756,6.6,606.0,0.17727926953627982,0.04006578859202539,1.177171401031263,23.55430519265575
2003-06-01,118.7,30,672.0,1847.53,221.9,41885.95,22.4,49239.61,7.8949529915063605,1.4327634526016886,0.30339899442322665,7.9,672.0,0.18136246235464412,0.03840493600294008,1.1462140931564937,26.36867692607164
2003-07-01,128.32258064516128,31,677.0,1979.74,235.0,42756.74,21.838709677419356,55225.0,7.947086829110647,1.4352990094813365,0.3102207002251798,7.9,677.0,0.18168341892168816,0.039268443066478455,1.0892287876892703,24.299355701373877
2003-08-01,115.38709677419355,31,721.0,1671.31,220.9,37967.76,23.258064516129032,48796.810000000005,7.256711466204565,1.3187631767444634,0.2784952735740795,7.3,721.0,0.180652489964995,0.0381500374759013,1.0512435942324219,24.69614573482386
2003-09-01,78.46666666666667,30,685.0,1039.65,168.5,23344.78,22.833333333333332,28392.25,5.837805307041312,1.0747868005640313,0.2279035178494592,5.8,685.0,0.18530806906276404,0.03929370997404469,1.0688691385828037,24.89308065486821
2003-10-01,97.83870967741936,31,570.0,2591.38,246.6,44632.7,18.387096774193548,60811.56,8.848897245201819,1.6421160937487322,0.4000743068566209,8.8,570.0,0.18660410156235593,0.045462989415525096,1.2337381986795646,22.129782090213762
2003-11-01,82.9,30,443.0,1349.59,179.7,17813.42,14.766666666666667,32292.089999999997,6.341204961296695,1.2245588774919907,0.3454234649504133,6.3,443.0,0.19437442499872867,0.05482912142070053,1.1108155449624306,15.318850713103085
2003-12-01,72.2258064516129,31,441.0,938.69,156.9,12608.85,14.225806451612904,24617.61,5.347101700794502,0.9883241367970583,0.2792549939841687,5.3,441.0,0.18647625222586006,0.052689621506446925,1.1003795781226509,15.021321699184792
2004-01-01,60.61290322580645,31,491.0,846.58,154.0,13123.300000000001,15.838709677419354,23716.0,5.169883806657369,0.938582188438335,0.2434652220099732,5.2,491.0,0.1804965746996798,0.04682023500191792,1.0992346985625348,17.31200301001068
2004-02-01,74.62068965517241,29,479.0,1103.59,165.1,17295.41,16.517241379310345,27258.01,6.008937324201304,1.145528451854049,0.2944881994523628,6.0,479.0,0.1909214086423415,0.0490813665753938,1.115391203475359,18.338477901003895
2004-03-01,74.7741935483871,31,594.0,814.8000000000001,148.0,15555.710000000001,19.161290322580644,21904.0,5.117427476092258,0.9207968317772549,0.21409157458679737,5.1,594.0,0.18054839838769704,0.04197874011505831,1.146596836295355,22.07085180830997
2004-04-01,59.233333333333334,30,601.0,768.02,143.4,15673.99,20.033333333333335,20563.56,5.10684347220316,0.9237724587557021,0.2055921785514393,5.1,601.0,0.18113185465798082,0.040312191872831235,1.1437414690379752,23.68178811610073
2004-05-01,72.80645161290323,31,614.0,974.5,165.0,19904.32,19.806451612903224,27225.0,5.693633223468791,1.006999437341159,0.22611260399903946,5.7,614.0,0.1766665679545893,0.03966887789456833,1.1522976705205616,23.37933791792077
2004-06-01,66.5,30,646.0,1396.95,187.1,29658.32,21.533333333333335,35006.409999999996,6.775744392633433,1.245859810198028,0.2723165091117736,6.8,646.0,0.18321467797029825,0.04004654545761376,1.1966586193292006,26.173048307836364
2004-07-01,83.83870967741936,31,709.0,2353.14,235.0,54768.19,22.870967741935484,55225.0,8.78903262590911,1.564812077096963,0.32590070992188347,8.8,709.0,0.17781955421556395,0.03703417158203221,1.3630445382477563,32.06707118438692
2004-08-01,69.74193548387096,31,686.0,927.8,160.0,20604.19,22.129032258064516,25600.0,5.480443630826847,0.982574502766051,0.2094408768517528,5.5,686.0,0.17864990959382746,0.038080159427591416,1.1406542586392783,25.929369463001485
2004-09-01,48.766666666666666,30,604.0,804.03,147.3,16727.83,20.133333333333333,21697.290000000005,5.262611783274248,0.9451807587264283,0.21004024560615256,5.3,604.0,0.17833599221253363,0.039630235020028784,1.17152469265208,24.299880792225554
2004-10-01,74.16129032258064,31,539.0,957.83,154.9,16388.260000000002,17.387096774193548,23994.010000000002,5.514067016725048,0.9983493139966313,0.24482557282922968,5.5,539.0,0.1815180570902966,0.044513740514405396,1.2203594519577463,21.181108726839387
2004-11-01,70.1,30,477.0,857.52,149.6,13849.689999999999,15.9,22380.16,5.388412522981115,0.9761147473529943,0.24908996886428045,5.4,477.0,0.18076199025055448,0.04612777201190378,1.179524444956567,18.744922438519794
2004-12-01,28.93548387096774,31,442.0,364.95000000000005,101.3,4973.75,14.258064516129032,10261.689999999999,3.3545235212021756,0.6162472441909537,0.17216808860709715,3.4,442.0,0.18124918946792756,0.05063767311973446,1.0856312280609575,14.863627371479717
2005-01-01,48.064516129032256,31,536.0,647.63,123.5,11356.76,17.29032258064516,15252.25,4.603040850853581,0.8209217935047093,0.19858338583543572,4.6,536.0,0.1784612594575455,0.043170301268572984,1.3480070005244913,23.719770557091366
2005-02-01,43.535714285714285,28,500.0,502.15000000000003,108.7,9068.02,17.857142857142858,11815.69,4.258642976348217,0.800310845221775,0.19300611813802118,4.3,500.0,0.18611880121436628,0.044885143753028184,1.2369258428396415,22.16769598815939
2005-03-01,39.645161290322584,31,607.0,464.99,112.9,8882.59,19.580645161290324,12746.410000000002,3.82538774940246,0.6956008639404297,0.1623420535014459,3.8,607.0,0.18305285893169204,0.04272159302669629,1.0920439167457834,21.36836207705496
2005-04-01,38.733333333333334,30,598.0,424.90999999999997,105.1,8521.93,19.933333333333334,11046.009999999998,3.775012458727143,0.6871115063963216,0.15527681752170794,3.8,598.0,0.18081881747271622,0.04086232040044946,1.1835958610690043,23.83908453085353
2005-05-01,61.935483870967744,31,641.0,1035.17,170.7,20938.91,20.677419354838708,29138.489999999994,5.715418290925836,1.037872834605307,0.23333770142438023,5.7,641.0,0.18208295343952755,0.0409364388463825,1.0741691728948755,22.31558498506856
2005-06-01,56.766666666666666,30,675.0,833.6400000000001,146.8,18673.33,22.5,21550.24,5.259676091984429,0.9624274864459487,0.2045400391025015,5.3,675.0,0.18159009178225446,0.03859246020801915,1.1800855352712316,27.047290746011125
2005-07-01,62.38709677419355,31,678.0,1166.89,167.7,25212.84,21.870967741935484,28123.289999999997,6.098120993061527,1.1019281181290426,0.24058471932799258,6.1,678.0,0.18064395379164633,0.03944011792262174,1.2832544405039246,28.133892802758112
2005-08-01,60.483870967741936,31,706.0,879.46,155.6,19754.9,22.774193548387096,24211.359999999997,5.289749026107647,0.9566351888234707,0.20356439648081384,5.3,706.0,0.1804972054383907,0.03840837669449318,1.1192843274658302,25.840765055252174
2005-09-01,37.2,30,691.0,589.52,115.4,14144.85,23.033333333333335,13317.160000000002,4.524391204818636,0.8093344316302268,0.1660422732201429,4.5,691.0,0.17985209591782816,0.03689828293780953,1.3856048725451064,33.334145380906605
2005-10-01,13.161290322580646,31,534.0,352.23,85.5,6326.23,17.225806451612904,7310.25,3.4419286249392256,0.6054126309337035,0.144491040791515,3.4,534.0,0.1780625385099128,0.042497364938680886,1.5459757229786633,27.203494954629768
2005-11-01,27.5,30,499.0,497.36,109.2,8313.4,16.633333333333333,11924.640000000001,4.081681055702535,0.7433856483832751,0.18469897489550713,4.1,499.0,0.18131357277640858,0.04504853046231882,1.2804131866900956,21.510591489221483
2005-12-01,59.25806451612903,31,419.0,459.49,113.9,6218.71,13.516129032258064,12973.210000000001,3.8525043771725493,0.6914747695468542,0.19226654061122248,3.9,419.0,0.17730122296073184,0.049299112977236534,1.1313438370045037,15.289368319651354
2006-01-01,20.903225806451612,31,511.0,329.15,88.7,5782.96,16.483870967741936,7867.6900000000005,3.364067056767242,0.5852416632216537,0.14380556224003216,3.4,511.0,0.1721299009475452,0.04229575360000946,1.429986442998246,23.653945353989414
2006-02-01,5.714285714285714,28,434.0,359.97,83.3,5981.650000000001,15.5,6938.889999999999,3.7124929207523003,0.6776026919687269,0.16757386640198674,3.7,434.0,0.1831358626942505,0.04529023416269912,1.576701039076323,25.53587293788746
2006-03-01,17.29032258064516,31,502.0,539.4,108.0,9011.82,16.193548387096776,11664.0,4.236960310095282,0.7491931143441224,0.18898030720136327,4.2,502.0,0.17837931293907675,0.04499531123841982,1.4753465293134134,23.99162498679095
2006-04-01,50.266666666666666,30,550.0,748.16,133.2,14399.75,18.333333333333332,17742.239999999998,5.11677277552596,0.9117504531882005,0.21032343075011944,5.1,550.0,0.17877459866435305,0.04123988838237636,1.3334549443100188,25.06305540332218
2006-05-01,37.225806451612904,31,566.0,483.85,114.9,8610.5,18.258064516129032,13202.010000000002,3.9003714600665624,0.7095674401585762,0.17236849276171712,3.9,566.0,0.18194036927142979,0.04419704942608131,1.1112425067777099,20.08205275470683
2006-06-01,24.5,30,566.0,320.59000000000003,91.1,6154.6900000000005,18.866666666666667,8299.21,3.2975764738223607,0.5968342409003619,0.13727873934528462,3.3,566.0,0.18085886087889755,0.04159961798341958,1.1882267860858142,23.041838536321393
2006-07-01,22.161290322580644,31,628.0,176.52,69.6,3626.53,20.258064516129032,4844.159999999999,2.4030666448026485,0.42858332078044836,0.0950842216175341,2.4,628.0,0.17857638365852016,0.03961842567397254,1.1480833997480528,23.884651094028193
2006-08-01,20.774193548387096,31,650.0,189.3,71.8,3928.52,20.967741935483872,5155.24,2.4584297677739184,0.44382689203523085,0.09797604073310902,2.5,650.0,0.17753075681409233,0.03919041629324361,1.1713693681357407,24.99017130849533
2006-09-01,23.7,30,567.0,276.64,74.6,4995.85,18.9,5565.159999999999,2.968336727477123,0.5544166103011144,0.13207766802899737,3.0,567.0,0.18480553676703815,0.04402588934299912,1.479309901446908,28.101881659983288
2006-10-01,14.870967741935484,31,537.0,179.27,68.9,3033.44,17.322580645161292,4747.210000000001,2.3767339059285364,0.4319088623177293,0.10716509060827392,2.4,537.0,0.17996202596572056,0.0446521210867808,1.1725394816919659,20.226023746570593
2006-11-01,35.7,30,444.0,375.22,95.6,5586.72,14.8,9139.359999999999,3.547210552349931,0.6456865424578022,0.17238973345645003,3.5,444.0,0.18448186927365778,0.049254209558985726,1.2151540253806992,17.806486196781236
2006-12-01,22.322580645161292,31,415.0,399.98,97.4,5011.48,13.387096774193548,9486.76,3.475033154041375,0.6451451610887047,0.18733543596534932,3.5,415.0,0.18432718888248706,0.053524410275814095,1.2515181395389785,15.982153043303082
2007-01-01,29.258064516129032,31,474.0,247.07999999999998,83.8,3658.82,15.290322580645162,7022.44,2.778314153558769,0.5070573735000918,0.13552945697162191,2.8,474.0,0.18109191910717568,0.04840337748986497,1.0755384215746469,16.002887150752652
2007-02-01,18.428571428571427,28,423.0,200.5,67.8,3053.02,15.107142857142858,4596.839999999999,2.686548226099504,0.5057072235180821,0.1319626690507613,2.7,423.0,0.1872989716733637,0.048875062611393065,1.2544207226920578,19.1171363443703
2007-03-01,7.193548387096774,31,611.0,257.52,82.0,4727.89,19.70967741935484,6724.0,2.781717845771941,0.5176590226043228,0.12324895908080016,2.8,611.0,0.18487822235868673,0.04401748538600006,1.1252984622236517,21.644052795878856
2007-04-01,5.433333333333334,30,650.0,183.63,67.7,3877.17,21.666666666666668,4583.29,2.442309751664789,0.4517004907384243,0.09888510781120176,2.4,650.0,0.1882085378076768,0.0412021282546674,1.1365355504743548,25.05836771431447
2007-05-01,19.548387096774192,31,615.0,312.34999999999997,80.1,6627.84,19.838709677419356,6416.009999999999,3.282830426591678,0.5701105283786277,0.12473244541975036,3.3,615.0,0.17276076617534175,0.03779771073325769,1.6634183424371607,34.39344444479329
2007-06-01,21.333333333333332,30,607.0,347.2,90.4,7005.39,20.233333333333334,8172.160000000001,3.397205460719056,0.6211101172721128,0.13952895018541991,3.4,607.0,0.18267944625650379,0.0410379265251235,1.28522062732589,26.422252307775707
2007-07-01,15.096774193548388,31,703.0,116.28999999999999,57.7,2660.01,22.677419354838708,3329.2900000000004,1.9451987066967866,0.3478640039505912,0.07316898607626444,1.9,703.0,0.18308631786873222,0.03850999267171813,1.0435480859010269,24.34868397046535
2007-08-01,9.774193548387096,31,669.0,151.46,57.8,3345.93,21.580645161290324,3340.8399999999997,2.2363787994275808,0.3969970525450391,0.08503209757045252,2.2,669.0,0.18045320570229048,0.03865095344111478,1.410863553417906,31.26866390865321
2007-09-01,4.033333333333333,30,637.0,133.4,62.2,2814.15,21.233333333333334,3868.84,2.1018605796744287,0.3849963924794909,0.0847905862899084,2.1,637.0,0.18333161546642424,0.04037646966186114,1.0268134409868717,22.088812436352004
2007-10-01,1.5161290322580645,31,547.0,184.69,67.5,3273.1,17.64516129032258,4556.25,2.446166272613617,0.4383893517471497,0.10787650192697114,2.4,547.0,0.18266222989464573,0.044948542469571307,1.2239726779456304,20.902627585172887
2007-11-01,2.8333333333333335,30,437.0,173.14,69.0,2631.36,14.566666666666666,4761.0,2.453857934824683,0.4386089121048246,0.11471726281526441,2.5,437.0,0.17544356484192986,0.04588690512610576,1.1883230961711997,17.5764467903734
2007-12-01,17.29032258064516,31,468.0,316.36,88.4,4534.219999999999,15.096774193548388,7814.560000000001,3.11263622569427,0.5737584433372013,0.15323241725546682,3.1,468.0,0.18508336881845203,0.049429812017892524,1.189465471713211,17.88300868680995
2008-01-01,4.129032258064516,31,480.0,237.95,72.5,3818.19,15.483870967741936,5256.25,2.820383395923327,0.49760090406815827,0.12695322425487793,2.8,480.0,0.17771460859577082,0.04534043723388498,1.4539365920730125,22.370417591303653
2008-02-01,2.8620689655172415,29,490.0,163.73,65.3,2753.27,16.896551724137932,4264.089999999999,2.3704257776498587,0.441231117363503,0.11135665159036592,2.4,490.0,0.1838462989014596,0.04639860482931914,1.141468066218576,19.02129442516803
2008-03-01,15.548387096774194,31,548.0,222.49,78.3,3912.54,17.677419354838708,6130.889999999999,2.6720163795992558,0.4811644737305915,0.11624333847322889,2.7,548.0,0.17820906434466352,0.0430530883234181,1.1480603885992826,20.432799769052433
2008-04-01,3.6,30,562.0,155.60999999999999,63.3,2885.35,18.733333333333334,4006.8899999999994,2.2658496713365794,0.4158124577258358,0.09843143170420453,2.3,562.0,0.1807880250981895,0.04279627465400197,1.1958076275939429,22.53793840106322
2008-05-01,4.580645161290323,31,637.0,315.63,83.7,6575.08,20.548387096774192,7005.6900000000005,3.2127786454724467,0.5730960878513393,0.1261248800874074,3.2,637.0,0.1790925274535435,0.039414025027314815,1.4237555418038106,30.03297640379096
2008-06-01,5.166666666666667,30,637.0,181.67000000000002,60.7,3463.26,21.233333333333334,3684.4900000000002,2.3317008567567825,0.44928338001261026,0.1048464148595049,2.3,637.0,0.19534060000548273,0.04558539776500213,1.3073266682273137,27.0600784353659
2008-07-01,0.6129032258064516,31,664.0,125.49000000000001,61.7,2694.55,21.419354838709676,3806.8900000000003,2.0144620197252823,0.36136232001516566,0.07862536125322646,2.0,664.0,0.18068116000758283,0.03931268062661323,1.0100804041940565,22.097741107704298
2008-08-01,0.3225806451612903,31,525.0,129.85,63.1,2192.43,16.93548387096774,3981.61,2.0435403452971372,0.3675862715248321,0.09116581413078116,2.0,525.0,0.18379313576241604,0.04558290706539058,0.964273474982865,16.386753679634893
2008-09-01,1.1666666666666667,30,605.0,175.59,66.3,3523.94,20.166666666666668,4395.69,2.4134403275979364,0.4417012565071555,0.10003344828343662,2.4,605.0,0.18404219021131482,0.04168060345143192,1.18679889102154,24.174363577955834
2008-10-01,4.161290322580645,31,571.0,235.93,72.1,4675.99,18.419354838709676,5198.409999999999,2.8616646105470576,0.49548429099444563,0.11383329330690659,2.9,571.0,0.17085665206705022,0.03925285976100227,1.5810804275281718,29.369300219682213
2008-11-01,6.633333333333334,30,445.0,155.56,60.6,2507.46,14.833333333333334,3672.36,2.3737610606448385,0.41574564873783637,0.10613169789120794,2.4,445.0,0.17322735364076516,0.04422154078800331,1.4298339399454048,21.80337492513872
2008-12-01,1.032258064516129,31,480.0,124.38,62.0,1923.63,15.483870967741936,3844.0,2.001889732228027,0.35976058636337627,0.09436137624885108,2.0,480.0,0.17988029318168813,0.04718068812442554,1.0,15.248226914559062
2009-01-01,1.3225806451612903,31,317.0,110.62,57.2,1205.81,10.225806451612904,3271.84,1.9503376719687069,0.33927755774036145,0.10708130084765477,2.0,317.0,0.16963877887018072,0.053540650423827385,1.1809934139351264,12.018132928305835
2009-02-01,1.1785714285714286,28,385.0,145.78,61.0,1895.47,13.75,3721.0,2.2188507613849793,0.4312121027418182,0.12243824364818301,2.2,385.0,0.196005501246281,0.05565374711281045,1.0205749576249854,13.708650646200605
2009-03-01,0.6451612903225806,31,523.0,125.39,62.1,2110.73,16.870967741935484,3856.4100000000003,2.0089332043407686,0.36121831079571576,0.09016622820399695,2.0,523.0,0.18060915539785788,0.04508311410199847,0.9966738318207888,16.771004713944926
2009-04-01,1.2333333333333334,30,586.0,145.78,64.4,2833.01,19.533333333333335,4147.360000000001,2.1987469282769925,0.402464629225697,0.09204875716581438,2.2,586.0,0.18293846782986226,0.04184034416627926,1.0521394049350508,20.92909916724832
2009-05-01,2.935483870967742,31,610.0,172.52,69.8,3375.48,19.677419354838708,4872.04,2.352354941434605,0.423699577467207,0.09683466182824413,2.4,610.0,0.17654149061133625,0.04034777576176839,1.141146329837941,22.647839689015072
2009-06-01,6.3,30,623.0,236.3,73.6,4589.38,20.766666666666666,5416.959999999999,2.7141446275742287,0.512401752100396,0.11776598980904408,2.7,623.0,0.18977842670385034,0.04361703326260892,1.2208290063428215,25.267003626086044
2009-07-01,5.516129032258065,31,671.0,196.97,71.9,4414.26,21.64516129032258,5169.610000000001,2.5648838008907022,0.4527290355218876,0.09611013211704009,2.6,671.0,0.1741265521238029,0.0369654354296308,1.266809984233727,28.33037358818327
2009-08-01,0.0,31,691.0,124.0,62.0,2764.0,22.29032258064516,3844.0,2.0,0.35921060405354976,0.07644850800070278,2.0,691.0,0.17960530202677488,0.03822425400035139,1.0,22.8376301598754
2009-09-01,7.1,30,628.0,150.23,64.9,3178.74,20.933333333333334,4212.010000000001,2.2498195256707088,0.4085611609321452,0.08965657108319655,2.2,628.0,0.18570961860552052,0.04075298685599843,1.0354499751340547,22.189857686951594
2009-10-01,7.67741935483871,31,564.0,233.53,77.7,4181.29,18.193548387096776,6037.290000000001,2.7227990656258587,0.49295768994821887,0.11885129992374026,2.7,564.0,0.182576922203044,0.04401899997175565,1.1668573476504887,21.069137327540545
2009-11-01,6.866666666666666,30,452.0,280.73,81.7,4519.780000000001,15.066666666666666,6674.89,3.1622007011472695,0.5584999751318009,0.14234689207354995,3.2,452.0,0.1745312422286878,0.044483403772984355,1.3974110751060347,21.39130213013527
2009-12-01,16.322580645161292,31,415.0,376.79,87.3,5206.24,13.387096774193548,7621.289999999999,3.5419142601855884,0.6261638487270352,0.17102725173318725,3.5,415.0,0.1789039567791529,0.04886492906662493,1.5729808820484505,21.550481517553226
2010-01-01,19.451612903225808,31,413.0,183.56,66.2,2604.49,13.32258064516129,4382.4400000000005,2.5112290191140825,0.4370461820500631,0.13050352302455123,2.5,413.0,0.17481847282002524,0.05220140920982049,1.3867245551194602,16.90565331373765
2010-02-01,28.5,28,376.0,243.49,69.7,2825.94,13.428571428571429,4858.09,2.741495553952336,0.5572916467989061,0.16814303250802523,2.7,376.0,0.20640431362922446,0.06227519722519453,1.1857734148138517,14.802303779629424
2010-03-01,23.967741935483872,31,564.0,421.44,93.2,7458.39,18.193548387096776,8686.24,3.6364949807033766,0.6622259313732305,0.15906476843794634,3.6,564.0,0.18395164760367513,0.04418465789942954,1.4559481173168136,26.47920374559254
2010-04-01,10.366666666666667,30,592.0,326.71999999999997,84.0,6342.97,19.733333333333334,7056.0,3.273297473703139,0.6025132548104002,0.13866899715836917,3.3,592.0,0.18257977418496976,0.04202090822980884,1.4079188263826143,27.86592561431669
2010-05-01,13.903225806451612,31,573.0,362.14,91.4,6514.35,18.483870967741936,8353.960000000001,3.3717722591449246,0.613870204939095,0.14634157311133852,3.4,573.0,0.18055006027620443,0.04304163915039368,1.344752509440903,24.75780797505776
2010-06-01,18.8,30,600.0,267.63,77.9,5370.8,20.0,6068.410000000001,2.9918778941215725,0.5453133655676033,0.12278519943196277,3.0,600.0,0.18177112185586777,0.040928399810654256,1.3502270384327624,27.266306467327787
2010-07-01,25.225806451612904,31,718.0,365.54,100.6,8471.5,23.161290322580644,10120.359999999999,3.4349303512743674,0.6167451741047332,0.12862909328277483,3.4,718.0,0.1813956394425686,0.03783208625963966,1.1013652737826019,26.20623443939874
2010-08-01,29.64516129032258,31,689.0,367.73,98.1,8050.29,22.225806451612904,9623.609999999999,3.418189626001363,0.6185899174349136,0.13315325336387557,3.4,689.0,0.18193821101026872,0.039162721577610464,1.1604979753410805,26.175020180883244
2010-09-01,36.36666666666667,30,505.0,511.32,108.4,8054.92,16.833333333333332,11750.560000000001,3.993787254431984,0.7537461995481857,0.19309309902848817,4.0,505.0,0.18843654988704642,0.048273274757122044,1.2357312416142014,20.491980880563407
2010-10-01,33.645161290322584,31,501.0,474.38,108.4,7649.26,16.161290322580644,11750.560000000001,3.9074267788323467,0.7025892354106205,0.17678708625573,3.9,501.0,0.1801510860027232,0.04533002211685385,1.254186258112233,20.459795097690357
2010-11-01,34.36666666666667,30,404.0,387.57,100.5,5401.21,13.466666666666667,10100.25,3.6564096711348304,0.6562265868839309,0.18079439602196246,3.7,404.0,0.17735853699565698,0.048863350276206065,1.228644411223267,16.511631523959068
2010-12-01,24.548387096774192,31,393.0,421.57,103.3,5178.34,12.67741935483871,10670.89,3.629936316112595,0.6623280606599459,0.1944400718366633,3.6,393.0,0.18398001684998497,0.0540111310657398,1.1740281306467162,14.584588631768002
2011-01-01,27.322580645161292,31,417.0,290.66,90.6,3987.2000000000003,13.451612903225806,8208.359999999999,3.092188657802697,0.5499597941978405,0.15458317274130415,3.1,417.0,0.17740638522510982,0.049865539593969076,1.1296904404056736,14.981076731748763
2011-02-01,48.285714285714285,28,399.0,739.35,132.3,10448.65,14.25,17503.290000000005,5.117332579755743,0.971106826970007,0.269480459434182,5.1,399.0,0.19041310332745237,0.05283930577140823,1.1723073454092532,15.96250773056221
2011-03-01,78.64516129032258,31,566.0,1502.95,201.9,27177.39,18.258064516129032,40763.61,6.929400414610709,1.2505773900613983,0.30129668292215783,6.9,566.0,0.1812431000088983,0.04366618593074751,1.1270890504642561,20.41771777812035
2011-04-01,76.1,30,557.0,1148.02,176.8,21082.72,18.566666666666666,31258.240000000005,6.152274761393288,1.1294147943859147,0.2669477102642561,6.2,557.0,0.1821636765138572,0.04305608230068647,1.1108513986281072,20.89131535121243
2011-05-01,58.193548387096776,31,607.0,795.49,146.7,15344.890000000001,19.580645161290324,21520.889999999996,5.027910567894773,0.9098203959934404,0.20854622052038302,5.0,607.0,0.1819640791986881,0.0417092441040766,1.1208232410472176,22.188287514014284
2011-06-01,56.06666666666667,30,544.0,728.16,139.4,13433.31,18.133333333333333,19432.36,4.969263985624383,0.8994813320278896,0.21090971106903744,5.0,544.0,0.17989626640557793,0.042181942213807486,1.1640080837458966,21.730753477761308
2011-07-01,64.51612903225806,31,549.0,715.44,141.2,12457.11,17.70967741935484,19937.439999999995,4.763459504193085,0.8628293607215769,0.20979262307172067,4.8,549.0,0.1797561168169952,0.04370679647327514,1.1146602850900011,19.771567590382013
2011-08-01,65.83870967741936,31,605.0,982.85,166.5,18966.03,19.516129032258064,27722.25,5.59900079633459,1.0113044707555878,0.23107193015424737,5.6,605.0,0.18059008406349783,0.04126284467040132,1.0903053172472081,21.733139485843655
2011-09-01,120.13333333333334,30,535.0,2321.6,252.0,41245.520000000004,17.833333333333332,63504.0,8.78034338204048,1.6060994849496575,0.3898389602222577,8.8,535.0,0.1825113051079156,0.044299881843438374,1.1012055754596095,19.717113017437967
2011-10-01,125.6774193548387,31,503.0,2534.88,268.8,41026.6,16.225806451612904,72253.44,9.031268853124432,1.6241158644970914,0.41428493744121325,9.0,503.0,0.1804573182774546,0.046031659715690364,1.0801445124512037,17.389857816795644
2011-11-01,139.06666666666666,30,434.0,2939.23,287.9,42252.2,14.466666666666667,82886.40999999999,9.866878915805671,1.80715553041544,0.488702043617026,9.9,434.0,0.18254096266822625,0.049363842789598586,1.0665763320232184,15.345948331709996
2011-12-01,109.29032258064517,31,361.0,2257.28,244.6,25553.08,11.64516129032258,59829.159999999996,8.413331987069911,1.5326077699407734,0.47289346163629076,8.4,361.0,0.18245330594533016,0.056296840670986996,1.1385919653831003,12.851760912087098
2012-01-01,94.41935483870968,31,386.0,1513.05,207.7,19295.539999999997,12.451612903225806,43139.28999999999,7.070250744906782,1.2547723674311124,0.3709386446608254,7.1,386.0,0.17672850245508626,0.05224487952969372,1.1274369244015314,13.598491580929036
2012-02-01,47.758620689655174,29,388.0,548.39,120.1,7488.33,13.379310344827585,14424.009999999998,4.393155994001222,0.8075078733469051,0.22593615630152286,4.4,388.0,0.18352451666975114,0.051349126432164285,1.133885909242254,15.01448071955274
2012-03-01,86.64516129032258,31,500.0,1761.04,219.2,26526.31,16.129032258064516,48048.63999999999,7.28372294915176,1.3537015196750157,0.3593621535338488,7.3,500.0,0.18543856433904327,0.0492276922649108,1.0683347159930523,16.6018274480335
2012-04-01,85.9,30,479.0,1453.54,196.8,23019.74,15.966666666666667,38730.240000000005,6.93238143189826,1.2708439890263652,0.32544112959074856,6.9,479.0,0.1841802882646906,0.04716538110010848,1.110491540291925,17.75864822501553
2012-05-01,96.48387096774194,31,543.0,1598.46,214.2,28445.57,17.516129032258064,45881.63999999999,7.237813788335706,1.2897014634109112,0.30980166259846764,7.2,543.0,0.17912520325151543,0.043028008694231616,1.0888960548903672,19.404767237277653
2012-06-01,91.96666666666667,30,498.0,1280.71,178.1,21127.95,16.6,31719.609999999997,6.513493871159975,1.1929002938683146,0.299412653470284,6.5,498.0,0.18352312213358687,0.04606348514927446,1.207149075689332,20.01767196934286
2012-07-01,100.12903225806451,31,601.0,1657.77,215.1,32126.7,19.387096774193548,46268.009999999995,7.311320513690407,1.3134103799737098,0.30065576310183695,7.3,601.0,0.1799192301333849,0.041185720972854375,1.1108193993128037,21.96368899071979
2012-08-01,94.7741935483871,31,612.0,1281.42,183.8,26104.31,19.741935483870968,33782.44,6.531010741622581,1.1547395884655618,0.25735999557722106,6.5,612.0,0.1776522443793172,0.039593845473418626,1.2098337221416435,24.784576342711613
2012-09-01,93.7,30,511.0,1910.24,210.6,33583.38,17.033333333333335,44352.36,8.106842800726724,1.4568764151048945,0.3546325692578238,8.1,511.0,0.17986128581541908,0.04378179867380541,1.3462748797656667,23.202516412186014
2012-10-01,76.54838709677419,31,493.0,793.64,148.4,12964.07,15.903225806451612,22022.56,5.127990642781475,0.908761836193596,0.23047887643409223,5.1,493.0,0.17818859533207765,0.04519193655570436,1.1400471620788997,18.25457880734168
2012-11-01,87.63333333333334,30,382.0,1304.95,183.3,15918.47,12.733333333333333,33598.89000000001,6.455337902430435,1.2041363894694175,0.35216597058559385,6.5,382.0,0.18525175222606421,0.054179380090091364,1.1370569834464297,14.273982723690674
2012-12-01,56.806451612903224,31,360.0,804.81,149.9,9431.82,11.612903225806452,22470.010000000002,5.118544715053293,0.9151346261479925,0.27603078038701495,5.1,360.0,0.17943816198980245,0.05412368242882647,1.1165740450122774,12.741735437513226
2013-01-01,96.06451612903226,31,362.0,1152.4,174.2,14283.44,11.67741935483871,30345.639999999996,6.281482036477191,1.095065082001494,0.3223825796951075,6.3,362.0,0.17381985428595143,0.05117183804684246,1.267063539367333,14.799280563326061
2013-02-01,60.92857142857143,28,363.0,531.11,116.5,6942.84,12.964285714285714,13572.25,4.373360377528422,0.823065139882498,0.2352991534374804,4.4,363.0,0.18706025906420407,0.05347708032670009,1.123147976327223,14.348326689330637
2013-03-01,78.3225806451613,31,429.0,1198.72,180.4,15758.98,13.838709677419354,32544.160000000003,6.060876101210049,1.1168560004326402,0.3245927275181642,6.1,429.0,0.18309114761190826,0.05321192254396135,1.1025555870327546,14.515841562591827
2013-04-01,107.33333333333333,30,509.0,1364.96,196.2,23357.420000000002,16.966666666666665,38494.439999999995,6.774130266273309,1.2315121689298172,0.307894173677462,6.8,509.0,0.18110473072497313,0.04527855495256795,1.0840722789546204,18.098578426483645
2013-05-01,120.16129032258064,31,487.0,2177.15,249.9,33072.04,15.709677419354838,62450.01,8.240736196454067,1.5051593545609279,0.39578174180033665,8.2,487.0,0.18355601884889367,0.048266066073211794,1.0359636161283867,15.9116349660588
2013-06-01,76.7,30,469.0,855.37,149.5,12753.2,15.633333333333333,22350.25,5.214625978324489,0.9748903072197975,0.25569948071277593,5.2,469.0,0.18747890523457644,0.04917297706014922,1.0923824650335336,16.93161308834632
2013-07-01,86.16129032258064,31,575.0,1411.46,199.0,25650.89,18.548387096774192,39601.0,6.679090018727167,1.211916207871297,0.290120373166295,6.7,575.0,0.18088301610019358,0.043301548233775376,1.0926507624862725,20.285179147070235
2013-08-01,91.7741935483871,31,563.0,1358.14,195.2,24374.440000000002,18.161290322580644,38103.03999999999,6.579806558834948,1.188804872101979,0.28343673439704475,6.6,563.0,0.1801219503184817,0.042944959757128,1.102275962106306,20.259576230980688
2013-09-01,54.46666666666667,30,446.0,847.57,145.3,12476.24,14.866666666666667,21112.090000000004,5.289010520597923,0.970435183020713,0.2569888312016194,5.3,446.0,0.1831009779284364,0.04848845871728669,1.205724586617398,18.00043794588614
2013-10-01,114.35483870967742,31,421.0,2068.37,242.5,28129.66,13.580645161290322,58806.25,8.174123472080483,1.4670753537744559,0.4061495505825008,8.2,421.0,0.17891162850908,0.049530432997865956,1.1024252227964808,14.97203440368159
2013-11-01,113.86666666666666,30,321.0,2087.51,228.5,21553.39,10.7,52212.25,8.194175805653451,1.5229758880414213,0.4874140592538324,8.2,321.0,0.1857287668343197,0.0594407389333942,1.1656617071729447,12.130410469013034
2013-12-01,124.16129032258064,31,402.0,2437.95,265.9,33055.47,12.96774193548387,70702.80999999998,9.067940081045576,1.5927613310374793,0.44501034404194395,9.1,402.0,0.1750287176964263,0.048902235609004835,1.1300464104079317,14.746309006937198
2014-01-01,116.96774193548387,31,398.0,2026.5,241.0,26768.53,12.838709677419354,58081.0,8.201073897077542,1.4521504381093389,0.414814581780611,8.2,398.0,0.17709151684260233,0.05058714411958671,1.1166122256018696,14.191972491864314
2014-02-01,146.07142857142858,28,384.0,3176.94,288.2,44025.37,13.714285714285714,83059.23999999999,10.707446055977433,2.0130125155485503,0.5559110763051449,10.7,384.0,0.18813201079892994,0.05195430619674252,1.0838849156821975,14.837447136231635
2014-03-01,128.74193548387098,31,493.0,2351.42,262.0,36520.33,15.903225806451612,68644.0,8.606843119210541,1.5642400820651636,0.4081422632119128,8.6,493.0,0.18188838163548415,0.04745840269905963,1.036679218096505,16.181232303493847
2014-04-01,112.46666666666667,30,486.0,1530.29,199.9,23460.04,16.2,39960.01,6.947782901242551,1.3039640417673417,0.34300887909461564,6.9,486.0,0.1889802959083104,0.049711431752842844,1.0751759315446483,16.923052267123804
2014-05-01,112.45161290322581,31,493.0,1761.2,222.6,28057.59,15.903225806451612,49550.759999999995,7.544000746398643,1.3537630138272576,0.3450242658700211,7.5,493.0,0.1805017351769677,0.04600323544933615,1.0942777041680234,17.466492093449514
2014-06-01,102.86666666666666,30,469.0,1717.41,217.7,27493.05,15.633333333333333,47393.28999999999,7.65640749261452,1.3813881906739083,0.3493298144394749,7.7,469.0,0.17940106372388417,0.04536750836876297,1.1306534214557007,18.08028993886955
2014-07-01,100.19354838709677,31,477.0,1842.24,212.0,25985.33,15.387096774193548,44944.0,7.3808253474272325,1.3845588184501874,0.3797481100218459,7.4,477.0,0.1871025430338091,0.05131731216511431,1.1781913313980683,17.04849581336839
2014-08-01,106.93548387096774,31,486.0,1709.55,217.3,27749.829999999998,15.67741935483871,47219.29000000001,7.556349359172065,1.3337646718187897,0.3356804141687095,7.6,486.0,0.1754953515551039,0.044168475548514406,1.1821163996981743,18.94937319978941
2014-09-01,130.0,30,419.0,2217.53,246.7,31885.49,13.966666666666667,60860.88999999999,8.723475309744025,1.5696885749161273,0.42186438703780926,8.7,419.0,0.1804239741282905,0.04849015942963325,1.1238010577838649,15.97935412492104
2014-10-01,89.96774193548387,31,440.0,1667.08,209.4,20921.49,14.193548387096774,43848.36,6.89556675764153,1.317093258431151,0.3949864462190977,6.9,440.0,0.19088308093205086,0.057244412495521396,1.0451586580587409,13.664216224813183
2014-11-01,103.63333333333334,30,397.0,2239.65,246.1,28433.16,13.233333333333333,60565.21,8.462863013060872,1.577498019016189,0.48654163347337676,8.5,397.0,0.1855880022371987,0.05724019217333844,1.0764637321956274,13.174591675067768
2014-12-01,112.87096774193549,31,331.0,1860.3799999999999,221.6,18269.15,10.67741935483871,49106.56,7.429253438033036,1.391358793555331,0.4738677481147543,7.4,331.0,0.18802145858855826,0.0640361821776695,1.074456813228075,10.421415397985715
2015-01-01,93.03225806451613,31,546.0,1566.85,207.1,30798.59,17.612903225806452,42890.409999999996,7.510504243569402,1.276885681940657,0.3117619071043984,7.5,546.0,0.17025142425875428,0.04156825428058645,1.2702051807733894,21.488087960538387
2015-02-01,66.71428571428571,28,442.0,680.33,129.9,12462.210000000001,15.785714285714286,16874.010000000002,5.309900681638855,0.9315405826601744,0.23311155146536658,5.3,442.0,0.17576237408682535,0.04398331159723898,1.3179357625938017,20.86286437052351
2015-03-01,54.54838709677419,31,628.0,640.33,124.5,14250.01,20.258064516129032,15500.25,4.763517474106152,0.8162820205963153,0.182854182300228,4.8,628.0,0.17005875429089903,0.038094621312547504,1.4469196334838947,29.079999961085978
2015-04-01,75.33333333333333,30,847.0,1586.39,188.9,56949.420000000006,28.233333333333334,35683.21,8.19979410574579,1.3276503890541198,0.2346781432388044,8.2,847.0,0.16190858403099023,0.028619285760829807,1.728302228770894,51.42577726486375
2015-05-01,88.83870967741936,31,895.0,1813.17,201.3,66693.0,28.870967741935484,40521.69,8.632341422566313,1.3735914173777661,0.23479793049537412,8.6,895.0,0.1597199322532286,0.027302084941322573,1.789331909357423,56.759244470558826
2015-06-01,66.46666666666667,30,826.0,1019.15,155.5,32615.809999999998,27.533333333333335,24180.25,6.283824693966536,1.06413762685514,0.1955037527467463,6.3,826.0,0.16891073442145077,0.031032341705832748,1.4982816014783409,43.24151122952679
2015-07-01,65.83870967741936,31,977.0,886.84,150.2,31274.2,31.516129032258064,22560.039999999997,5.657776959444846,0.9606406117875762,0.16587557568324449,5.7,977.0,0.16853344066448706,0.02910097819004289,1.3997033202295925,45.91214430408682
2015-08-01,64.41935483870968,31,892.0,721.96,141.8,24414.87,28.774193548387096,20107.24,5.231723472554101,0.8667520436081219,0.15695643757343639,5.2,892.0,0.1666830853092542,0.03018393030258392,1.3032300797305998,38.48343393266258
2015-09-01,78.56666666666666,30,862.0,1119.9099999999999,168.5,35607.64,28.733333333333334,28392.25,6.427142993069648,1.1155018800721244,0.2034974893230703,6.4,862.0,0.1742971687612694,0.03179648270672973,1.3106352443538036,39.14764077583422
2015-10-01,63.645161290322584,31,662.0,812.6800000000001,144.8,19119.86,21.35483870967742,20967.040000000005,5.374194241579249,0.9195981568224338,0.1982769675027462,5.4,662.0,0.17029595496711736,0.036717956944953,1.3500840512921273,29.196217812988237
2015-11-01,62.166666666666664,30,622.0,707.25,137.9,17042.02,20.733333333333334,19016.41,5.2343811459147105,0.8864724097981467,0.1923454161609626,5.2,622.0,0.17047546342272052,0.03698950310787742,1.2905425481016062,26.868890259474906
2015-12-01,58.03225806451613,31,704.0,814.61,146.9,20663.59,22.70967741935484,21579.61,5.417720031610076,0.9206894670262217,0.19032330721738436,5.4,704.0,0.1704980494493003,0.03524505689210821,1.3102889477486155,30.42841571451306
2016-01-01,56.96774193548387,31,634.0,597.98,128.4,13797.14,20.451612903225808,16486.56,4.664981293980301,0.7888267608853453,0.1850471124332931,4.7,634.0,0.16783548103943516,0.03937172604963683,1.2984489488676774,24.347827855192094
2016-02-01,56.37931034482759,29,662.0,711.22,127.8,17239.010000000002,22.82758620689655,16332.84,5.103018773650516,0.9196106294890264,0.19725303471266337,5.1,662.0,0.18031580970373068,0.038677065629934,1.3547372167547282,29.956842534218065
2016-03-01,54.064516129032256,31,873.0,720.55,132.7,20952.04,28.161290322580644,17609.289999999997,4.89898416194775,0.8659052393043564,0.16972512791055525,4.9,873.0,0.1767153549600727,0.034637781206235764,1.323548115489966,35.944188735145985
2016-04-01,37.9,30,865.0,326.27000000000004,85.7,10375.800000000001,28.833333333333332,7344.490000000001,3.463400714423689,0.6020981832078737,0.11242090620148672,3.5,865.0,0.17202805234510676,0.032120258914710494,1.5244221469261436,43.25027324440092
2016-05-01,51.516129032258064,31,878.0,590.59,122.3,19402.3,28.322580645161292,14957.289999999999,4.700881999343738,0.7839373395503694,0.15058069561151197,4.7,878.0,0.16679517862773816,0.03203844587478978,1.4365094280523714,38.65667933275201
2016-06-01,20.533333333333335,30,942.0,154.98000000000002,51.0,3698.7000000000003,31.4,2601.0,1.9815229297232744,0.4149698784249286,0.08986515623064874,2.0,942.0,0.2074849392124643,0.04493257811532437,1.4084185738464934,34.426505840512604
2016-07-01,32.354838709677416,31,1025.0,503.92,101.4,14758.210000000001,33.064516129032256,10281.960000000001,3.794503084533808,0.7241342744619759,0.15145101941612157,3.8,1025.0,0.19056165117420418,0.03985553142529515,1.3676483221586329,37.72863199587137
2016-08-01,50.16129032258065,31,1067.0,604.97,129.7,21604.43,34.41935483870968,16822.089999999997,4.499758402345082,0.7934238034908518,0.13702574470447287,4.5,1067.0,0.17631640077574484,0.03045016548988286,1.162677466775852,39.914207275653276
2016-09-01,44.63333333333333,30,900.0,390.11,98.3,12967.4,30.0,9662.89,3.795816410500147,0.6583734165012706,0.11798925410490144,3.8,900.0,0.17325616223717646,0.03104980371181617,1.3594509952786544,41.75035362608386
2016-10-01,33.41935483870968,31,782.0,274.37,80.1,7658.16,25.225806451612904,6416.009999999999,3.1293838815749133,0.5343263821132814,0.10787805997012716,3.1,782.0,0.17236334906880046,0.034799374183911984,1.459030486970907,35.27347760437139
2016-11-01,21.4,30,689.0,192.88,56.2,4569.0,22.966666666666665,3158.4400000000005,2.5751407305802103,0.46293748078019253,0.10192983230867872,2.6,689.0,0.17805287722315097,0.03920378165718412,1.9865118223876772,41.1044109713391
2016-12-01,18.483870967741936,31,623.0,187.76,57.2,3610.61,20.096774193548388,3271.84,2.4073889734195206,0.44201788730221003,0.10955619508728807,2.4,623.0,0.18417411970925418,0.04564841461970336,1.7339368628569944,28.61596428111774
2017-01-01,26.06451612903226,31,830.0,196.3,64.2,5317.21,26.774193548387096,4121.64,2.531062446569372,0.45195839319337755,0.09115674972963386,2.5,830.0,0.180783357277351,0.036462699891853544,1.4801138245349446,36.31624113765485
2017-02-01,26.428571428571427,28,542.0,353.73,85.1,7345.7699999999995,19.357142857142858,7242.009999999999,3.68145096134823,0.6717039708754118,0.16170569259223883,3.7,542.0,0.1815416137501113,0.04370424124114563,1.5067956006434122,27.15736960798571
2017-03-01,17.677419354838708,31,1011.0,193.8,47.8,6679.31,32.61290322580645,2284.8399999999997,2.570337914180967,0.44907118852373823,0.0877187082906339,2.6,1011.0,0.17271968789374548,0.033737964727166884,3.014079118524754,77.42506766618224
2017-04-01,32.3,30,920.0,332.82,76.0,12523.539999999999,30.666666666666668,5776.0,3.689518055012181,0.6081118318204308,0.10461713769923518,3.7,920.0,0.16435454914065697,0.02827490208087437,2.2024221135439213,65.64055182000094
2017-05-01,18.93548387096774,31,1101.0,127.6,45.4,3752.01,35.516129032258064,2061.16,1.8460282130801084,0.36438764506949517,0.07390741843233159,1.8,1101.0,0.20243758059416397,0.04105967690685088,1.5443223897887837,45.731172120280036
2017-06-01,19.233333333333334,30,1136.0,67.15,38.9,2285.15,37.86666666666667,1513.2099999999998,1.4183002870426813,0.2731503452516784,0.05273111044395758,1.4,1136.0,0.1951073894654846,0.03766507888854113,1.1734298715129385,36.63141760338293
2017-07-01,17.806451612903224,31,1093.0,230.73,60.9,7227.13,35.25806451612903,3708.81,2.571419022913189,0.4899935228606286,0.10319023453209202,2.6,1093.0,0.1884590472540879,0.03968855174311231,1.8014623010396544,44.10769750848239
2017-08-01,32.58064516129032,31,1002.0,256.1,73.2,8460.2,32.32258064516129,5358.240000000001,2.905738008364397,0.5162298288672197,0.09404739804678955,2.9,1002.0,0.17801028581628264,0.03243013725751364,1.5338485419843437,46.400517861235855
2017-09-01,43.7,30,973.0,531.38,89.6,16219.55,32.43333333333333,8028.159999999999,4.082845822496545,0.7683893688893817,0.14450773953806595,4.1,973.0,0.18741204119253213,0.0352457901312356,1.9471853248994904,56.207861034621864
2017-10-01,13.193548387096774,31,1125.0,50.08,26.6,1233.54,36.29032258064516,707.5600000000001,1.0471294093854875,0.22828136790908557,0.049234854246911895,1.0,1125.0,0.22828136790908557,0.049234854246911895,1.3854718014236174,38.16824878772801
2017-11-01,5.7,30,997.0,11.430000000000001,11.1,276.87,33.233333333333334,123.21,0.5269754352225386,0.11269427669584646,0.023487682949118443,0.5,997.0,0.22538855339169292,0.046975365898236886,1.9106280193236718,47.3457780020248
2017-12-01,8.161290322580646,31,714.0,70.93,29.7,1115.43,23.032258064516128,882.0899999999999,1.2498907515284297,0.27167725848579205,0.07424283113943335,1.2,714.0,0.22639771540482673,0.06186902594952779,1.6185586074264018,22.082909940493813
2018-01-01,6.806451612903226,31,701.0,93.81,29.7,1581.1,22.612903225806452,882.0899999999999,1.501829602207128,0.312437298600394,0.07866818794855743,1.5,701.0,0.20829153240026266,0.05244545863237162,2.6239914751103672,39.17859516121487
2018-02-01,10.678571428571429,28,917.0,34.82,22.6,1035.16,32.75,510.76000000000005,1.0624758641174212,0.21074454988474184,0.04084701395363189,1.1,917.0,0.1915859544406744,0.03713364904875626,1.920031936798756,55.11988015574876
2018-03-01,2.4516129032258065,31,1081.0,9.32,7.4,149.84,34.87096774193548,54.760000000000005,0.37230685721551615,0.09847959691918547,0.027619297511552145,0.4,1081.0,0.24619899229796366,0.06904824377888036,3.178697183098592,46.7645998046806
2018-04-01,8.933333333333334,30,996.0,66.53,29.5,1621.63,33.2,870.25,1.275986900513138,0.27188641419207066,0.05992936295144375,1.3,996.0,0.20914339553236203,0.046099509962649034,1.809672522769124,43.01918948598184
2018-05-01,13.129032258064516,31,1234.0,93.96000000000001,36.6,3169.59,39.806451612903224,1339.5600000000002,1.6026694708326668,0.3126869888013583,0.07478016513941048,1.6,1234.0,0.19542936800084892,0.046737603212131544,1.8996467565831727,47.653867017686174
2018-06-01,15.566666666666666,30,1070.0,93.0,38.6,2802.82,35.666666666666664,1489.96,1.6184739552817133,0.32145502536643183,0.06055146355114136,1.6,1070.0,0.20090939085401988,0.03784466471946335,1.5827224831061737,48.18664022618617
2018-07-01,1.5806451612903225,31,1438.0,38.199999999999996,11.2,547.52,46.38709677419355,125.43999999999998,0.6170502760030483,0.19937467277887025,0.05297793626189226,0.6,1438.0,0.3322911212981171,0.0882965604364871,3.5277395690050444,55.06142360517605
2018-08-01,8.709677419354838,31,1297.0,35.93,21.5,1198.6899999999998,41.83870967741935,462.25,0.9613542555302182,0.1933601234922027,0.035239914521918866,1.0,1297.0,0.1933601234922027,0.035239914521918866,2.1698958528804657,76.67210595933395
2018-09-01,3.3333333333333335,30,1223.0,14.240000000000002,9.4,416.47,40.766666666666666,88.36000000000001,0.5835507518350855,0.12578641509408806,0.023607765504102818,0.6,1223.0,0.20964402515681343,0.03934627584017136,4.17916891527253,118.31214216408976
2018-10-01,4.935483870967742,31,1097.0,57.83,18.3,1639.21,35.38709677419355,334.89000000000004,1.2224018081188572,0.24530980221645354,0.04810492754483032,1.2,1097.0,0.20442483518037796,0.04008743962069193,4.786003031834259,115.13390297314585
2018-11-01,4.933333333333334,30,771.0,16.09,13.5,309.49,25.7,182.25,0.6335722124420617,0.13370780746754385,0.03246299452214184,0.6,771.0,0.22284634577923976,0.0541049908702364,1.853093403948002,33.85143988109711
2018-12-01,3.129032258064516,31,786.0,14.86,10.0,198.86,25.35483870967742,100.0,0.5029935829901433,0.12435055011223473,0.0357604544421773,0.5,786.0,0.24870110022446945,0.0715209088843546,2.647286821705426,35.59556645353296
2019-01-01,7.709677419354839,31,841.0,23.310000000000002,18.3,552.26,27.129032258064516,334.89000000000004,0.8103521643101476,0.1557433252203008,0.03387654794960552,0.8,841.0,0.19467915652537598,0.0423456849370069,1.89912702997625,43.50973107181582
2019-02-01,0.8214285714285714,28,1042.0,1.1300000000000001,1.5,16.65,37.214285714285715,2.25,0.12640762143256237,0.03796480647405232,0.00997792836168847,0.1,1042.0,0.3796480647405232,0.09977928361688469,5.991071428571431,103.02644500833341
2019-03-01,9.419354838709678,31,995.0,39.46,21.6,1034.4,32.096774193548384,466.56000000000006,1.019606782024202,0.20263611321986336,0.04126221549260338,1.0,995.0,0.20263611321986336,0.04126221549260338,2.1576679934441576,54.40872018724567
2019-04-01,9.066666666666666,30,1039.0,16.790000000000003,16.3,492.6000000000001,34.63333333333333,265.69,0.6885562583300415,0.13658534165698588,0.028639121070985252,0.7,1039.0,0.19512191665283699,0.0409130301014075,1.704339092004821,48.105031214893714
2019-05-01,9.903225806451612,31,1159.0,16.45,15.1,589.9,37.38709677419355,228.01,0.7134236138537479,0.1308341921978919,0.022721864780381993,0.7,1159.0,0.18690598885413132,0.03245980682911714,2.14804310833806,72.75646224438134
2019-06-01,1.1666666666666667,30,1273.0,16.57,5.5,608.22,42.43333333333333,30.25,0.6912197627444429,0.13568754958031748,0.022764664351783103,0.7,1273.0,0.1938393565433107,0.03252094907397586,31.025584795321635,923.6499192277964
2019-07-01,0.8709677419354839,31,1214.0,1.6300000000000001,2.5,34.290000000000006,39.16129032258065,6.25,0.16806388524082302,0.04118433978968937,0.009141384687173942,0.2,1214.0,0.20592169894844684,0.045706923435869705,7.967532467532468,161.99331634400457
2019-08-01,0.4838709677419355,31,1344.0,0.9799999999999999,1.4,26.949999999999996,43.354838709677416,1.9599999999999997,0.14160537889972022,0.03193385463423118,0.006098626239459857,0.1,1344.0,0.3193385463423118,0.06098626239459856,8.806122448979593,268.2654180333624
2019-09-01,1.1,30,1225.0,2.7200000000000006,2.0,81.76000000000002,40.833333333333336,4.0,0.25834638983902436,0.05497474167490215,0.010178807604689538,0.3,1225.0,0.1832491389163405,0.03392935868229846,61.15625000000003,1363.0170148661389
2019-10-01,0.3870967741935484,31,1065.0,0.61,1.1,12.59,34.354838709677416,1.2100000000000002,0.10872716424211318,0.025194353793247273,0.005570187258629243,0.1,1065.0,0.2519435379324727,0.055701872586292424,14.999999999999998,333.7822793988344
2019-11-01,0.4666666666666667,30,832.0,1.3400000000000003,1.6,14.710000000000003,27.733333333333334,2.5600000000000005,0.1329672458221891,0.038586123009300755,0.011666666666666667,0.1,832.0,0.38586123009300755,0.11666666666666667,6.278688524590165,76.13817059396618
2019-12-01,1.5161290322580645,31,855.0,10.420000000000002,4.0,174.71000000000004,27.580645161290324,16.0,0.4520389156771237,0.1041291122036708,0.02546449366410824,0.5,855.0,0.2082582244073416,0.05092898732821648,41.18817204301076,662.505908899838
2020-01-01,6.193548387096774,31,795.0,17.69,16.5,362.15,25.64516129032258,272.25,0.6749330271923049,0.13567574738589092,0.034047797030491,0.7,795.0,0.19382249626555847,0.048639710043558576,1.780326838466373,33.59777000391435
2020-02-01,0.20689655172413793,29,967.0,0.16000000000000003,0.4,3.2000000000000006,33.3448275862069,0.16000000000000003,0.05752567881263279,0.013793103448275864,0.003084231693103159,0.1,967.0,0.13793103448275862,0.030842316931031587,,
2020-03-01,1.4838709677419355,31,1055.0,2.03,2.3,23.33,34.03225806451613,5.289999999999999,0.1487069066177808,0.04596066725411292,0.02002630332527819,0.1,1055.0,0.4596066725411292,0.20026303325278189,2.32515337423313,27.136484028137318
2020-04-01,5.2,30,1234.0,19.05,12.1,473.6,41.13333333333333,146.41,0.6195099228991433,0.14548768561863462,0.029485931556629933,0.6,1234.0,0.2424794760310577,0.04914321926104989,2.3943938442211055,65.37921350800666
2020-05-01,0.1935483870967742,31,1363.0,0.81,0.9,12.15,43.96774193548387,0.81,0.09441482903286931,0.02903225806451613,0.0074960967991111295,0.1,1363.0,0.2903225806451613,0.0749609679911113,,
2020-06-01,5.833333333333333,30,1196.0,12.72,13.200000000000001,443.29,39.86666666666667,174.24000000000004,0.6088052338055497,0.11888369666751339,0.020839538555065467,0.6,1196.0,0.19813949444585566,0.03473256425844245,1.9271916790490335,64.80636646053388
2020-07-01,6.064516129032258,31,1548.0,445.67,91.5,21267.85,49.935483870967744,8372.25,3.7066050758922904,0.6809966987012782,0.10076575958120461,3.7,1548.0,0.18405316181115627,0.027233989076001244,1.6035187937294524,80.61372657537933
2020-08-01,7.483870967741935,31,1587.0,608.02,92.2,26731.04,51.193548387096776,8500.84,4.104114461555327,0.7954213407126981,0.12588713996232564,4.1,1587.0,0.1940052050518776,0.030704180478616012,1.9696876401590304,93.64317675019696
2020-09-01,0.6,30,1244.0,142.57,30.9,5792.32,41.46666666666667,954.81,2.1578243180994487,0.39800893345641264,0.06305513371279942,2.2,1244.0,0.18091315157109664,0.028661424414908824,5.187419974391807,216.29389034710323
2020-10-01,14.64516129032258,31,1215.0,1663.42,168.4,67042.9,39.193548387096776,28358.56,7.4282798522797995,1.3156466541691316,0.21089024446149254,7.4,1215.0,0.177790088401234,0.028498681683985477,1.9089969185402291,75.53598909544498
2020-11-01,34.53333333333333,30,1238.0,2025.53,220.7,80331.28,41.266666666666666,48708.49,8.055305599647705,1.5001962834538982,0.24000266659038233,8.1,1238.0,0.18520941771035782,0.029629958838318808,1.2215050202472166,50.45640280357281
2020-12-01,23.129032258064516,31,998.0,1083.67,158.29999999999998,36037.87,32.193548387096776,25058.889999999996,6.00916717859977,1.0619078505400088,0.1865562725731217,6.0,998.0,0.17698464175666814,0.031092712095520284,1.3977903018199629,46.56894498855675
2021-01-01,10.419354838709678,31,1036.0,1010.28,128.4,35890.86,33.41935483870968,16486.56,5.885888824866408,1.0253194218161392,0.17482449023879065,5.9,1036.0,0.17378295285019307,0.029631269531998412,2.0962485817005123,73.14231495260994
2021-02-01,8.214285714285714,28,1122.0,507.36,95.6,20430.88,40.07142857142857,9139.359999999999,4.267240380322875,0.8044518985886336,0.12876991299246268,4.3,1122.0,0.1870818368810776,0.029946491393595974,1.6205746061167747,66.55114205564928
2021-03-01,17.161290322580644,31,1322.0,1215.74,171.8,50016.71,42.645161290322584,29515.240000000005,6.1509448495010615,1.124756882043615,0.17734098841956958,6.2,1322.0,0.1814124003296153,0.028603385228962833,1.2623933285040372,53.25793626851639
2021-04-01,24.5,30,1441.0,1400.1100000000001,179.9,67797.73,48.03333333333333,32364.010000000002,6.859233482646997,1.247268125856577,0.18061973074653886,6.9,1441.0,0.18076349650095316,0.026176772571962152,1.3386198121037727,65.96196950370823
2021-05-01,21.225806451612904,31,1411.0,929.87,147.1,42064.83,45.516129032258064,21638.41,5.4600429901501455,0.9836699953386037,0.14771970578197383,5.5,1411.0,0.1788490900615643,0.026858128323995242,1.3588780280985526,63.02223575393589
2021-06-01,24.966666666666665,30,1411.0,998.75,156.7,46557.46,47.03333333333333,24554.889999999996,5.744220896395879,1.0534335395373655,0.15621805568200386,5.7,1411.0,0.184812901673222,0.027406676435439273,1.1989336962677248,56.64603055196325
2021-07-01,34.25806451612903,31,1424.0,2510.07,263.9,117708.12,45.935483870967744,69643.20999999999,9.091765319739258,1.616148348348928,0.23749163963666461,9.1,1424.0,0.17759871959878332,0.026097982377655454,1.1480222733511347,54.38308017183332
2021-08-01,22.0,31,1447.0,1961.58,226.0,90127.95,46.67741935483871,51076.0,7.8921527251555625,1.4287009009264369,0.21258480449438355,7.9,1447.0,0.1808482153071439,0.02690946892333969,1.1812097139699502,55.66855981948862
2021-09-01,51.3,30,1361.0,2724.77,261.1,125381.86,45.36666666666667,68173.21,9.598166767160684,1.739977649920315,0.25990616807783845,9.6,1361.0,0.1812476718666995,0.02707355917477484,1.2256858987013286,56.76647377456225
2021-10-01,37.354838709677416,31,1347.0,2348.45,246.1,101865.43,43.45161290322581,60565.21,8.696201886210511,1.563251900252176,0.23982546388732684,8.7,1347.0,0.17968412646576737,0.027566145274405388,1.20909579990367,53.39676993932028
2021-11-01,34.766666666666666,30,1066.0,1656.65,202.1,51678.39,35.53333333333333,40844.409999999996,6.962671173383669,1.356732185150121,0.258099811053956,7.0,1066.0,0.19381888359287444,0.03687140157913658,1.0830767055835804,35.48186927589155
2021-12-01,67.45161290322581,31,845.0,7516.54,414.6,204895.45,27.258064516129032,171893.16000000003,15.571763627964788,2.7967090813568753,0.5462132466627448,15.6,845.0,0.17927622316390227,0.03501366965786826,1.377035371575349,37.66123547600035
2022-01-01,55.29032258064516,31,1176.0,3742.29,321.1,146781.35,37.935483870967744,103105.21000000002,11.172021890832998,1.9733632029875563,0.322203845514897,11.2,1176.0,0.17619314312388898,0.02876820049240152,1.1755446599194141,45.20697788401129
2022-02-01,60.857142857142854,28,1146.0,3513.54,298.6,140993.42,40.92857142857143,89161.96,11.091929836794092,2.1169686163117722,0.3392240018124473,11.1,1146.0,0.19071789336142092,0.030560720884004258,1.0868046369098225,44.456609041827804
2022-03-01,78.61290322580645,31,1413.0,6648.85,424.09999999999997,276543.06,45.58064516129032,179860.80999999997,13.98976119378109,2.63033808852352,0.42551033902445523,14.0,1413.0,0.1878812920373943,0.030393595644603946,1.0490450543946275,45.475395637449914
2022-04-01,84.03333333333333,30,1376.0,7282.79,445.1,324055.71,45.86666666666667,198114.01,15.346191814182255,2.844642137227263,0.43202961707832005,15.3,1376.0,0.18592432269459233,0.028237229874400003,1.0658539519896169,48.77369800373568
2022-05-01,96.51612903225806,31,1401.0,8184.67,477.90000000000003,370333.68,45.193548387096776,228388.41000000003,16.258390026465616,2.9183601941303787,0.4357919024799391,16.3,1401.0,0.1790405027073852,0.02673569953864657,1.1223397931388448,52.189286240685774
2022-06-01,70.33333333333333,30,1403.0,5078.52,367.8,244781.55000000002,46.766666666666666,135276.84,13.208713025354609,2.375457850604805,0.3453408619168075,13.2,1403.0,0.17995892807612163,0.026162186508849057,1.1654334710309626,56.290294655521116
2022-07-01,91.41935483870968,31,1487.0,4571.86,362.8,221959.48,47.96774193548387,131623.84,12.21747235725414,2.1811461535587617,0.3173309617939379,12.2,1487.0,0.1787824716031772,0.0260107345732736,1.0898167820761233,53.349417502583826
2022-08-01,74.64516129032258,31,1470.0,4247.7,339.8,186426.95,47.41935483870968,115464.04000000001,11.261485444725697,2.1023994022587873,0.3232196404149656,11.3,1470.0,0.18605304444768028,0.028603508001324388,1.0651527464399566,49.615412436750475
2022-09-01,95.96666666666667,30,1264.0,8275.07,480.3,334946.82,42.13333333333333,230688.09,16.27850032358049,3.0322470582428176,0.4817508478170393,16.3,1264.0,0.1860274268860624,0.029555266737241674,1.0379155410955707,43.77091767744313
2022-10-01,95.45161290322581,31,1215.0,7842.3,468.2,312983.93,39.193548387096776,219211.24,16.04992032337953,2.8566697244645236,0.45687582111851394,16.0,1215.0,0.17854185777903273,0.02855473881990712,1.1268150372519254,45.25921319773972
2022-11-01,80.5,30,1047.0,7460.12,452.6,275317.59,34.9,204846.76,16.215996382644775,2.8790662066410047,0.48361246550295367,16.2,1047.0,0.1777201362124077,0.02985262132734282,1.1588214886275991,41.57967103511384
2022-12-01,112.80645161290323,31,860.0,8489.56,501.0,236939.91,27.741935483870968,251001.0,16.598539792879794,2.972219623465679,0.580424412356716,16.6,860.0,0.179049374907571,0.034965326045585304,1.0569546739733187,28.980363984855536
2023-01-01,144.3548387096774,31,968.0,28168.14,871.8,836772.97,31.225806451612904,760035.2399999999,29.401273550029025,5.413989279334914,1.026588659617969,29.4,968.0,0.1841492952154733,0.03491798161965881,1.0964857144145432,33.10722388992268
2023-02-01,111.28571428571429,28,1014.0,12320.460000000001,557.4,434845.26,36.214285714285715,310694.75999999995,20.708488097636216,3.9641988407469664,0.6790233822695716,20.7,1014.0,0.1915071903742496,0.032803061945389934,1.0845964280435683,39.34906533855666
2023-03-01,123.3225806451613,31,1081.0,10050.960000000001,537.6,347889.34,34.87096774193548,289013.76,17.939391743679884,3.234015361590146,0.5611153961676731,17.9,1081.0,0.18067124925084616,0.03134722883618286,1.067751865123235,37.13957233023212
2023-04-01,97.56666666666666,30,1132.0,9756.56,508.2,367570.14,37.733333333333334,258267.24,18.019672700698052,3.2925100185454594,0.5455422578627956,18.0,1132.0,0.18291722325252552,0.03030790321459976,1.1341300905055671,42.82777394538519
2023-05-01,137.41935483870967,31,1240.0,12515.91,599.9,477599.78,40.0,359880.00999999995,19.625521977853886,3.608855739740804,0.5961904689868915,19.6,1240.0,0.18412529284391854,0.03041788107075977,1.0267665829600703,40.44068964515625
2023-06-01,160.5,30,1248.0,12007.66,587.6,498752.52,41.6,345273.76,19.99103404798492,3.6526489626631853,0.5771951351569974,20.0,1248.0,0.18263244813315926,0.02885975675784987,1.0441876326455046,43.76582574516698
2023-07-01,159.96774193548387,31,1278.0,10183.23,555.3,424731.57,41.225806451612904,308358.08999999997,18.23021726684145,3.255225527703461,0.5106872867843238,18.2,1278.0,0.17885854547821217,0.028059741032105706,1.033415124266345,43.37236149762811
2023-08-01,114.7741935483871,31,1247.0,7206.25,460.3,280263.22000000003,40.225806451612904,211876.09,14.991663548194424,2.7383752977983296,0.44938617747100557,15.0,1247.0,0.1825583531865553,0.02995907849806704,1.0212484164740638,40.57680683150955
2023-09-01,134.23333333333332,30,1261.0,10547.789999999999,528.5,420065.08999999997,42.03333333333333,279312.25,18.251592002520955,3.423414474857911,0.5512898668441851,18.3,1261.0,0.18707182922720825,0.03012512933574782,1.082186275670526,45.357768229443046
2023-10-01,99.87096774193549,31,1104.0,8129.33,485.3,290894.75,35.61290322580645,235516.09,16.23242499988254,2.908477329223967,0.4971111793368585,16.2,1104.0,0.17953563760641775,0.030685875267707316,1.0733936751638486,38.331768409857695
2023-11-01,107.13333333333334,30,928.0,8529.17,482.7,263805.79,30.933333333333334,232999.28999999998,16.860411638019052,3.078450187278585,0.5675317908201926,16.9,928.0,0.1821568158153009,0.0335817627704256,1.1071399168851515,34.05843302879568
2023-12-01,113.54838709677419,31,785.0,9849.35,529.5,246980.48,25.322580645161292,280370.25,17.737666568255932,3.2014158548283453,0.6651124274915884,17.7,785.0,0.180870952250189,0.03757697330460952,1.0765243646609188,26.788614703455107
2024-01-01,125.96774193548387,31,890.0,12348.7,581.8,350034.91000000003,28.70967741935484,338491.23999999993,19.83173345134997,3.584667894323134,0.689671906585264,19.8,890.0,0.18104383304662292,0.03483191447400323,1.117308217443821,31.717269805363628
2024-02-01,122.96551724137932,29,806.0,14229.28,605.2,380986.34,27.79310344827586,366267.04000000004,21.741383735847627,4.113329164231509,0.8292787466159853,21.7,806.0,0.1895543393655073,0.038215610443132965,1.0845120989293875,29.27716207994758
2024-03-01,103.70967741935483,31,1071.0,8801.92,494.8,294941.02,34.54838709677419,244827.04,16.594831746951133,3.026404782990849,0.535298690549959,16.6,1071.0,0.18231354114402704,0.03224690906927464,1.0846779359756284,37.04122772723879
2024-04-01,136.96666666666667,30,1094.0,14785.64,616.0,532542.97,36.46666666666667,379456.0,22.063208391660105,4.053207234880656,0.680726269594264,22.1,1094.0,0.1834030423022921,0.030802093646799273,1.1648420233550105,42.91706952610399
2024-05-01,172.09677419354838,31,1215.0,16773.61,703.1,648526.26,39.193548387096776,494349.61000000004,23.103386529593504,4.177837816878669,0.6798937524148944,23.1,1215.0,0.18085877995145752,0.02943262997467075,1.0386317570397172,41.087384307067225
2024-06-01,164.1,30,1186.0,14353.48,640.6,540889.29,39.53333333333333,410368.36000000004,21.355603385359604,3.993533662198318,0.6604495697368763,21.4,1186.0,0.1866137225326317,0.03086212942695684,1.004534274065661,39.44161583666584
2024-07-01,196.80645161290323,31,1218.0,18618.71,740.7,740219.93,39.29032258064516,548636.4900000001,24.652260194077925,4.401625610213457,0.7113168872588913,24.7,1218.0,0.17820346600054482,0.028798254544894385,1.0710542201055968,42.56347741540059
2024-08-01,216.03225806451613,31,1279.0,18258.09,735.3,769709.19,41.25806451612903,540666.09,24.531723649331962,4.358790321834608,0.6777369557136879,24.5,1279.0,0.1779098090544738,0.027662732886272974,1.0692450345323963,45.35621451694079
2024-09-01,141.1,30,1047.0,11879.06,578.4,398738.97,34.9,334546.56,19.515109861181482,3.633036685137594,0.6373212983173567,19.5,1047.0,0.1863095735967997,0.03268314350345419,1.0237967567232522,35.43777753108422
2024-10-01,165.7741935483871,31,1013.0,17519.54,704.8,553414.82,32.67741935483871,496743.0399999999,23.37333425498936,4.269722555060273,0.7723133256552166,23.4,1013.0,0.18246677585727664,0.03300484297671866,1.0614788715494963,34.49277318401259
2024-11-01,154.1,30,793.0,13638.01,615.5,354921.71,26.433333333333334,378840.25,21.155811510214818,3.8927296906469686,0.7778086870751835,21.2,793.0,0.1836193250305174,0.036689089012980354,1.0702508013094334,28.179431790694675
2024-12-01,154.58064516129033,31,653.0,18000.1,707.4,377315.26,21.06451612903226,500414.75999999995,24.037848537831298,4.3278855266924525,0.9715564965650597,24.0,653.0,0.18032856361218552,0.04048152069021082,1.110115310343181,23.119277602485933
2025-01-01,137.0,31,772.0,17971.260000000002,711.0,412747.01,24.903225806451612,505521.0,23.122421715952736,4.324417038899781,0.947294262382793,23.1,772.0,0.18720420081817232,0.041008409626960736,1.0149281384090165,23.473189907575257
2025-02-01,155.71428571428572,28,791.0,15031.050000000001,629.5,441868.9,28.25,396270.25,23.635156162521998,4.378613667938886,0.8445906871875813,23.6,791.0,0.18553447745503754,0.03578774098252463,1.1059345156531648,30.873626284898602
2025-03-01,134.16129032258064,31,1136.0,13577.8,626.4,496996.16000000003,36.645161290322584,392376.95999999996,20.916419859008133,3.7588328163831988,0.6313385717388473,20.9,1136.0,0.17984846011402866,0.03020758716453815,1.0723271139249624,39.61118935918605
2025-04-01,141.4,30,1199.0,9824.539999999999,526.6,374970.47,39.96666666666667,277307.56,17.68434349938301,3.3039605862593997,0.5467928696425594,17.7,1199.0,0.186664439901661,0.030892252522178497,1.0173971416951997,39.77380396138212
2025-05-01,78.51612903225806,31,1225.0,3785.21,335.1,146378.83,39.516129032258064,112292.01000000001,10.931281830095664,1.984647107553192,0.32279694520812297,10.9,1225.0,0.18207771628928365,0.02961439864294706,1.017366653518489,40.39798060994715
2025-06-01,114.63333333333334,30,1231.0,6817.13,442.1,277162.47000000003,41.03333333333333,195452.41000000003,15.00507550199169,2.7521971021147613,0.44300432057389916,15.0,1231.0,0.18347980680765075,0.029533621371593276,1.0373609326950928,42.41512864410478
2025-07-01,125.90322580645162,31,1278.0,8766.99,508.7,357991.4,41.225806451612904,258775.69,16.73674001571625,3.020393741862026,0.4796011415111822,16.7,1278.0,0.18086190071030095,0.028718631228214504,1.0369491141708267,42.91524634995457
2025-08-01,133.70967741935485,31,1248.0,10282.33,539.1,418106.39,40.25806451612903,290628.81,18.303582868753683,3.2710265948767914,0.5191273829972305,18.3,1248.0,0.1787446226708629,0.02836761655722571,1.1112925691094822,45.589944378658615
2025-09-01,129.7,30,1046.0,7213.95,452.7,250311.75,34.86666666666667,204937.28999999998,15.46944654118663,2.8311658376011817,0.48732383973776805,15.5,1046.0,0.1826558604903988,0.031440247725017294,1.057088404434196,37.198181501611636
2025-10-01,114.83870967741936,31,929.0,9042.55,514.7,276026.56,29.967741935483872,264916.09,17.237234086901264,3.0674943083803576,0.5649229885865732,17.2,929.0,0.17834269234769523,0.03284435980154495,1.0757645749537055,32.685347652064074
2025-11-01,91.73333333333333,30,882.0,5762.79,397.9,165341.54,29.4,158324.40999999997,13.691678622143579,2.5304347452562377,0.48675910967161745,13.7,882.0,0.18470326607709764,0.035529862019826094,1.0694577705716548,30.869385380022006
2025-12-01,124.16129032258064,31,736.0,14005.12,626.4,332381.35,23.741935483870968,392376.95999999996,21.251002214217934,3.817523536552616,0.8084558445279619,21.3,736.0,0.1792264571151463,0.03795567345201699,1.1152811213434912,26.164362380204295
2026-01-01,115.0,31,802.0,14231.619999999999,633.0,366260.34,25.870967741935484,400689.0,21.370159468537505,3.8482694733667238,0.7700590703955984,21.4,802.0,0.17982567632554786,0.035984068710074694,1.1019790591138405,28.789265666713057
2026-02-01,77.42857142857143,28,870.0,5895.82,382.6,171793.57,31.071428571428573,146382.76,14.052183942833171,2.7422943991170188,0.51838660006816,14.1,870.0,0.1944889644763843,0.03676500709703262,1.0675100475531747,32.35161014666502
2026-03-01,86.64516129032258,31,1308.0,5114.59,385.5,214540.18,42.193548387096776,148610.25,12.807089612496183,2.3069794117511098,0.3588199554817542,12.8,1308.0,0.18023276654305545,0.028032809022012047,1.0616045809329706,45.576391964041996
2026-04-01,79.3,30,1159.0,3971.88,324.0,149803.91,38.63333333333333,104976.0,11.368936911090326,2.100761766598012,0.3469830668182994,11.4,1159.0,0.18427734794719403,0.030437111124412226,1.1186882277673427,43.12652423214184
2026-05-01,101.45161290322581,31,1130.0,6556.360000000001,431.6,248292.26,36.45161290322581,186278.56000000003,14.823213677094929,2.611979127707495,0.4345685643875116,14.8,1130.0,0.17648507619645237,0.029362740836994028,1.1347573087798837,41.992304561808716
2026-06-01,94.36666666666666,30,1150.0,7392.46,447.0,279407.19,38.333333333333336,199809.0,15.587263195091161,2.8659805380435586,0.47448008786372514,15.6,1150.0,0.18371670115663838,0.03041539024767469,1.099861477604784,42.26314483605738
2026-07-01,78.09677419354838,31,1371.0,3976.51,335.5,171785.58,44.225806451612904,112560.25,11.193724797219476,2.0341798389192527,0.3134006684493951,11.2,1371.0,0.18162319990350473,0.027982202540124568,1.0735615664002731,47.601174897948766
